{"id":"AD","name":"Andorra","month":"2016-12","access_date":"2017-01-17","data":{"chrome":{"4":null,"5":null,"6":null,"7":null,"8":null,"9":null,"10":null,"11":0.016725,"12":null,"13":null,"14":null,"15":null,"16":null,"17":null,"18":null,"19":null,"20":null,"21":null,"22":0.039025,"23":null,"24":null,"25":null,"26":null,"27":null,"28":null,"29":null,"30":null,"31":0.050175,"32":0.01115,"33":null,"34":0.027875,"35":0.03345,"36":0.05575,"37":null,"38":0.01115,"39":0.01115,"40":0.016725,"41":0.0223,"42":null,"43":0.072475,"44":0.005575,"45":null,"46":0.0446,"47":0.03345,"48":0.03345,"49":2.157525,"50":0.14495,"51":0.63555,"52":0.12265,"53":0.16725,"54":13.419025,"55":12.872675,"56":0.0223,"57":0.01115,"58":null},"firefox":{"2":null,"3":null,"3.5":null,"3.6":null,"4":null,"5":null,"6":null,"7":null,"8":null,"9":null,"10":null,"11":null,"12":null,"13":null,"14":null,"15":0.005575,"16":null,"17":null,"18":null,"19":null,"20":null,"21":null,"22":null,"23":null,"24":null,"25":null,"26":null,"27":null,"28":null,"29":null,"30":0.005575,"31":null,"32":null,"33":null,"34":null,"35":null,"36":null,"37":0.10035,"38":0.016725,"39":0.01115,"40":null,"41":0.016725,"42":null,"43":0.061325,"44":0.01115,"45":0.050175,"46":0.083625,"47":0.27875,"48":0.429275,"49":0.239725,"50":7.805,"51":0.083625,"52":null,"53":null},"opera":{"9":null,"9.5-9.6":null,"10.0-10.1":0,"10.5":null,"10.6":null,"11":null,"11.1":null,"11.5":null,"11.6":null,"12":null,"12.1":0.005575,"15":null,"16":null,"17":null,"18":null,"19":null,"20":null,"21":null,"22":null,"23":null,"24":null,"25":null,"26":null,"27":null,"28":null,"29":null,"30":null,"31":0.005575,"32":null,"33":null,"34":null,"35":null,"36":0.0223,"37":null,"38":0.161675,"39":null,"40":0.01115,"41":0.083625,"42":0.039025,"43":null,"44":null},"safari":{"3.1":null,"3.2":null,"4":0.01115,"5":0.061325,"5.1":0.2453,"6":null,"6.1":0.094775,"7":0.0892,"7.1":null,"8":0.2676,"9":0.56865,"9.1":2.536625,"10":5.513675,"0":null},"ios_saf":{"3.2":0,"4.0-4.1":0,"4.2-4.3":0,"5.0-5.1":0,"6.0-6.1":0,"7.0-7.1":0.287481066832,"8":0,"8.1-8.4":0.436417041215,"9.0-9.2":0.292676507799,"9.3":1.85477242516,"10.0-10.2":13.894340959},"android":{"2.1":0,"2.2":0,"2.3":0,"3":0,"4":0.0336118065878,"4.1":0.110438793074,"4.2-4.3":0.31622536402,"4.4":0.729170416385,"4.4.3-4.4.4":0.434895619932,"53":null},"op_mob":{"10":0,"11":0,"11.1":0,"11.5":0,"12":0,"12.1":0,"0":0.00250965793529},"ie":{"5.5":null,"6":null,"7":0.0223,"8":0.172825,"9":0.21185,"10":0.139375,"11":3.1666},"edge":{"12":0.039025,"13":0.239725,"14":1.68365,"15":null},"bb":{"7":0.002213,"10":null},"ie_mob":{"10":0.0637344,"11":0.2549376},"and_ff":{"0":0.02213},"samsung":{"0":2.549376},"and_uc":{"0":0.013278},"op_mini":{"0":0.0328983420647},"and_chr":{"0":23.064818}},"total":99.02535}