{"id":"AE","name":"United Arab Emirates","month":"2016-12","access_date":"2017-01-17","data":{"chrome":{"4":null,"5":null,"6":null,"7":0.003905,"8":null,"9":null,"10":0.003905,"11":0.00781,"12":null,"13":null,"14":null,"15":null,"16":null,"17":null,"18":0.019525,"19":0.00781,"20":0.00781,"21":0.00781,"22":0.04686,"23":0.00781,"24":0.00781,"25":0.011715,"26":0.01562,"27":0.01562,"28":0.01562,"29":0.027335,"30":0.01562,"31":0.06248,"32":0.027335,"33":0.035145,"34":0.05467,"35":0.03124,"36":0.07029,"37":0.01562,"38":0.03905,"39":0.035145,"40":0.019525,"41":0.07029,"42":0.035145,"43":0.292875,"44":0.050765,"45":0.03905,"46":0.027335,"47":0.042955,"48":0.03124,"49":0.980155,"50":0.07029,"51":0.28897,"52":0.308495,"53":0.199155,"54":11.44165,"55":11.750145,"56":0.14058,"57":0.07029,"58":null},"firefox":{"2":null,"3":0.011715,"3.5":null,"3.6":0.00781,"4":null,"5":null,"6":null,"7":null,"8":null,"9":null,"10":null,"11":null,"12":null,"13":null,"14":null,"15":null,"16":null,"17":null,"18":null,"19":null,"20":null,"21":0.035145,"22":0.011715,"23":0.00781,"24":0.003905,"25":0.00781,"26":null,"27":0.00781,"28":0.003905,"29":0.00781,"30":0.003905,"31":0.00781,"32":0.00781,"33":0.00781,"34":0.00781,"35":0.003905,"36":0.011715,"37":0.035145,"38":0.027335,"39":0.011715,"40":0.011715,"41":0.011715,"42":0.00781,"43":0.050765,"44":0.03905,"45":0.03905,"46":0.035145,"47":0.183535,"48":0.136675,"49":0.105435,"50":2.32738,"51":0.14058,"52":null,"53":null},"opera":{"9":null,"9.5-9.6":null,"10.0-10.1":0,"10.5":null,"10.6":null,"11":null,"11.1":null,"11.5":null,"11.6":0.003905,"12":0.00781,"12.1":0.011715,"15":null,"16":null,"17":null,"18":null,"19":null,"20":null,"21":null,"22":null,"23":null,"24":null,"25":null,"26":null,"27":null,"28":0.05467,"29":null,"30":null,"31":null,"32":null,"33":null,"34":null,"35":null,"36":0.01562,"37":0.019525,"38":0.042955,"39":0.011715,"40":0.00781,"41":0.27335,"42":0.128865,"43":null,"44":null},"safari":{"3.1":null,"3.2":null,"4":0,"5":0.011715,"5.1":0.03905,"6":0.00781,"6.1":0.027335,"7":0.027335,"7.1":0.011715,"8":0.152295,"9":0.16401,"9.1":0.6248,"10":1.55419,"0":null},"ios_saf":{"3.2":0,"4.0-4.1":0,"4.2-4.3":0,"5.0-5.1":0,"6.0-6.1":0,"7.0-7.1":0.170666295837,"8":0,"8.1-8.4":0.259083774403,"9.0-9.2":0.173750626485,"9.3":1.10110604121,"10.0-10.2":8.24852826206},"android":{"2.1":0,"2.2":0,"2.3":0,"3":0,"4":0.0450252681588,"4.1":0.147940166807,"4.2-4.3":0.423605073902,"4.4":0.976772654139,"4.4.3-4.4.4":0.582571836993,"53":null},"op_mob":{"10":0,"11":0,"11.1":0,"11.5":0,"12":0,"12.1":0,"0":0.297650123267},"ie":{"5.5":null,"6":null,"7":0.00394558314088,"8":0.256462904157,"9":0.264354070439,"10":0.303809901848,"11":2.58830254042},"edge":{"12":0.04686,"13":0.183535,"14":1.050445,"15":null},"bb":{"7":0.0700925,"10":null},"ie_mob":{"10":0.065826,"11":0.263304},"and_ff":{"0":0.03657},"samsung":{"0":3.419295},"and_uc":{"0":18.34595},"op_mini":{"0":3.90180487673},"and_chr":{"0":22.47651}},"total":98.6736825}