{"id":"AG","name":"Antigua and Barbuda","month":"2016-12","access_date":"2017-01-17","data":{"chrome":{"4":null,"5":null,"6":null,"7":null,"8":null,"9":null,"10":null,"11":0.010276,"12":null,"13":null,"14":null,"15":null,"16":null,"17":null,"18":null,"19":null,"20":null,"21":0.030828,"22":0.020552,"23":null,"24":null,"25":null,"26":0.005138,"27":0.020552,"28":0.010276,"29":0.015414,"30":0.041104,"31":0.02569,"32":0.035966,"33":0.020552,"34":0.02569,"35":0.010276,"36":0.030828,"37":0.200382,"38":0.02569,"39":0.030828,"40":0.041104,"41":0.082208,"42":0.061656,"43":0.277452,"44":0.035966,"45":0.097622,"46":0.23121,"47":0.020552,"48":0.020552,"49":1.073842,"50":0.41104,"51":2.41486,"52":0.190106,"53":0.143864,"54":12.367166,"55":11.447464,"56":0.113036,"57":0.143864,"58":null},"firefox":{"2":null,"3":null,"3.5":null,"3.6":0.02569,"4":null,"5":null,"6":0.010276,"7":null,"8":null,"9":null,"10":null,"11":0.010276,"12":0.020552,"13":null,"14":null,"15":null,"16":null,"17":null,"18":null,"19":null,"20":null,"21":0.082208,"22":0.010276,"23":0.005138,"24":0.005138,"25":0.015414,"26":0.020552,"27":0.005138,"28":0.030828,"29":0.02569,"30":null,"31":0.035966,"32":null,"33":0.015414,"34":null,"35":null,"36":0.015414,"37":0.056518,"38":0.05138,"39":0.015414,"40":0.030828,"41":0.071932,"42":null,"43":0.262038,"44":0.005138,"45":0.17983,"46":0.20552,"47":1.00191,"48":0.364798,"49":0.123312,"50":3.992226,"51":0.046242,"52":null,"53":null},"opera":{"9":null,"9.5-9.6":null,"10.0-10.1":0,"10.5":null,"10.6":null,"11":null,"11.1":null,"11.5":null,"11.6":0.010276,"12":0.020552,"12.1":0.035966,"15":null,"16":null,"17":null,"18":null,"19":null,"20":null,"21":null,"22":null,"23":null,"24":null,"25":null,"26":null,"27":null,"28":0.087346,"29":0.05138,"30":null,"31":null,"32":null,"33":0.035966,"34":null,"35":null,"36":0.015414,"37":0.07707,"38":0.508662,"39":null,"40":null,"41":0.272314,"42":0.05138,"43":null,"44":null},"safari":{"3.1":null,"3.2":null,"4":0,"5":0.015414,"5.1":0.061656,"6":null,"6.1":0.030828,"7":0.015414,"7.1":null,"8":0.123312,"9":0.215796,"9.1":0.477834,"10":1.484882,"0":null},"ios_saf":{"3.2":0,"4.0-4.1":0,"4.2-4.3":0,"5.0-5.1":0,"6.0-6.1":0,"7.0-7.1":0.13980924326,"8":0,"8.1-8.4":0.212240537961,"9.0-9.2":0.142335916331,"9.3":0.902022286334,"10.0-10.2":6.75716601611},"android":{"2.1":0,"2.2":0,"2.3":0,"3":0,"4":0.108756451858,"4.1":0.357342627534,"4.2-4.3":1.02319845524,"4.4":2.35934914949,"4.4.3-4.4.4":1.40717531588,"53":null},"op_mob":{"10":0,"11":0,"11.1":0,"11.5":0,"12":0,"12.1":0,"0":0.0868417627119},"ie":{"5.5":null,"6":null,"7":0.00517067408585,"8":0.180973593005,"9":0.12409617806,"10":0.134437526232,"11":2.80767602862},"edge":{"12":0.164416,"13":0.7707,"14":2.163098,"15":null},"bb":{"7":0.116688,"10":null},"ie_mob":{"10":0.1448876,"11":0.5795504},"and_ff":{"0":0.038896},"samsung":{"0":6.602596},"and_uc":{"0":1.059916},"op_mini":{"0":1.13838223729},"and_chr":{"0":28.462524}},"total":98.05637}