{"id":"AI","name":"Anguilla","month":"2016-12","access_date":"2017-01-17","data":{"chrome":{"4":null,"5":null,"6":null,"7":null,"8":null,"9":null,"10":null,"11":0.00652,"12":null,"13":null,"14":null,"15":null,"16":null,"17":null,"18":null,"19":null,"20":null,"21":null,"22":0.01956,"23":null,"24":null,"25":0.01304,"26":null,"27":null,"28":null,"29":0.00652,"30":null,"31":0.01304,"32":0.00652,"33":0.0326,"34":null,"35":0.02608,"36":1.0432,"37":0.28688,"38":0.0326,"39":0.0326,"40":null,"41":0.01956,"42":null,"43":0.04564,"44":0.02608,"45":null,"46":0.01956,"47":0.01304,"48":0.05216,"49":0.86716,"50":0.05868,"51":0.03912,"52":0.10432,"53":0.12388,"54":26.88848,"55":15.28288,"56":0.34556,"57":0.00652,"58":null},"firefox":{"2":null,"3":null,"3.5":null,"3.6":null,"4":null,"5":null,"6":null,"7":null,"8":null,"9":null,"10":null,"11":null,"12":null,"13":null,"14":null,"15":null,"16":null,"17":null,"18":null,"19":null,"20":null,"21":null,"22":null,"23":null,"24":null,"25":null,"26":null,"27":null,"28":null,"29":null,"30":null,"31":null,"32":null,"33":null,"34":null,"35":null,"36":null,"37":null,"38":0.37164,"39":null,"40":null,"41":null,"42":null,"43":null,"44":null,"45":null,"46":0.00652,"47":0.05216,"48":0.1304,"49":0.2282,"50":3.18176,"51":0.03912,"52":null,"53":null},"opera":{"9":null,"9.5-9.6":null,"10.0-10.1":0,"10.5":null,"10.6":null,"11":null,"11.1":null,"11.5":null,"11.6":null,"12":null,"12.1":null,"15":null,"16":null,"17":null,"18":null,"19":null,"20":null,"21":null,"22":null,"23":null,"24":null,"25":null,"26":null,"27":null,"28":null,"29":0.01304,"30":null,"31":null,"32":null,"33":0.01956,"34":null,"35":null,"36":null,"37":null,"38":null,"39":null,"40":null,"41":0.326,"42":0.13692,"43":null,"44":null},"safari":{"3.1":null,"3.2":null,"4":0,"5":0.01304,"5.1":0.00652,"6":null,"6.1":0.11736,"7":0.02608,"7.1":null,"8":0.1304,"9":0.15648,"9.1":0.5542,"10":1.45396,"0":null},"ios_saf":{"3.2":0,"4.0-4.1":0,"4.2-4.3":0,"5.0-5.1":0,"6.0-6.1":0,"7.0-7.1":0.162353178391,"8":0,"8.1-8.4":0.246463861171,"9.0-9.2":0.165287271976,"9.3":1.04747140998,"10.0-10.2":7.84674427848},"android":{"2.1":0,"2.2":0,"2.3":0,"3":0,"4":0.0567602922297,"4.1":0.186498103041,"4.2-4.3":0.534010096284,"4.4":1.23135082939,"4.4.3-4.4.4":0.734408679054,"53":null},"op_mob":{"10":0,"11":0,"11.1":0,"11.5":0,"12":0,"12.1":0,"0":0.0320745454545},"ie":{"5.5":null,"6":null,"7":null,"8":0.137404958678,"9":0.196292798111,"10":0.163577331759,"11":5.04472491145},"edge":{"12":0.10432,"13":0.6194,"14":3.96416,"15":null},"bb":{"7":0.07919275,"10":null},"ie_mob":{"10":0.066139,"11":0.264556},"and_ff":{"0":null},"samsung":{"0":4.661059},"and_uc":{"0":0.240189},"op_mini":{"0":0.420455454545},"and_chr":{"0":18.550646}},"total":99.13069975}