{"id":"AL","name":"Albania","month":"2016-12","access_date":"2017-01-17","data":{"chrome":{"4":null,"5":0.004813,"6":null,"7":null,"8":null,"9":null,"10":0.009626,"11":0.028878,"12":0.009626,"13":null,"14":0.004813,"15":0.004813,"16":null,"17":null,"18":0.028878,"19":null,"20":null,"21":null,"22":0.062569,"23":0.004813,"24":null,"25":0.004813,"26":0.014439,"27":0.028878,"28":0.009626,"29":0.043317,"30":0.024065,"31":0.019252,"32":0.019252,"33":0.028878,"34":0.038504,"35":0.033691,"36":0.09626,"37":0.019252,"38":0.028878,"39":0.182894,"40":0.043317,"41":0.04813,"42":0.014439,"43":0.250276,"44":0.077008,"45":0.033691,"46":0.067382,"47":0.110699,"48":0.110699,"49":4.370204,"50":0.206959,"51":1.15512,"52":0.375414,"53":0.356162,"54":13.760367,"55":14.410122,"56":0.115512,"57":0.024065,"58":null},"firefox":{"2":null,"3":0.014439,"3.5":null,"3.6":0.019252,"4":0.004813,"5":null,"6":null,"7":null,"8":null,"9":null,"10":0.014439,"11":0.004813,"12":null,"13":null,"14":0.009626,"15":null,"16":null,"17":null,"18":null,"19":null,"20":null,"21":null,"22":0.004813,"23":null,"24":0.024065,"25":null,"26":null,"27":0.004813,"28":0.009626,"29":0.009626,"30":0.009626,"31":0.014439,"32":0.009626,"33":0.014439,"34":0.009626,"35":0.009626,"36":0.086634,"37":0.014439,"38":0.062569,"39":0.019252,"40":0.033691,"41":0.033691,"42":0.019252,"43":0.221398,"44":0.04813,"45":0.091447,"46":0.115512,"47":0.591999,"48":0.274341,"49":0.158829,"50":3.268027,"51":0.077008,"52":null,"53":null},"opera":{"9":null,"9.5-9.6":null,"10.0-10.1":0,"10.5":null,"10.6":null,"11":null,"11.1":null,"11.5":null,"11.6":null,"12":null,"12.1":0.014439,"15":null,"16":null,"17":null,"18":null,"19":null,"20":null,"21":null,"22":null,"23":null,"24":null,"25":null,"26":null,"27":null,"28":0.014439,"29":null,"30":null,"31":null,"32":null,"33":null,"34":null,"35":0.004813,"36":0.04813,"37":0.014439,"38":0.173268,"39":0.004813,"40":0.014439,"41":0.322471,"42":0.216585,"43":null,"44":null},"safari":{"3.1":null,"3.2":null,"4":0.014439,"5":0.009626,"5.1":0.019252,"6":null,"6.1":0.009626,"7":0.014439,"7.1":null,"8":0.028878,"9":0.04813,"9.1":0.129951,"10":0.279154,"0":null},"ios_saf":{"3.2":0,"4.0-4.1":0,"4.2-4.3":0,"5.0-5.1":0,"6.0-6.1":0,"7.0-7.1":0.251307984712,"8":0,"8.1-8.4":0.381503687636,"9.0-9.2":0.255849695279,"9.3":1.62139067245,"10.0-10.2":12.1460479599},"android":{"2.1":0,"2.2":0,"2.3":0,"3":0,"4":0.115082459459,"4.1":0.378128081081,"4.2-4.3":1.08271456757,"4.4":2.49658478378,"4.4.3-4.4.4":1.48902610811,"53":null},"op_mob":{"10":0,"11":0,"11.1":0,"11.5":0,"12":0,"12.1":0,"0":0.10921179661},"ie":{"5.5":null,"6":0.0358054979079,"7":0.0460356401674,"8":0.910482661088,"9":0.143221991632,"10":0.132991849372,"11":1.16112114644},"edge":{"12":0.033691,"13":0.115512,"14":0.380227,"15":null},"bb":{"7":0.047989,"10":null},"ie_mob":{"10":0.2002568,"11":0.8010272},"and_ff":{"0":0.02594},"samsung":{"0":3.470772},"and_uc":{"0":0.238648},"op_mini":{"0":1.43162420339},"and_chr":{"0":25.753365}},"total":98.2212097866}