{"id":"ww","name":"Worldwide","month":"2016-12","access_date":"2017-01-17","data":{"chrome":{"4":null,"5":null,"6":null,"7":null,"8":null,"9":null,"10":0.004486,"11":0.02243,"12":0.004486,"13":null,"14":null,"15":null,"16":0.004486,"17":0.004486,"18":0.013458,"19":0.013458,"20":0.008972,"21":0.013458,"22":0.040374,"23":0.008972,"24":0.035888,"25":0.013458,"26":0.02243,"27":0.017944,"28":0.013458,"29":0.02243,"30":0.02243,"31":0.085234,"32":0.031402,"33":0.035888,"34":0.035888,"35":0.053832,"36":0.107664,"37":0.026916,"38":0.040374,"39":0.04486,"40":0.031402,"41":0.053832,"42":0.058318,"43":0.242244,"44":0.06729,"45":0.309534,"46":0.06729,"47":0.148038,"48":0.121122,"49":1.475894,"50":0.192898,"51":0.520376,"52":0.264674,"53":0.367852,"54":11.300234,"55":11.062476,"56":0.085234,"57":0.040374,"58":null},"firefox":{"2":0.013458,"3":0.031402,"3.5":0.004486,"3.6":0.02243,"4":0.008972,"5":null,"6":null,"7":null,"8":0.013458,"9":null,"10":0.004486,"11":0.008972,"12":0.013458,"13":0.004486,"14":0.004486,"15":0.017944,"16":0.013458,"17":0.004486,"18":0.013458,"19":0.004486,"20":0.008972,"21":0.017944,"22":0.004486,"23":0.017944,"24":0.008972,"25":0.026916,"26":0.008972,"27":0.008972,"28":0.008972,"29":0.013458,"30":0.013458,"31":0.026916,"32":0.008972,"33":0.013458,"34":0.017944,"35":0.02243,"36":0.02243,"37":0.02243,"38":0.06729,"39":0.026916,"40":0.026916,"41":0.031402,"42":0.031402,"43":0.121122,"44":0.071776,"45":0.148038,"46":0.103178,"47":0.318506,"48":0.233272,"49":0.287104,"50":4.571234,"51":0.13458,"52":0.004486,"53":null},"opera":{"9":null,"9.5-9.6":null,"10.0-10.1":0.008972,"10.5":null,"10.6":null,"11":null,"11.1":null,"11.5":null,"11.6":0.004486,"12":0.008972,"12.1":0.107664,"15":null,"16":null,"17":null,"18":null,"19":null,"20":null,"21":null,"22":null,"23":null,"24":null,"25":null,"26":null,"27":null,"28":0.008972,"29":null,"30":null,"31":null,"32":null,"33":null,"34":null,"35":null,"36":0.035888,"37":0.017944,"38":0.053832,"39":0.004486,"40":0.008972,"41":0.300562,"42":0.161496,"43":null,"44":null},"safari":{"3.1":null,"3.2":null,"4":0.008972,"5":0.035888,"5.1":0.062804,"6":0.008972,"6.1":0.040374,"7":0.026916,"7.1":0.008972,"8":0.107664,"9":0.116636,"9.1":0.49346,"10":1.305426,"0":null},"ios_saf":{"3.2":0,"4.0-4.1":0,"4.2-4.3":0,"5.0-5.1":0,"6.0-6.1":0,"7.0-7.1":0.164987127363,"8":0,"8.1-8.4":0.250462386117,"9.0-9.2":0.167968822436,"9.3":1.064465141,"10.0-10.2":7.97404652309},"android":{"2.1":0,"2.2":0,"2.3":0,"3":0,"4":0.0555661241554,"4.1":0.182574407939,"4.2-4.3":0.522775168074,"4.4":1.20544469341,"4.4.3-4.4.4":0.718957606419,"53":null},"op_mob":{"10":0,"11":0,"11.1":0,"11.5":0,"12":0,"12.1":0,"0":0.332590206471},"ie":{"5.5":null,"6":0.0277639634146,"7":0.0231366361789,"8":0.421086778455,"9":0.259130325203,"10":0.235993689024,"11":3.58155128049},"edge":{"12":0.053832,"13":0.192898,"14":1.27851,"15":null},"bb":{"7":0.0482475,"10":null},"ie_mob":{"10":0.1025604,"11":0.4102416},"and_ff":{"0":0.033084},"samsung":{"0":3.468306},"and_uc":{"0":9.246978},"op_mini":{"0":4.35982379353},"and_chr":{"0":24.802538}},"total":97.9168881728}