{"id":"af","name":"Africa","month":"2016-12","access_date":"2017-01-17","data":{"chrome":{"4":0.009543,"5":0.009543,"6":0.006362,"7":null,"8":null,"9":0.009543,"10":0.006362,"11":0.038172,"12":0.012724,"13":0.003181,"14":0.003181,"15":0.006362,"16":0.015905,"17":0.019086,"18":0.019086,"19":0.22267,"20":0.022267,"21":0.015905,"22":0.015905,"23":0.022267,"24":0.639381,"25":0.028629,"26":0.050896,"27":0.025448,"28":0.034991,"29":0.047715,"30":0.238575,"31":0.082706,"32":0.089068,"33":0.152688,"34":0.073163,"35":0.464426,"36":0.111335,"37":0.06362,"38":0.050896,"39":0.066801,"40":0.082706,"41":0.079525,"42":0.082706,"43":0.849327,"44":0.178136,"45":0.108154,"46":0.060439,"47":0.076344,"48":0.066801,"49":1.071997,"50":0.076344,"51":0.314919,"52":0.229032,"53":0.194041,"54":5.461777,"55":5.754429,"56":0.054077,"57":0.025448,"58":null},"firefox":{"2":0.213127,"3":0.034991,"3.5":0.006362,"3.6":0.034991,"4":0.015905,"5":0.009543,"6":0.003181,"7":0.009543,"8":0.009543,"9":0.009543,"10":0.012724,"11":0.019086,"12":0.022267,"13":0.019086,"14":0.012724,"15":0.229032,"16":0.019086,"17":0.012724,"18":0.219489,"19":0.022267,"20":0.022267,"21":0.229032,"22":0.015905,"23":0.22267,"24":0.019086,"25":0.442159,"26":0.03181,"27":0.03181,"28":0.034991,"29":0.047715,"30":0.050896,"31":0.047715,"32":0.034991,"33":0.019086,"34":0.028629,"35":0.038172,"36":0.038172,"37":0.041353,"38":0.060439,"39":0.047715,"40":0.057258,"41":0.041353,"42":0.028629,"43":0.213127,"44":0.114516,"45":0.079525,"46":0.073163,"47":0.365815,"48":0.206765,"49":0.248118,"50":3.158733,"51":0.200403,"52":0.009543,"53":null},"opera":{"9":null,"9.5-9.6":null,"10.0-10.1":0.213127,"10.5":null,"10.6":null,"11":0.006362,"11.1":null,"11.5":null,"11.6":0.012724,"12":0.006362,"12.1":0.066801,"15":0.006362,"16":null,"17":0.006362,"18":0.006362,"19":0.009543,"20":0.012724,"21":0.012724,"22":0.009543,"23":0.009543,"24":null,"25":null,"26":null,"27":null,"28":0.009543,"29":0.009543,"30":0.012724,"31":0.006362,"32":0.003181,"33":0.006362,"34":0.006362,"35":0.009543,"36":0.041353,"37":0.06362,"38":0.03181,"39":0.009543,"40":0.012724,"41":0.295833,"42":0.155869,"43":0.003181,"44":null},"safari":{"3.1":null,"3.2":null,"4":0.006362,"5":0.209946,"5.1":0.019086,"6":0.009543,"6.1":0.009543,"7":0.012724,"7.1":0.015905,"8":0.050896,"9":0.041353,"9.1":0.101792,"10":0.241756,"0":null},"ios_saf":{"3.2":0,"4.0-4.1":0,"4.2-4.3":0,"5.0-5.1":0,"6.0-6.1":0,"7.0-7.1":0.0369484003719,"8":0,"8.1-8.4":0.0560903427332,"9.0-9.2":0.0376161425473,"9.3":0.238383956616,"10.0-10.2":1.78576515773},"android":{"2.1":0,"2.2":0,"2.3":0,"3":0,"4":0.077747542652,"4.1":0.255456211571,"4.2-4.3":0.731461574747,"4.4":1.68664567019,"4.4.3-4.4.4":1.00595800084,"53":null},"op_mob":{"10":0,"11":0,"11.1":0,"11.5":0,"12":0,"12.1":0,"0":2.67855363328},"ie":{"5.5":null,"6":0.00977219868996,"7":0.0162869978166,"8":0.719885303493,"9":0.550500526201,"10":0.586331921397,"11":1.1010010524},"edge":{"12":0.057258,"13":0.098611,"14":0.25448,"15":null},"bb":{"7":0.2216175,"10":null},"ie_mob":{"10":0.1732026,"11":0.6928104},"and_ff":{"0":0.054552},"samsung":{"0":2.823066},"and_uc":{"0":4.200504},"op_mini":{"0":35.1123443667},"and_chr":{"0":15.906118}},"total":97.6253455}