{"id":"an","name":"Antarctica","month":"2016-12","access_date":"2017-01-17","data":{"chrome":{"4":null,"5":null,"6":null,"7":null,"8":null,"9":null,"10":null,"11":null,"12":null,"13":null,"14":null,"15":null,"16":null,"17":null,"18":null,"19":null,"20":null,"21":null,"22":null,"23":null,"24":null,"25":null,"26":null,"27":null,"28":null,"29":null,"30":null,"31":null,"32":null,"33":null,"34":null,"35":null,"36":null,"37":null,"38":null,"39":null,"40":null,"41":null,"42":null,"43":null,"44":0.0857,"45":null,"46":null,"47":0.16283,"48":null,"49":0.22282,"50":null,"51":0.27424,"52":null,"53":0.02571,"54":32.4803,"55":11.03816,"56":null,"57":0.02571,"58":null},"firefox":{"2":null,"3":null,"3.5":null,"3.6":null,"4":null,"5":null,"6":null,"7":null,"8":null,"9":null,"10":null,"11":null,"12":null,"13":null,"14":null,"15":null,"16":null,"17":null,"18":null,"19":null,"20":null,"21":null,"22":null,"23":null,"24":null,"25":null,"26":null,"27":null,"28":null,"29":null,"30":null,"31":null,"32":null,"33":null,"34":null,"35":null,"36":null,"37":null,"38":null,"39":null,"40":null,"41":null,"42":null,"43":null,"44":null,"45":1.87683,"46":null,"47":null,"48":0.11141,"49":0.05142,"50":12.47792,"51":null,"52":null,"53":null},"opera":{"9":null,"9.5-9.6":null,"10.0-10.1":0,"10.5":null,"10.6":null,"11":null,"11.1":null,"11.5":null,"11.6":null,"12":null,"12.1":null,"15":null,"16":null,"17":null,"18":null,"19":null,"20":null,"21":null,"22":null,"23":null,"24":null,"25":null,"26":null,"27":null,"28":null,"29":null,"30":null,"31":null,"32":null,"33":null,"34":null,"35":null,"36":null,"37":null,"38":null,"39":null,"40":null,"41":0.0857,"42":0.35994,"43":null,"44":null},"safari":{"3.1":null,"3.2":null,"4":0,"5":null,"5.1":0.30852,"6":null,"6.1":0.02571,"7":null,"7.1":null,"8":7.57588,"9":0.69417,"9.1":2.59671,"10":8.33004,"0":null},"ios_saf":{"3.2":0,"4.0-4.1":0,"4.2-4.3":0,"5.0-5.1":0,"6.0-6.1":0,"7.0-7.1":0.0995274682368,"8":0,"8.1-8.4":0.15108989154,"9.0-9.2":0.101326157422,"9.3":0.642132039046,"10.0-10.2":4.81029444376},"android":{"2.1":0,"2.2":0,"2.3":0,"3":0,"4":0.00372838682432,"4.1":0.0122504138514,"4.2-4.3":0.0350772719595,"4.4":0.0808831672297,"4.4.3-4.4.4":0.0482407601351,"53":null},"op_mob":{"10":0,"11":0,"11.1":0,"11.5":0,"12":0,"12.1":0,"0":0.0106423728814},"ie":{"5.5":null,"6":null,"7":null,"8":null,"9":null,"10":0.30852,"11":4.12217},"edge":{"12":0.05142,"13":0.05142,"14":1.7997,"15":null},"bb":{"7":0,"10":null},"ie_mob":{"10":0.018018,"11":0.072072},"and_ff":{"0":null},"samsung":{"0":1.43572},"and_uc":{"0":null},"op_mini":{"0":0.139507627119},"and_chr":{"0":6.12895}},"total":98.93241}