{"id":"eu","name":"Europe","month":"2016-12","access_date":"2017-01-17","data":{"chrome":{"4":null,"5":null,"6":null,"7":null,"8":null,"9":null,"10":null,"11":0.024756,"12":null,"13":null,"14":null,"15":null,"16":0.012378,"17":null,"18":0.012378,"19":null,"20":null,"21":0.012378,"22":0.037134,"23":0.006189,"24":0.006189,"25":0.012378,"26":0.018567,"27":0.012378,"28":0.006189,"29":0.018567,"30":0.006189,"31":0.043323,"32":0.030945,"33":0.018567,"34":0.049512,"35":0.049512,"36":0.12378,"37":0.043323,"38":0.049512,"39":0.06189,"40":0.037134,"41":0.06189,"42":0.055701,"43":0.160914,"44":0.049512,"45":0.055701,"46":0.055701,"47":0.086646,"48":0.12378,"49":1.992858,"50":0.259938,"51":0.711735,"52":0.228993,"53":0.334206,"54":14.216133,"55":13.312539,"56":0.080457,"57":0.030945,"58":null},"firefox":{"2":0.006189,"3":0.012378,"3.5":0.012378,"3.6":0.037134,"4":0.006189,"5":0.006189,"6":0.006189,"7":null,"8":null,"9":null,"10":0.006189,"11":null,"12":0.018567,"13":null,"14":null,"15":null,"16":0.018567,"17":0.006189,"18":0.006189,"19":null,"20":0.012378,"21":0.012378,"22":0.006189,"23":0.006189,"24":0.018567,"25":0.018567,"26":0.006189,"27":0.006189,"28":0.012378,"29":0.012378,"30":0.012378,"31":0.030945,"32":0.012378,"33":0.018567,"34":0.030945,"35":0.030945,"36":0.030945,"37":0.030945,"38":0.148536,"39":0.037134,"40":0.037134,"41":0.043323,"42":0.06189,"43":0.142347,"44":0.055701,"45":0.278505,"46":0.241371,"47":0.482742,"48":0.396096,"49":0.612711,"50":9.642462,"51":0.092835,"52":0.006189,"53":null},"opera":{"9":null,"9.5-9.6":null,"10.0-10.1":0,"10.5":null,"10.6":null,"11":null,"11.1":null,"11.5":null,"11.6":0.012378,"12":0.024756,"12.1":0.334206,"15":null,"16":null,"17":null,"18":null,"19":null,"20":null,"21":null,"22":null,"23":null,"24":null,"25":null,"26":null,"27":null,"28":0.012378,"29":null,"30":null,"31":null,"32":null,"33":null,"34":null,"35":0.006189,"36":0.099024,"37":0.024756,"38":0.092835,"39":0.012378,"40":0.012378,"41":0.779814,"42":0.383718,"43":0.006189,"44":null},"safari":{"3.1":null,"3.2":null,"4":0.018567,"5":0.049512,"5.1":0.117591,"6":0.012378,"6.1":0.068079,"7":0.037134,"7.1":0.012378,"8":0.160914,"9":0.198048,"9.1":0.748869,"10":2.221851,"0":null},"ios_saf":{"3.2":0,"4.0-4.1":0,"4.2-4.3":0,"5.0-5.1":0,"6.0-6.1":0,"7.0-7.1":0.170666244396,"8":0,"8.1-8.4":0.259083696312,"9.0-9.2":0.173750574114,"9.3":1.10110570933,"10.0-10.2":8.24852577585},"android":{"2.1":0,"2.2":0,"2.3":0,"3":0,"4":0.0418853158784,"4.1":0.137623180743,"4.2-4.3":0.394063890203,"4.4":0.908654913851,"4.4.3-4.4.4":0.541944699324,"53":null},"op_mob":{"10":0,"11":0,"11.1":0,"11.5":0,"12":0,"12.1":0,"0":0.0418791371341},"ie":{"5.5":null,"6":0.0188468040904,"7":0.0251290721206,"8":0.326677937567,"9":0.251290721206,"10":0.245008453175,"11":4.96927401184},"edge":{"12":0.086646,"13":0.328017,"14":2.258985,"15":null},"bb":{"7":0.031449,"10":null},"ie_mob":{"10":0.1494304,"11":0.5977216},"and_ff":{"0":0.049556},"samsung":{"0":3.770068},"and_uc":{"0":0.411696},"op_mini":{"0":0.548980862866},"and_chr":{"0":20.631944}},"total":97.407814}