{"id":"sa","name":"South America","month":"2016-12","access_date":"2017-01-17","data":{"chrome":{"4":null,"5":null,"6":null,"7":null,"8":null,"9":null,"10":null,"11":0.012268,"12":null,"13":null,"14":null,"15":null,"16":null,"17":null,"18":0.012268,"19":null,"20":null,"21":0.006134,"22":0.036804,"23":null,"24":null,"25":0.006134,"26":0.024536,"27":0.012268,"28":null,"29":0.018402,"30":0.006134,"31":0.03067,"32":0.134948,"33":0.018402,"34":0.036804,"35":0.165618,"36":0.791286,"37":0.03067,"38":0.042938,"39":0.049072,"40":0.03067,"41":0.03067,"42":0.036804,"43":0.177886,"44":0.073608,"45":0.055206,"46":0.098144,"47":0.809688,"48":0.147216,"49":2.508806,"50":0.147216,"51":0.668606,"52":0.318968,"53":0.46005,"54":20.371014,"55":20.751322,"56":0.12268,"57":0.036804,"58":null},"firefox":{"2":0.006134,"3":0.012268,"3.5":null,"3.6":0.024536,"4":null,"5":null,"6":null,"7":null,"8":0.036804,"9":null,"10":null,"11":null,"12":0.012268,"13":null,"14":null,"15":null,"16":0.006134,"17":null,"18":null,"19":null,"20":0.006134,"21":null,"22":null,"23":0.006134,"24":null,"25":0.012268,"26":0.006134,"27":0.06134,"28":null,"29":0.012268,"30":0.012268,"31":0.024536,"32":0.006134,"33":0.018402,"34":0.012268,"35":0.012268,"36":0.012268,"37":0.018402,"38":0.049072,"39":0.024536,"40":0.03067,"41":0.024536,"42":0.018402,"43":0.110412,"44":0.024536,"45":0.116546,"46":0.055206,"47":0.288298,"48":0.202422,"49":0.171752,"50":4.588232,"51":0.036804,"52":0.006134,"53":null},"opera":{"9":null,"9.5-9.6":null,"10.0-10.1":0,"10.5":null,"10.6":null,"11":null,"11.1":null,"11.5":null,"11.6":null,"12":null,"12.1":0.018402,"15":null,"16":null,"17":null,"18":null,"19":null,"20":null,"21":null,"22":null,"23":null,"24":null,"25":null,"26":null,"27":null,"28":null,"29":null,"30":null,"31":null,"32":null,"33":null,"34":null,"35":null,"36":0.018402,"37":0.012268,"38":0.049072,"39":null,"40":0.006134,"41":0.269896,"42":0.147216,"43":null,"44":null},"safari":{"3.1":null,"3.2":null,"4":0.006134,"5":0.012268,"5.1":0.018402,"6":null,"6.1":0.018402,"7":0.012268,"7.1":null,"8":0.079742,"9":0.079742,"9.1":0.288298,"10":0.760616,"0":null},"ios_saf":{"3.2":0,"4.0-4.1":0,"4.2-4.3":0,"5.0-5.1":0,"6.0-6.1":0,"7.0-7.1":0.0593960723066,"8":0,"8.1-8.4":0.0901675314534,"9.0-9.2":0.0604694953001,"9.3":0.383212008677,"10.0-10.2":2.87069089226},"android":{"2.1":0,"2.2":0,"2.3":0,"3":0,"4":0.0575181782095,"4.1":0.188988299831,"4.2-4.3":0.541140411318,"4.4":1.24779231503,"4.4.3-4.4.4":0.744214795608,"53":null},"op_mob":{"10":0,"11":0,"11.1":0,"11.5":0,"12":0,"12.1":0,"0":0.0789164375963},"ie":{"5.5":null,"6":0.0188824699739,"7":0.0314707832898,"8":0.434296809399,"9":0.182530543081,"10":0.188824699739,"11":1.55465669452},"edge":{"12":0.049072,"13":0.134948,"14":0.631802,"15":null},"bb":{"7":0.028995,"10":null},"ie_mob":{"10":0.2157228,"11":0.8628912},"and_ff":{"0":0.01933},"samsung":{"0":1.60439},"and_uc":{"0":0.417528},"op_mini":{"0":1.0344915624},"and_chr":{"0":28.694372}},"total":98.571213}