{"id":"as","name":"Asia","month":"2016-12","access_date":"2017-01-17","data":{"chrome":{"4":null,"5":null,"6":0.003282,"7":null,"8":null,"9":null,"10":0.006564,"11":0.029538,"12":0.009846,"13":0.003282,"14":0.006564,"15":0.006564,"16":0.006564,"17":0.006564,"18":0.009846,"19":0.006564,"20":0.009846,"21":0.013128,"22":0.052512,"23":0.013128,"24":0.009846,"25":0.01641,"26":0.026256,"27":0.01641,"28":0.022974,"29":0.022974,"30":0.019692,"31":0.141126,"32":0.022974,"33":0.045948,"34":0.03282,"35":0.019692,"36":0.039384,"37":0.013128,"38":0.03282,"39":0.036102,"40":0.022974,"41":0.022974,"42":0.052512,"43":0.236304,"44":0.04923,"45":0.57435,"46":0.072204,"47":0.141126,"48":0.101742,"49":1.322646,"50":0.193638,"51":0.347892,"52":0.236304,"53":0.318354,"54":8.392074,"55":9.422622,"56":0.091896,"57":0.042666,"58":null},"firefox":{"2":null,"3":0.042666,"3.5":0.006564,"3.6":0.01641,"4":0.006564,"5":0.003282,"6":0.003282,"7":null,"8":0.01641,"9":0.003282,"10":0.006564,"11":0.006564,"12":0.013128,"13":0.006564,"14":0.006564,"15":0.006564,"16":0.006564,"17":0.006564,"18":0.006564,"19":0.006564,"20":0.006564,"21":0.009846,"22":0.006564,"23":0.006564,"24":0.006564,"25":0.006564,"26":0.006564,"27":0.006564,"28":0.006564,"29":0.013128,"30":0.013128,"31":0.026256,"32":0.009846,"33":0.013128,"34":0.01641,"35":0.022974,"36":0.01641,"37":0.019692,"38":0.03282,"39":0.022974,"40":0.022974,"41":0.022974,"42":0.019692,"43":0.118152,"44":0.09846,"45":0.06564,"46":0.052512,"47":0.22974,"48":0.127998,"49":0.160818,"50":2.317092,"51":0.200202,"52":0.003282,"53":null},"opera":{"9":null,"9.5-9.6":null,"10.0-10.1":0,"10.5":null,"10.6":null,"11":null,"11.1":null,"11.5":null,"11.6":0.003282,"12":0.003282,"12.1":0.019692,"15":null,"16":null,"17":null,"18":null,"19":null,"20":null,"21":null,"22":null,"23":null,"24":null,"25":null,"26":null,"27":null,"28":0.006564,"29":null,"30":null,"31":null,"32":null,"33":null,"34":null,"35":null,"36":0.01641,"37":0.01641,"38":0.029538,"39":0.003282,"40":0.006564,"41":0.170664,"42":0.11487,"43":null,"44":null},"safari":{"3.1":null,"3.2":null,"4":0.006564,"5":0.009846,"5.1":0.019692,"6":0.006564,"6.1":0.013128,"7":0.013128,"7.1":0.003282,"8":0.045948,"9":0.042666,"9.1":0.144408,"10":0.36102,"0":null},"ios_saf":{"3.2":0,"4.0-4.1":0,"4.2-4.3":0,"5.0-5.1":0,"6.0-6.1":0,"7.0-7.1":0.117860462969,"8":0,"8.1-8.4":0.17892070282,"9.0-9.2":0.119990471336,"9.3":0.760412986985,"10.0-10.2":5.69635237589},"android":{"2.1":0,"2.2":0,"2.3":0,"3":0,"4":0.0721583146115,"4.1":0.237091605152,"4.2-4.3":0.678877204814,"4.4":1.56539364147,"4.4.3-4.4.4":0.933640233953,"53":null},"op_mob":{"10":0,"11":0,"11.1":0,"11.5":0,"12":0,"12.1":0,"0":0.366221734977},"ie":{"5.5":null,"6":0.0280634782609,"7":0.017539673913,"8":0.445507717391,"9":0.217491956522,"10":0.199952282609,"11":1.99250695652},"edge":{"12":0.039384,"13":0.09846,"14":0.429942,"15":null},"bb":{"7":0.04535325,"10":null},"ie_mob":{"10":0.0860032,"11":0.3440128},"and_ff":{"0":0.020157},"samsung":{"0":4.004524},"and_uc":{"0":18.027077},"op_mini":{"0":4.80068926502},"and_chr":{"0":28.92357}},"total":97.7271383152}