{"id":"AM","name":"Armenia","month":"2016-12","access_date":"2017-01-17","data":{"chrome":{"4":0.067984,"5":0.016996,"6":0.016996,"7":0.033992,"8":0.016996,"9":0.025494,"10":0.04249,"11":0.050988,"12":0.067984,"13":0.025494,"14":0.059486,"15":0.059486,"16":0.101976,"17":0.118972,"18":0.118972,"19":0.059486,"20":0.059486,"21":0.135968,"22":0.144466,"23":0.059486,"24":0.12747,"25":0.08498,"26":0.12747,"27":0.12747,"28":0.050988,"29":0.033992,"30":0.050988,"31":0.04249,"32":0.050988,"33":0.050988,"34":0.050988,"35":0.08498,"36":0.101976,"37":0.067984,"38":0.050988,"39":0.093478,"40":0.144466,"41":0.144466,"42":0.067984,"43":0.246442,"44":0.04249,"45":0.033992,"46":0.033992,"47":0.135968,"48":0.093478,"49":3.10177,"50":0.110474,"51":0.475888,"52":0.501382,"53":0.373912,"54":23.437484,"55":24.423252,"56":0.220948,"57":0.161462,"58":null},"firefox":{"2":0.04249,"3":0.12747,"3.5":0.246442,"3.6":0.8498,"4":0.050988,"5":0.016996,"6":null,"7":null,"8":null,"9":0.008498,"10":0.025494,"11":0.008498,"12":0.008498,"13":0.008498,"14":0.033992,"15":0.033992,"16":0.033992,"17":null,"18":0.008498,"19":0.033992,"20":0.033992,"21":0.050988,"22":0.033992,"23":0.016996,"24":0.033992,"25":0.04249,"26":0.016996,"27":null,"28":0.025494,"29":0.016996,"30":0.016996,"31":0.016996,"32":0.033992,"33":0.016996,"34":0.04249,"35":0.033992,"36":0.050988,"37":0.050988,"38":0.067984,"39":0.008498,"40":0.025494,"41":0.025494,"42":0.033992,"43":0.110474,"44":0.016996,"45":0.059486,"46":0.059486,"47":0.365414,"48":0.118972,"49":3.926076,"50":9.237326,"51":0.025494,"52":null,"53":null},"opera":{"9":null,"9.5-9.6":null,"10.0-10.1":0.033992,"10.5":0.04249,"10.6":0.101976,"11":0.016996,"11.1":0.033992,"11.5":0.050988,"11.6":0.178458,"12":0.246442,"12.1":0.654346,"15":null,"16":0.008498,"17":0.025494,"18":0.025494,"19":0.016996,"20":0.025494,"21":0.016996,"22":null,"23":null,"24":0.008498,"25":0.033992,"26":0.025494,"27":0.161462,"28":0.076482,"29":0.025494,"30":null,"31":null,"32":0.008498,"33":0.008498,"34":0.008498,"35":0.008498,"36":0.101976,"37":0.025494,"38":0.059486,"39":0.033992,"40":0.016996,"41":1.002764,"42":0.492884,"43":null,"44":null},"safari":{"3.1":0.016996,"3.2":0.008498,"4":0.050988,"5":0.144466,"5.1":0.093478,"6":0.016996,"6.1":0.04249,"7":0.033992,"7.1":null,"8":0.050988,"9":0.059486,"9.1":0.16996,"10":0.526876,"0":null},"ios_saf":{"3.2":0,"4.0-4.1":0,"4.2-4.3":0,"5.0-5.1":0,"6.0-6.1":0,"7.0-7.1":0.0601116504493,"8":0,"8.1-8.4":0.0912538308026,"9.0-9.2":0.0611980055779,"9.3":0.387828780911,"10.0-10.2":2.90527573226},"android":{"2.1":0,"2.2":0,"2.3":0,"3":0,"4":0.0239939425676,"4.1":0.0788372398649,"4.2-4.3":0.225738929054,"4.4":0.520521652027,"4.4.3-4.4.4":0.310452236486,"53":null},"op_mob":{"10":0,"11":0,"11.1":0,"11.5":0,"12":0,"12.1":0,"0":0.0470549522342},"ie":{"5.5":null,"6":null,"7":null,"8":0.471032,"9":0.15073024,"10":0.29203984,"11":0.73480992},"edge":{"12":0.033992,"13":0.067984,"14":0.441896,"15":null},"bb":{"7":0.015771,"10":null},"ie_mob":{"10":0.0474632,"11":0.1898528},"and_ff":{"0":0.016522},"samsung":{"0":1.052902},"and_uc":{"0":0.25534},"op_mini":{"0":0.616829047766},"and_chr":{"0":8.555694}},"total":94.833961}