{"id":"AO","name":"Angola","month":"2016-12","access_date":"2017-01-17","data":{"chrome":{"4":null,"5":null,"6":null,"7":null,"8":null,"9":null,"10":null,"11":0.069785,"12":0.00821,"13":null,"14":null,"15":null,"16":0.004105,"17":null,"18":0.02463,"19":null,"20":0.004105,"21":0.004105,"22":0.00821,"23":0.02463,"24":0.00821,"25":0.012315,"26":0.03284,"27":null,"28":0.004105,"29":0.028735,"30":0.020525,"31":0.028735,"32":0.431025,"33":0.03284,"34":0.01642,"35":0.40229,"36":2.237225,"37":0.01642,"38":0.012315,"39":0.00821,"40":0.07389,"41":0.01642,"42":0.03284,"43":0.77174,"44":0.028735,"45":0.135465,"46":0.04926,"47":3.48925,"48":0.02463,"49":0.537755,"50":0.077995,"51":0.2463,"52":0.27914,"53":0.176515,"54":8.21,"55":7.778975,"56":0.086205,"57":0.028735,"58":null},"firefox":{"2":null,"3":0.01642,"3.5":null,"3.6":0.02463,"4":0.020525,"5":0.01642,"6":0.00821,"7":0.00821,"8":null,"9":0.00821,"10":0.00821,"11":0.03284,"12":0.028735,"13":0.01642,"14":0.020525,"15":0.012315,"16":0.00821,"17":0.00821,"18":0.004105,"19":0.00821,"20":0.01642,"21":0.01642,"22":0.00821,"23":0.00821,"24":0.00821,"25":0.012315,"26":0.053365,"27":null,"28":0.00821,"29":0.012315,"30":0.028735,"31":0.012315,"32":0.00821,"33":0.01642,"34":0.012315,"35":0.00821,"36":0.020525,"37":0.020525,"38":0.01642,"39":0.004105,"40":0.03284,"41":0.01642,"42":0.03284,"43":0.127255,"44":0.03284,"45":0.04926,"46":0.053365,"47":0.23809,"48":0.17241,"49":0.217565,"50":3.074645,"51":0.04926,"52":null,"53":null},"opera":{"9":null,"9.5-9.6":0.00821,"10.0-10.1":0,"10.5":null,"10.6":0.012315,"11":0.004105,"11.1":null,"11.5":null,"11.6":0.01642,"12":0.00821,"12.1":0.03284,"15":0.00821,"16":null,"17":null,"18":null,"19":null,"20":null,"21":null,"22":0.004105,"23":null,"24":null,"25":null,"26":null,"27":null,"28":0.01642,"29":null,"30":0.004105,"31":null,"32":null,"33":null,"34":0.00821,"35":0.012315,"36":0.028735,"37":0.03284,"38":0.02463,"39":0.01642,"40":0.01642,"41":0.529545,"42":0.250405,"43":0.004105,"44":null},"safari":{"3.1":null,"3.2":null,"4":0.00821,"5":0.01642,"5.1":0.036945,"6":0.020525,"6.1":0.02463,"7":0.020525,"7.1":0.00821,"8":0.127255,"9":0.086205,"9.1":0.23809,"10":0.948255,"0":null},"ios_saf":{"3.2":0,"4.0-4.1":0,"4.2-4.3":0,"5.0-5.1":0,"6.0-6.1":0,"7.0-7.1":0.0663094638984,"8":0,"8.1-8.4":0.100662559653,"9.0-9.2":0.0675078277037,"9.3":0.427815878525,"10.0-10.2":3.20482427022},"android":{"2.1":0,"2.2":0,"2.3":0,"3":0,"4":0.138694313767,"4.1":0.455709888091,"4.2-4.3":1.30485874789,"4.4":3.00881745988,"4.4.3-4.4.4":1.79453459037,"53":null},"op_mob":{"10":0,"11":0,"11.1":0,"11.5":0,"12":0,"12.1":0,"0":2.00849644068},"ie":{"5.5":null,"6":0.00832758213985,"7":0.00832758213985,"8":0.383068778433,"9":0.258155046335,"10":0.466344599832,"11":3.81819641112},"edge":{"12":0.18062,"13":0.316085,"14":1.10014,"15":null},"bb":{"7":0.0324225,"10":null},"ie_mob":{"10":0.103752,"11":0.415008},"and_ff":{"0":0.02358},"samsung":{"0":2.811915},"and_uc":{"0":1.22616},"op_mini":{"0":26.3287685593},"and_chr":{"0":15.51795}},"total":98.2733775}