{"id":"AS","name":"American Samoa","month":"2016-12","access_date":"2017-01-17","data":{"chrome":{"4":null,"5":null,"6":null,"7":null,"8":null,"9":null,"10":null,"11":null,"12":null,"13":null,"14":null,"15":null,"16":null,"17":null,"18":null,"19":null,"20":null,"21":null,"22":null,"23":null,"24":null,"25":null,"26":null,"27":0.008126,"28":null,"29":null,"30":null,"31":null,"32":null,"33":null,"34":null,"35":null,"36":null,"37":null,"38":0.008126,"39":null,"40":0.008126,"41":0.016252,"42":null,"43":0.016252,"44":0.032504,"45":null,"46":0.048756,"47":0.260032,"48":4.168638,"49":0.845104,"50":0.008126,"51":0.048756,"52":0.073134,"53":1.795846,"54":6.305776,"55":5.48505,"56":0.048756,"57":null,"58":null},"firefox":{"2":null,"3":null,"3.5":null,"3.6":5.127506,"4":null,"5":null,"6":null,"7":null,"8":null,"9":null,"10":null,"11":null,"12":null,"13":null,"14":null,"15":0.089386,"16":null,"17":null,"18":null,"19":null,"20":null,"21":null,"22":null,"23":null,"24":null,"25":null,"26":null,"27":null,"28":null,"29":null,"30":null,"31":null,"32":null,"33":0.008126,"34":null,"35":null,"36":0.032504,"37":0.016252,"38":null,"39":null,"40":1.186396,"41":null,"42":0.008126,"43":0.20315,"44":21.314498,"45":24.70304,"46":null,"47":0.698836,"48":0.276284,"49":0.04063,"50":1.568318,"51":0.048756,"52":null,"53":null},"opera":{"9":null,"9.5-9.6":null,"10.0-10.1":0,"10.5":null,"10.6":null,"11":null,"11.1":null,"11.5":null,"11.6":null,"12":null,"12.1":null,"15":null,"16":null,"17":null,"18":null,"19":null,"20":null,"21":null,"22":null,"23":null,"24":null,"25":null,"26":null,"27":null,"28":null,"29":null,"30":null,"31":null,"32":null,"33":0.016252,"34":null,"35":null,"36":null,"37":0.016252,"38":null,"39":null,"40":null,"41":0.024378,"42":null,"43":null,"44":null},"safari":{"3.1":null,"3.2":null,"4":0.016252,"5":0.097512,"5.1":0.20315,"6":0.146268,"6.1":0.065008,"7":0.024378,"7.1":null,"8":0.08126,"9":0.08126,"9.1":0.617576,"10":0.511938,"0":null},"ios_saf":{"3.2":0,"4.0-4.1":0,"4.2-4.3":0,"5.0-5.1":0,"6.0-6.1":0,"7.0-7.1":0.0472361822126,"8":0,"8.1-8.4":0.0717079392625,"9.0-9.2":0.0480898481562,"9.3":0.304758741866,"10.0-10.2":2.2829872885},"android":{"2.1":0,"2.2":0,"2.3":0,"3":0,"4":0.0329611908784,"4.1":0.108301055743,"4.2-4.3":0.310104265203,"4.4":0.715056038851,"4.4.3-4.4.4":0.426477449324,"53":null},"op_mob":{"10":0,"11":0,"11.1":0,"11.5":0,"12":0,"12.1":0,"0":0.12485633282},"ie":{"5.5":null,"6":null,"7":null,"8":0.0488660586907,"9":0.0488660586907,"10":0.887733399549,"11":2.62247848307},"edge":{"12":0.138142,"13":0.455056,"14":0.24378,"15":null},"bb":{"7":0.040291,"10":null},"ie_mob":{"10":0.026236,"11":0.104944},"and_ff":{"0":0.029984},"samsung":{"0":1.727828},"and_uc":{"0":0.680262},"op_mini":{"0":1.63670366718},"and_chr":{"0":10.045398}},"total":99.609757}