{"id":"AU","name":"Australia","month":"2016-12","access_date":"2017-01-17","data":{"chrome":{"4":null,"5":null,"6":null,"7":null,"8":null,"9":null,"10":null,"11":0.015249,"12":null,"13":null,"14":null,"15":null,"16":null,"17":null,"18":null,"19":null,"20":null,"21":null,"22":0.015249,"23":null,"24":null,"25":null,"26":0.030498,"27":null,"28":null,"29":0.005083,"30":0.010166,"31":0.020332,"32":0.015249,"33":0.020332,"34":0.040664,"35":0.020332,"36":0.045747,"37":0.020332,"38":0.05083,"39":0.040664,"40":0.030498,"41":0.05083,"42":0.055913,"43":0.081328,"44":0.066079,"45":0.218569,"46":0.066079,"47":0.10166,"48":0.076245,"49":1.057264,"50":0.182988,"51":0.284648,"52":0.345644,"53":0.452387,"54":14.008748,"55":10.994529,"56":0.066079,"57":0.030498,"58":null},"firefox":{"2":null,"3":0.005083,"3.5":null,"3.6":0.010166,"4":null,"5":null,"6":null,"7":null,"8":null,"9":null,"10":null,"11":null,"12":null,"13":null,"14":null,"15":null,"16":null,"17":null,"18":null,"19":null,"20":null,"21":null,"22":null,"23":null,"24":null,"25":null,"26":null,"27":null,"28":null,"29":0.005083,"30":0.005083,"31":0.010166,"32":null,"33":0.005083,"34":0.015249,"35":0.010166,"36":0.010166,"37":0.020332,"38":0.081328,"39":0.020332,"40":0.015249,"41":0.020332,"42":0.020332,"43":0.045747,"44":0.025415,"45":0.142324,"46":0.040664,"47":0.162656,"48":0.218569,"49":0.208403,"50":5.077917,"51":0.076245,"52":null,"53":null},"opera":{"9":null,"9.5-9.6":null,"10.0-10.1":0,"10.5":null,"10.6":null,"11":null,"11.1":null,"11.5":null,"11.6":null,"12":null,"12.1":0.020332,"15":null,"16":null,"17":null,"18":null,"19":null,"20":null,"21":null,"22":null,"23":null,"24":null,"25":null,"26":null,"27":null,"28":0.010166,"29":null,"30":null,"31":null,"32":null,"33":null,"34":null,"35":null,"36":0.010166,"37":0.005083,"38":0.010166,"39":null,"40":null,"41":0.116909,"42":0.05083,"43":null,"44":null},"safari":{"3.1":null,"3.2":null,"4":0.005083,"5":0.040664,"5.1":0.121992,"6":0.015249,"6.1":0.091494,"7":0.055913,"7.1":0.015249,"8":0.284648,"9":0.371059,"9.1":1.280916,"10":2.993887,"0":null},"ios_saf":{"3.2":0,"4.0-4.1":0,"4.2-4.3":0,"5.0-5.1":0,"6.0-6.1":0,"7.0-7.1":0.449472992459,"8":0,"8.1-8.4":0.682332494577,"9.0-9.2":0.457595998347,"9.3":2.89991310195,"10.0-10.2":21.7236254127},"android":{"2.1":0,"2.2":0,"2.3":0,"3":0,"4":0.0245256173986,"4.1":0.0805841714527,"4.2-4.3":0.230741012669,"4.4":0.532055740709,"4.4.3-4.4.4":0.31733145777,"53":null},"op_mob":{"10":0,"11":0,"11.1":0,"11.5":0,"12":0,"12.1":0,"0":0.084007624037},"ie":{"5.5":null,"6":0.0103587600989,"7":0.0103587600989,"8":0.207175201979,"9":0.227892722176,"10":0.19681644188,"11":5.62998611377},"edge":{"12":0.066079,"13":0.350727,"14":2.602496,"15":null},"bb":{"7":0.007377,"10":null},"ie_mob":{"10":0.063934,"11":0.255736},"and_ff":{"0":0.054098},"samsung":{"0":4.283578},"and_uc":{"0":1.062288},"op_mini":{"0":1.10123037596},"and_chr":{"0":15.034752}},"total":98.919678}