{"id":"AW","name":"Aruba","month":"2016-12","access_date":"2017-01-17","data":{"chrome":{"4":null,"5":null,"6":null,"7":null,"8":null,"9":null,"10":null,"11":0.013896,"12":null,"13":null,"14":null,"15":null,"16":null,"17":null,"18":0.027792,"19":null,"20":null,"21":null,"22":0.060216,"23":null,"24":null,"25":null,"26":0.004632,"27":null,"28":null,"29":0.009264,"30":0.037056,"31":0.013896,"32":null,"33":0.009264,"34":0.032424,"35":0.018528,"36":0.16212,"37":null,"38":0.013896,"39":0.013896,"40":0.02316,"41":0.004632,"42":0.02316,"43":0.041688,"44":0.02316,"45":0.148224,"46":0.009264,"47":0.050952,"48":0.060216,"49":1.310856,"50":0.037056,"51":0.148224,"52":0.125064,"53":0.148224,"54":11.491992,"55":10.635072,"56":0.083376,"57":0.037056,"58":null},"firefox":{"2":null,"3":null,"3.5":null,"3.6":null,"4":null,"5":null,"6":null,"7":null,"8":null,"9":null,"10":null,"11":null,"12":null,"13":null,"14":null,"15":null,"16":null,"17":null,"18":null,"19":null,"20":null,"21":null,"22":null,"23":null,"24":null,"25":null,"26":null,"27":null,"28":null,"29":null,"30":null,"31":0.004632,"32":null,"33":null,"34":null,"35":null,"36":null,"37":null,"38":0.004632,"39":0.009264,"40":null,"41":0.050952,"42":null,"43":0.018528,"44":null,"45":0.013896,"46":0.009264,"47":0.055584,"48":0.180648,"49":0.111168,"50":3.307248,"51":0.078744,"52":0.009264,"53":null},"opera":{"9":null,"9.5-9.6":null,"10.0-10.1":0,"10.5":null,"10.6":null,"11":null,"11.1":null,"11.5":null,"11.6":null,"12":null,"12.1":0.050952,"15":null,"16":null,"17":null,"18":null,"19":null,"20":null,"21":null,"22":null,"23":null,"24":null,"25":null,"26":null,"27":null,"28":null,"29":0.009264,"30":null,"31":0.004632,"32":null,"33":0.018528,"34":null,"35":0.004632,"36":null,"37":0.04632,"38":null,"39":null,"40":null,"41":0.106536,"42":0.027792,"43":null,"44":null},"safari":{"3.1":null,"3.2":null,"4":0,"5":0.018528,"5.1":0.06948,"6":null,"6.1":0.041688,"7":0.009264,"7.1":0.004632,"8":0.106536,"9":0.157488,"9.1":0.74112,"10":2.422536,"0":null},"ios_saf":{"3.2":0,"4.0-4.1":0,"4.2-4.3":0,"5.0-5.1":0,"6.0-6.1":0,"7.0-7.1":0.318199691767,"8":0,"8.1-8.4":0.48305013449,"9.0-9.2":0.323950288607,"9.3":2.05296307158,"10.0-10.2":15.3790128136},"android":{"2.1":0,"2.2":0,"2.3":0,"3":0,"4":0.0587601047297,"4.1":0.193068915541,"4.2-4.3":0.552824658784,"4.4":1.27473451689,"4.4.3-4.4.4":0.760283804054,"53":null},"op_mob":{"10":0,"11":0,"11.1":0,"11.5":0,"12":0,"12.1":0,"0":0.0285355932203},"ie":{"5.5":null,"6":null,"7":0.0231861842849,"8":0.347792764274,"9":0.412714080271,"10":1.37262210967,"11":6.04231962465},"edge":{"12":0.101904,"13":0.389088,"14":3.08028,"15":null},"bb":{"7":0.068442,"10":null},"ie_mob":{"10":0.0440176,"11":0.1760704},"and_ff":{"0":0.02684},"samsung":{"0":11.417736},"and_uc":{"0":0.139568},"op_mini":{"0":0.37406440678},"and_chr":{"0":21.087952}},"total":99.0419887631}