{"id":"AX","name":"Aland Islands","month":"2016-12","access_date":"2017-01-17","data":{"chrome":{"4":null,"5":null,"6":null,"7":null,"8":null,"9":null,"10":null,"11":null,"12":null,"13":null,"14":null,"15":null,"16":null,"17":null,"18":0.012866,"19":null,"20":null,"21":null,"22":null,"23":null,"24":null,"25":null,"26":null,"27":null,"28":null,"29":null,"30":null,"31":null,"32":0.006433,"33":null,"34":0.006433,"35":null,"36":0.012866,"37":null,"38":null,"39":null,"40":null,"41":0.006433,"42":0.032165,"43":null,"44":null,"45":null,"46":null,"47":null,"48":0.006433,"49":1.370229,"50":null,"51":0.077196,"52":0.032165,"53":0.373114,"54":14.943859,"55":16.423449,"56":0.025732,"57":0.283052,"58":null},"firefox":{"2":null,"3":null,"3.5":null,"3.6":null,"4":null,"5":null,"6":null,"7":null,"8":null,"9":null,"10":null,"11":null,"12":0.006433,"13":null,"14":null,"15":null,"16":null,"17":null,"18":null,"19":null,"20":null,"21":null,"22":null,"23":null,"24":null,"25":null,"26":null,"27":null,"28":null,"29":null,"30":null,"31":null,"32":null,"33":0.006433,"34":null,"35":null,"36":null,"37":null,"38":null,"39":null,"40":null,"41":0.135093,"42":0.025732,"43":0.045031,"44":0.006433,"45":0.167258,"46":0.045031,"47":0.173691,"48":0.141526,"49":0.135093,"50":9.739562,"51":0.012866,"52":null,"53":null},"opera":{"9":null,"9.5-9.6":null,"10.0-10.1":0,"10.5":null,"10.6":null,"11":null,"11.1":null,"11.5":null,"11.6":null,"12":null,"12.1":0.038598,"15":null,"16":null,"17":null,"18":null,"19":null,"20":null,"21":null,"22":null,"23":null,"24":null,"25":null,"26":null,"27":null,"28":null,"29":null,"30":null,"31":null,"32":null,"33":null,"34":null,"35":null,"36":null,"37":null,"38":null,"39":null,"40":null,"41":0.231588,"42":0.102928,"43":null,"44":null},"safari":{"3.1":null,"3.2":null,"4":0,"5":0.012866,"5.1":0.19299,"6":null,"6.1":0.051464,"7":0.045031,"7.1":0.083629,"8":0.135093,"9":0.122227,"9.1":1.814106,"10":7.828961,"0":null},"ios_saf":{"3.2":0,"4.0-4.1":0,"4.2-4.3":0,"5.0-5.1":0,"6.0-6.1":0,"7.0-7.1":0.326306256585,"8":0,"8.1-8.4":0.4953564859,"9.0-9.2":0.332203357608,"9.3":2.10526506508,"10.0-10.2":15.7708138348},"android":{"2.1":0,"2.2":0,"2.3":0,"3":0,"4":0.0103334543919,"4.1":0.0339527787162,"4.2-4.3":0.0972188260135,"4.4":0.224172694257,"4.4.3-4.4.4":0.133702246622,"53":null},"op_mob":{"10":0,"11":0,"11.1":0,"11.5":0,"12":0,"12.1":0,"0":0.0111242033898},"ie":{"5.5":null,"6":null,"7":null,"8":0.109361,"9":0.077196,"10":0.090062,"11":5.358689},"edge":{"12":0.038598,"13":0.283052,"14":3.02351,"15":null},"bb":{"7":0.00267525,"10":null},"ie_mob":{"10":0.2254344,"11":0.9017376},"and_ff":{"0":0.046371},"samsung":{"0":3.149661},"and_uc":{"0":0.010701},"op_mini":{"0":0.14582379661},"and_chr":{"0":11.444524}},"total":99.35993325}