{"id":"AZ","name":"Azerbaijan","month":"2016-12","access_date":"2017-01-17","data":{"chrome":{"4":0.013671,"5":0.022785,"6":0.013671,"7":0.013671,"8":0.027342,"9":0.018228,"10":0.018228,"11":0.04557,"12":0.036456,"13":0.022785,"14":0.027342,"15":0.018228,"16":0.041013,"17":0.036456,"18":0.04557,"19":0.018228,"20":0.027342,"21":0.050127,"22":0.173166,"23":0.041013,"24":0.027342,"25":0.031899,"26":0.054684,"27":0.036456,"28":0.027342,"29":0.013671,"30":0.013671,"31":0.041013,"32":0.031899,"33":0.022785,"34":0.031899,"35":0.027342,"36":0.031899,"37":0.013671,"38":0.104811,"39":0.063798,"40":0.054684,"41":0.022785,"42":0.036456,"43":0.173166,"44":0.068355,"45":0.054684,"46":0.041013,"47":0.068355,"48":0.118482,"49":1.995966,"50":0.100254,"51":0.464814,"52":0.296205,"53":0.378231,"54":12.814284,"55":14.062902,"56":0.082026,"57":0.036456,"58":null},"firefox":{"2":0.013671,"3":0.041013,"3.5":0.063798,"3.6":0.232407,"4":0.013671,"5":null,"6":0.009114,"7":null,"8":0.009114,"9":0.004557,"10":0.018228,"11":0.009114,"12":0.004557,"13":null,"14":0.009114,"15":0.009114,"16":0.013671,"17":null,"18":null,"19":null,"20":0.009114,"21":0.009114,"22":0.009114,"23":0.009114,"24":0.004557,"25":0.009114,"26":0.009114,"27":null,"28":0.004557,"29":null,"30":null,"31":null,"32":0.013671,"33":0.013671,"34":0.013671,"35":0.018228,"36":0.013671,"37":0.004557,"38":0.013671,"39":0.009114,"40":0.004557,"41":0.004557,"42":null,"43":0.04557,"44":0.036456,"45":0.031899,"46":0.027342,"47":0.164052,"48":0.059241,"49":0.09114,"50":1.180263,"51":0.013671,"52":null,"53":null},"opera":{"9":null,"9.5-9.6":0.004557,"10.0-10.1":0,"10.5":0.018228,"10.6":0.022785,"11":0.009114,"11.1":0.013671,"11.5":0.022785,"11.6":0.059241,"12":0.09114,"12.1":0.583296,"15":0.018228,"16":0.004557,"17":0.004557,"18":0.036456,"19":0.009114,"20":0.036456,"21":0.018228,"22":null,"23":0.009114,"24":0.004557,"25":0.022785,"26":0.009114,"27":0.036456,"28":0.022785,"29":0.009114,"30":0.022785,"31":0.009114,"32":0.013671,"33":0.013671,"34":0.018228,"35":0.022785,"36":0.191394,"37":0.077469,"38":0.082026,"39":0.04557,"40":0.050127,"41":1.968624,"42":1.125579,"43":0.018228,"44":null},"safari":{"3.1":0.004557,"3.2":null,"4":0.027342,"5":0.027342,"5.1":0.036456,"6":0.009114,"6.1":0.004557,"7":0.013671,"7.1":0.009114,"8":0.04557,"9":0.022785,"9.1":0.113925,"10":0.287091,"0":null},"ios_saf":{"3.2":0,"4.0-4.1":0,"4.2-4.3":0,"5.0-5.1":0,"6.0-6.1":0,"7.0-7.1":0.128330208656,"8":0,"8.1-8.4":0.194814533623,"9.0-9.2":0.130649429294,"9.3":0.827961767896,"10.0-10.2":6.20236906053},"android":{"2.1":0,"2.2":0,"2.3":0,"3":0,"4":0.128960943834,"4.1":0.423728815456,"4.2-4.3":1.21328561444,"4.4":2.79766292441,"4.4.3-4.4.4":1.66859670186,"53":null},"op_mob":{"10":0,"11":0,"11.1":0,"11.5":0,"12":0,"12.1":0,"0":0.514258665639},"ie":{"5.5":null,"6":null,"7":0.00973624096386,"8":0.287219108434,"9":0.0876261686747,"10":0.141175493976,"11":0.686404987952},"edge":{"12":0.031899,"13":0.104811,"14":0.195951,"15":null},"bb":{"7":0.081645,"10":null},"ie_mob":{"10":0.0947082,"11":0.3788328},"and_ff":{"0":0.010886},"samsung":{"0":5.083762},"and_uc":{"0":0.713033},"op_mini":{"0":6.74126033436},"and_chr":{"0":26.811725}},"total":95.446562}