{"id":"BA","name":"Bosnia and Herzegovina","month":"2016-12","access_date":"2017-01-17","data":{"chrome":{"4":null,"5":null,"6":null,"7":null,"8":null,"9":null,"10":0.005348,"11":0.021392,"12":0.010696,"13":null,"14":0.005348,"15":null,"16":null,"17":null,"18":null,"19":null,"20":null,"21":null,"22":0.042784,"23":null,"24":null,"25":0.010696,"26":0.037436,"27":0.005348,"28":0.005348,"29":0.005348,"30":0.010696,"31":0.021392,"32":0.016044,"33":0.016044,"34":0.048132,"35":0.016044,"36":0.058828,"37":0.016044,"38":0.058828,"39":0.042784,"40":0.02674,"41":0.010696,"42":0.016044,"43":0.074872,"44":0.048132,"45":0.02674,"46":0.032088,"47":0.074872,"48":0.048132,"49":3.994956,"50":0.05348,"51":0.262052,"52":0.171136,"53":0.192528,"54":15.42898,"55":16.680412,"56":0.112308,"57":0.032088,"58":null},"firefox":{"2":0.037436,"3":0.010696,"3.5":null,"3.6":0.021392,"4":null,"5":null,"6":null,"7":null,"8":null,"9":null,"10":null,"11":null,"12":0.005348,"13":null,"14":0.010696,"15":0.02674,"16":0.005348,"17":0.010696,"18":0.005348,"19":null,"20":null,"21":null,"22":null,"23":null,"24":null,"25":null,"26":null,"27":null,"28":null,"29":null,"30":0.005348,"31":0.005348,"32":0.005348,"33":0.005348,"34":0.005348,"35":0.021392,"36":0.010696,"37":0.02674,"38":0.032088,"39":0.02674,"40":0.02674,"41":0.02674,"42":0.02674,"43":0.128352,"44":0.032088,"45":0.18718,"46":0.048132,"47":0.272748,"48":0.139048,"49":0.219268,"50":7.96852,"51":0.139048,"52":null,"53":null},"opera":{"9":null,"9.5-9.6":null,"10.0-10.1":0,"10.5":null,"10.6":null,"11":null,"11.1":null,"11.5":null,"11.6":null,"12":null,"12.1":0.042784,"15":null,"16":null,"17":null,"18":null,"19":null,"20":null,"21":null,"22":null,"23":null,"24":null,"25":null,"26":null,"27":null,"28":0.005348,"29":null,"30":0.005348,"31":null,"32":null,"33":null,"34":null,"35":0.005348,"36":0.16044,"37":0.05348,"38":0.02674,"39":null,"40":0.010696,"41":0.716632,"42":0.438536,"43":0.010696,"44":null},"safari":{"3.1":null,"3.2":null,"4":0,"5":0.021392,"5.1":0.016044,"6":null,"6.1":0.010696,"7":null,"7.1":null,"8":0.016044,"9":0.048132,"9.1":0.112308,"10":0.336924,"0":null},"ios_saf":{"3.2":0,"4.0-4.1":0,"4.2-4.3":0,"5.0-5.1":0,"6.0-6.1":0,"7.0-7.1":0.0809643094722,"8":0,"8.1-8.4":0.12290967462,"9.0-9.2":0.0824275198843,"9.3":0.522366117137,"10.0-10.2":3.91311237889},"android":{"2.1":0,"2.2":0,"2.3":0,"3":0,"4":0.107043148649,"4.1":0.351713202703,"4.2-4.3":1.00707941892,"4.4":2.32218095946,"4.4.3-4.4.4":1.38500727027,"53":null},"op_mob":{"10":0,"11":0,"11.1":0,"11.5":0,"12":0,"12.1":0,"0":0.0230808012327},"ie":{"5.5":null,"6":0.005348,"7":null,"8":0.090916,"9":0.064176,"10":0.08022,"11":1.556268},"edge":{"12":0.037436,"13":0.1337,"14":0.582932,"15":null},"bb":{"7":0.004652,"10":null},"ie_mob":{"10":0.1898016,"11":0.7592064},"and_ff":{"0":0.018608},"samsung":{"0":1.898016},"and_uc":{"0":0.051172},"op_mini":{"0":0.302559198767},"and_chr":{"0":33.939496}},"total":98.903516}