{"id":"BB","name":"Barbados","month":"2016-12","access_date":"2017-01-17","data":{"chrome":{"4":null,"5":null,"6":null,"7":null,"8":null,"9":null,"10":null,"11":0.03199,"12":null,"13":null,"14":null,"15":null,"16":null,"17":null,"18":null,"19":null,"20":null,"21":null,"22":0.326298,"23":null,"24":null,"25":null,"26":null,"27":0.006398,"28":null,"29":0.03199,"30":0.006398,"31":0.019194,"32":0.051184,"33":null,"34":0.025592,"35":0.22393,"36":0.339094,"37":0.006398,"38":0.102368,"39":0.025592,"40":0.025592,"41":0.006398,"42":0.006398,"43":0.15995,"44":0.044786,"45":0.019194,"46":0.03199,"47":0.070378,"48":0.06398,"49":1.612296,"50":0.115164,"51":0.460656,"52":0.28791,"53":0.134358,"54":17.549714,"55":16.871526,"56":0.217532,"57":0.070378,"58":null},"firefox":{"2":null,"3":0.019194,"3.5":null,"3.6":0.006398,"4":null,"5":null,"6":null,"7":null,"8":null,"9":0.012796,"10":null,"11":0.019194,"12":null,"13":null,"14":null,"15":null,"16":null,"17":null,"18":null,"19":null,"20":null,"21":null,"22":null,"23":null,"24":null,"25":null,"26":null,"27":null,"28":0.006398,"29":null,"30":null,"31":null,"32":null,"33":null,"34":null,"35":null,"36":null,"37":0.012796,"38":0.012796,"39":0.057582,"40":0.03199,"41":null,"42":0.012796,"43":0.057582,"44":0.012796,"45":0.083174,"46":0.03199,"47":0.211134,"48":0.211134,"49":0.230328,"50":6.30203,"51":0.243124,"52":null,"53":null},"opera":{"9":null,"9.5-9.6":null,"10.0-10.1":0,"10.5":null,"10.6":null,"11":null,"11.1":null,"11.5":null,"11.6":null,"12":null,"12.1":0.12796,"15":null,"16":null,"17":null,"18":null,"19":null,"20":null,"21":null,"22":null,"23":null,"24":null,"25":null,"26":null,"27":0.012796,"28":null,"29":0.03199,"30":null,"31":null,"32":null,"33":0.006398,"34":null,"35":null,"36":0.012796,"37":0.09597,"38":0.038388,"39":null,"40":null,"41":0.345492,"42":0.15995,"43":null,"44":null},"safari":{"3.1":null,"3.2":null,"4":0.03199,"5":null,"5.1":0.051184,"6":null,"6.1":0.025592,"7":0.012796,"7.1":0.019194,"8":0.12796,"9":0.134358,"9.1":0.67179,"10":1.88741,"0":null},"ios_saf":{"3.2":0,"4.0-4.1":0,"4.2-4.3":0,"5.0-5.1":0,"6.0-6.1":0,"7.0-7.1":0.110433056089,"8":0,"8.1-8.4":0.167645362256,"9.0-9.2":0.112428834211,"9.3":0.712492789588,"10.0-10.2":5.33737595786},"android":{"2.1":0,"2.2":0,"2.3":0,"3":0,"4":0.0871309805743,"4.1":0.286287507601,"4.2-4.3":0.819742490709,"4.4":1.89020882348,"4.4.3-4.4.4":1.12736819764,"53":null},"op_mob":{"10":0,"11":0,"11.1":0,"11.5":0,"12":0,"12.1":0,"0":0.0712296887519},"ie":{"5.5":null,"6":null,"7":0.00673771681416,"8":0.417738442478,"9":0.229082371681,"10":0.276246389381,"11":4.39972907965},"edge":{"12":0.12796,"13":0.47985,"14":4.612958,"15":null},"bb":{"7":0.1395775,"10":null},"ie_mob":{"10":0.1210272,"11":0.4841088},"and_ff":{"0":0.014408},"samsung":{"0":4.419654},"and_uc":{"0":0.356598},"op_mini":{"0":0.933728311248},"and_chr":{"0":19.49348}},"total":97.5490995}