{"id":"BD","name":"Bangladesh","month":"2016-12","access_date":"2017-01-17","data":{"chrome":{"4":0.00446,"5":null,"6":0.00223,"7":null,"8":null,"9":null,"10":0.00446,"11":0.01115,"12":0.00892,"13":null,"14":0.00446,"15":null,"16":0.00446,"17":0.00446,"18":0.00669,"19":0.00669,"20":0.00446,"21":0.00669,"22":0.00892,"23":0.00446,"24":0.00446,"25":0.00892,"26":0.00892,"27":0.01115,"28":0.02676,"29":0.01561,"30":0.00892,"31":0.09143,"32":0.01561,"33":0.04237,"34":0.00892,"35":0.00446,"36":0.0223,"37":0.01115,"38":0.00669,"39":0.02453,"40":0.00446,"41":0.00446,"42":0.00669,"43":0.19624,"44":0.01115,"45":0.01115,"46":0.00669,"47":0.02899,"48":0.03568,"49":0.33004,"50":0.04014,"51":0.18955,"52":0.14272,"53":0.10258,"54":3.57692,"55":4.74767,"56":0.13157,"57":0.0669,"58":null},"firefox":{"2":null,"3":0.10035,"3.5":0.00892,"3.6":0.02007,"4":0.01561,"5":0.00446,"6":0.00446,"7":0.00223,"8":0.00669,"9":0.00669,"10":0.01338,"11":0.03345,"12":0.0223,"13":0.01561,"14":0.01784,"15":0.01561,"16":0.01115,"17":0.01115,"18":0.01338,"19":0.01338,"20":0.01784,"21":0.01784,"22":0.01115,"23":0.01784,"24":0.00892,"25":0.01338,"26":0.00892,"27":0.01338,"28":0.00892,"29":0.04906,"30":0.03345,"31":0.02007,"32":0.0223,"33":0.0223,"34":0.02007,"35":0.03345,"36":0.04237,"37":0.02676,"38":0.06467,"39":0.04683,"40":0.05575,"41":0.04014,"42":0.04683,"43":0.24084,"44":0.46607,"45":0.09366,"46":0.10704,"47":0.42593,"48":0.19401,"49":0.2899,"50":4.47784,"51":0.92768,"52":0.01338,"53":0.00446},"opera":{"9":null,"9.5-9.6":0.00223,"10.0-10.1":0.00223,"10.5":null,"10.6":0.00446,"11":0.00446,"11.1":0.00223,"11.5":0.00223,"11.6":0.00669,"12":0.00446,"12.1":0.01561,"15":null,"16":null,"17":null,"18":null,"19":null,"20":null,"21":null,"22":null,"23":null,"24":null,"25":null,"26":0.00446,"27":0.00446,"28":0.00223,"29":0.00446,"30":0.00892,"31":null,"32":0.00223,"33":0.00892,"34":0.00669,"35":0.00669,"36":0.02007,"37":0.10704,"38":0.0223,"39":0.00446,"40":0.00892,"41":0.31889,"42":0.19847,"43":null,"44":null},"safari":{"3.1":null,"3.2":null,"4":0.00446,"5":null,"5.1":0.01115,"6":0.00669,"6.1":null,"7":0.00446,"7.1":null,"8":0.02676,"9":0.01115,"9.1":0.02007,"10":0.05575,"0":null},"ios_saf":{"3.2":0,"4.0-4.1":0,"4.2-4.3":0,"5.0-5.1":0,"6.0-6.1":0,"7.0-7.1":0.0167850845987,"8":0,"8.1-8.4":0.0254809718004,"9.0-9.2":0.0170884295011,"9.3":0.108294130152,"10.0-10.2":0.811245383948},"android":{"2.1":0,"2.2":0,"2.3":0,"3":0,"4":0.101279151182,"4.1":0.332774353885,"4.2-4.3":0.952850789696,"4.4":2.19713750422,"4.4.3-4.4.4":1.31042820101,"53":null},"op_mob":{"10":0,"11":0,"11.1":0,"11.5":0,"12":0,"12.1":0,"0":1.93224247458},"ie":{"5.5":null,"6":0.00991553571429,"7":0.00247888392857,"8":0.205747366071,"9":0.0247888392857,"10":0.0570143303571,"11":0.250367276786},"edge":{"12":0.06244,"13":0.04906,"14":0.12042,"15":null},"bb":{"7":0.00582675,"10":null},"ie_mob":{"10":0.147611,"11":0.590444},"and_ff":{"0":0.038845},"samsung":{"0":1.445034},"and_uc":{"0":18.02408},"op_mini":{"0":25.3291785254},"and_chr":{"0":24.509545}},"total":97.8407929821}