{"id":"BF","name":"Burkina Faso","month":"2016-12","access_date":"2017-01-17","data":{"chrome":{"4":0.004052,"5":null,"6":0.002026,"7":null,"8":0.004052,"9":null,"10":null,"11":0.085092,"12":0.008104,"13":0.006078,"14":0.004052,"15":0.012156,"16":0.008104,"17":0.02026,"18":0.004052,"19":0.004052,"20":null,"21":null,"22":null,"23":0.004052,"24":0.004052,"25":0.008104,"26":0.004052,"27":0.026338,"28":0.024312,"29":0.064832,"30":0.012156,"31":0.028364,"32":0.058754,"33":0.008104,"34":0.008104,"35":0.008104,"36":0.103326,"37":0.004052,"38":0.004052,"39":0.02026,"40":0.002026,"41":0.006078,"42":0.01013,"43":0.032416,"44":0.002026,"45":0.018234,"46":0.01013,"47":0.022286,"48":0.014182,"49":0.309978,"50":0.032416,"51":0.127638,"52":0.214756,"53":0.089144,"54":3.608306,"55":2.477798,"56":0.01013,"57":null,"58":null},"firefox":{"2":null,"3":0.35455,"3.5":0.026338,"3.6":0.026338,"4":0.012156,"5":0.012156,"6":0.012156,"7":0.008104,"8":0.004052,"9":0.004052,"10":0.034442,"11":0.032416,"12":0.046598,"13":0.042546,"14":0.042546,"15":0.03039,"16":0.058754,"17":0.018234,"18":0.008104,"19":0.1013,"20":0.05065,"21":0.014182,"22":0.016208,"23":0.012156,"24":0.052676,"25":0.014182,"26":0.01013,"27":0.008104,"28":0.012156,"29":0.022286,"30":0.034442,"31":0.032416,"32":0.052676,"33":0.028364,"34":0.026338,"35":0.036468,"36":0.036468,"37":0.022286,"38":0.05065,"39":0.04052,"40":0.056728,"41":0.07091,"42":0.05065,"43":0.330238,"44":0.170184,"45":0.062806,"46":0.052676,"47":0.9117,"48":0.352524,"49":0.318082,"50":4.819854,"51":0.13169,"52":0.016208,"53":null},"opera":{"9":null,"9.5-9.6":null,"10.0-10.1":0.002026,"10.5":null,"10.6":null,"11":null,"11.1":null,"11.5":0.012156,"11.6":null,"12":0.004052,"12.1":0.014182,"15":0.004052,"16":null,"17":0.032416,"18":0.014182,"19":null,"20":null,"21":null,"22":0.006078,"23":null,"24":null,"25":null,"26":null,"27":null,"28":null,"29":0.006078,"30":0.006078,"31":0.002026,"32":null,"33":0.004052,"34":0.01013,"35":0.012156,"36":0.03039,"37":0.01013,"38":0.006078,"39":0.03039,"40":0.018234,"41":0.368732,"42":0.14182,"43":0.002026,"44":null},"safari":{"3.1":null,"3.2":null,"4":0.004052,"5":0.05065,"5.1":0.008104,"6":0.03039,"6.1":null,"7":0.083066,"7.1":null,"8":0.016208,"9":0.058754,"9.1":0.224886,"10":0.164106,"0":null},"ios_saf":{"3.2":0,"4.0-4.1":0,"4.2-4.3":0,"5.0-5.1":0,"6.0-6.1":0,"7.0-7.1":0.0131260886272,"8":0,"8.1-8.4":0.01992635141,"9.0-9.2":0.0133633070964,"9.3":0.0846869934924,"10.0-10.2":0.634401259374},"android":{"2.1":0,"2.2":0,"2.3":0,"3":0,"4":0.118966826858,"4.1":0.390891002534,"4.2-4.3":1.11925933024,"4.4":2.58085177449,"4.4.3-4.4.4":1.53928506588,"53":null},"op_mob":{"10":0,"11":0,"11.1":0,"11.5":0,"12":0,"12.1":0,"0":2.9813422188},"ie":{"5.5":null,"6":0.008104,"7":0.008104,"8":0.235016,"9":0.026338,"10":0.125612,"11":1.09404},"edge":{"12":0.190444,"13":0.08104,"14":0.145872,"15":null},"bb":{"7":0.0498375,"10":null},"ie_mob":{"10":0.087714,"11":0.350856},"and_ff":{"0":0.063792},"samsung":{"0":1.243944},"and_uc":{"0":13.858812},"op_mini":{"0":39.0815077812},"and_chr":{"0":14.831672}},"total":98.6900975}