{"id":"BG","name":"Bulgaria","month":"2016-12","access_date":"2017-01-17","data":{"chrome":{"4":null,"5":null,"6":null,"7":null,"8":null,"9":null,"10":null,"11":0.02688,"12":null,"13":null,"14":null,"15":0.00672,"16":0.04704,"17":null,"18":0.01344,"19":0.01344,"20":null,"21":null,"22":0.0336,"23":0.01344,"24":null,"25":0.01344,"26":0.07392,"27":0.00672,"28":null,"29":0.00672,"30":0.01344,"31":0.02016,"32":0.00672,"33":0.01344,"34":0.06048,"35":0.05376,"36":0.06048,"37":0.02688,"38":0.04032,"39":0.06048,"40":0.0336,"41":0.02016,"42":0.02016,"43":0.14784,"44":0.04704,"45":0.0336,"46":0.04704,"47":0.08064,"48":0.0672,"49":3.81696,"50":0.17472,"51":0.79296,"52":0.18144,"53":0.26208,"54":16.16832,"55":16.92096,"56":0.08064,"57":0.0336,"58":null},"firefox":{"2":null,"3":0.01344,"3.5":0.01344,"3.6":0.06048,"4":0.00672,"5":null,"6":null,"7":null,"8":null,"9":null,"10":0.01344,"11":0.02016,"12":0.02016,"13":null,"14":0.01344,"15":null,"16":0.41664,"17":0.00672,"18":0.02016,"19":0.00672,"20":0.02016,"21":null,"22":null,"23":null,"24":0.07392,"25":0.00672,"26":0.00672,"27":null,"28":0.01344,"29":0.00672,"30":0.02016,"31":0.0336,"32":0.01344,"33":0.02016,"34":0.04032,"35":0.02688,"36":0.08736,"37":0.0336,"38":0.12096,"39":0.06048,"40":0.0336,"41":0.05376,"42":0.07392,"43":0.22176,"44":0.07392,"45":0.18144,"46":0.14112,"47":0.59136,"48":0.32928,"49":0.45024,"50":13.06368,"51":0.09408,"52":0.00672,"53":null},"opera":{"9":null,"9.5-9.6":null,"10.0-10.1":0,"10.5":null,"10.6":null,"11":null,"11.1":null,"11.5":0.00672,"11.6":0.01344,"12":0.01344,"12.1":0.18816,"15":null,"16":null,"17":null,"18":null,"19":null,"20":null,"21":null,"22":null,"23":null,"24":null,"25":null,"26":null,"27":null,"28":0.00672,"29":null,"30":null,"31":0.00672,"32":null,"33":null,"34":0.00672,"35":0.00672,"36":0.168,"37":0.02016,"38":0.12768,"39":0.01344,"40":0.02016,"41":0.90048,"42":0.504,"43":0.00672,"44":null},"safari":{"3.1":null,"3.2":null,"4":0,"5":0.01344,"5.1":0.02016,"6":null,"6.1":0.01344,"7":null,"7.1":null,"8":0.02688,"9":0.02688,"9.1":0.11424,"10":0.4704,"0":null},"ios_saf":{"3.2":0,"4.0-4.1":0,"4.2-4.3":0,"5.0-5.1":0,"6.0-6.1":0,"7.0-7.1":0.0616976097511,"8":0,"8.1-8.4":0.0936614316703,"9.0-9.2":0.0628126267948,"9.3":0.398061084599,"10.0-10.2":2.98192724719},"android":{"2.1":0,"2.2":0,"2.3":0,"3":0,"4":0.0515145608108,"4.1":0.169262128378,"4.2-4.3":0.484657398649,"4.4":1.11755057432,"4.4.3-4.4.4":0.666535337838,"53":null},"op_mob":{"10":0,"11":0,"11.1":0,"11.5":0,"12":0,"12.1":0,"0":0.0304549768875},"ie":{"5.5":null,"6":0.00675637347767,"7":0.0135127469553,"8":0.337818673884,"9":0.317549553451,"10":0.216203951286,"11":4.10111870095},"edge":{"12":0.0336,"13":0.15456,"14":0.89376,"15":null},"bb":{"7":0.0082,"10":null},"ie_mob":{"10":0.139728,"11":0.558912},"and_ff":{"0":0.02296},"samsung":{"0":2.35176},"and_uc":{"0":0.2296},"op_mini":{"0":0.399225023112},"and_chr":{"0":23.57976}},"total":98.2294}