{"id":"BH","name":"Bahrain","month":"2016-12","access_date":"2017-01-17","data":{"chrome":{"4":null,"5":null,"6":null,"7":null,"8":null,"9":null,"10":null,"11":0.006716,"12":0.003358,"13":0.040296,"14":null,"15":null,"16":null,"17":null,"18":0.006716,"19":0.003358,"20":0.010074,"21":0.053728,"22":0.013432,"23":null,"24":0.006716,"25":0.010074,"26":0.010074,"27":0.020148,"28":0.01679,"29":0.026864,"30":0.023506,"31":0.060444,"32":0.03358,"33":0.030222,"34":0.03358,"35":0.010074,"36":0.077234,"37":0.01679,"38":0.03358,"39":0.020148,"40":0.010074,"41":0.087308,"42":0.006716,"43":0.141036,"44":0.026864,"45":0.01679,"46":0.01679,"47":0.026864,"48":0.036938,"49":1.0074,"50":0.043654,"51":0.18469,"52":0.228344,"53":0.157826,"54":8.63006,"55":8.989366,"56":0.080592,"57":0.05037,"58":null},"firefox":{"2":null,"3":0.006716,"3.5":null,"3.6":0.010074,"4":null,"5":null,"6":null,"7":null,"8":null,"9":null,"10":0.003358,"11":0.006716,"12":0.003358,"13":null,"14":0.003358,"15":0.003358,"16":null,"17":null,"18":null,"19":null,"20":0.003358,"21":0.043654,"22":0.010074,"23":0.006716,"24":0.040296,"25":0.01679,"26":null,"27":0.006716,"28":null,"29":0.010074,"30":null,"31":0.006716,"32":null,"33":0.006716,"34":null,"35":null,"36":0.006716,"37":0.043654,"38":0.010074,"39":0.010074,"40":0.006716,"41":0.010074,"42":0.006716,"43":0.030222,"44":0.020148,"45":0.026864,"46":0.01679,"47":0.13432,"48":0.1679,"49":0.1679,"50":2.45134,"51":0.124246,"52":0.006716,"53":null},"opera":{"9":null,"9.5-9.6":null,"10.0-10.1":0,"10.5":null,"10.6":null,"11":null,"11.1":null,"11.5":null,"11.6":0.003358,"12":0.006716,"12.1":0.01679,"15":null,"16":null,"17":null,"18":null,"19":null,"20":0.003358,"21":null,"22":null,"23":null,"24":null,"25":null,"26":null,"27":null,"28":0.063802,"29":null,"30":null,"31":null,"32":null,"33":null,"34":0.003358,"35":null,"36":0.010074,"37":0.006716,"38":0.023506,"39":null,"40":0.020148,"41":0.1679,"42":0.013432,"43":null,"44":null},"safari":{"3.1":null,"3.2":null,"4":0,"5":0.01679,"5.1":0.063802,"6":0.020148,"6.1":0.057086,"7":0.073876,"7.1":0.010074,"8":0.204838,"9":0.238418,"9.1":0.527206,"10":1.457372,"0":null},"ios_saf":{"3.2":0,"4.0-4.1":0,"4.2-4.3":0,"5.0-5.1":0,"6.0-6.1":0,"7.0-7.1":0.167190961264,"8":0,"8.1-8.4":0.253807965293,"9.0-9.2":0.170212484661,"9.3":1.07868385249,"10.0-10.2":8.08056073629},"android":{"2.1":0,"2.2":0,"2.3":0,"3":0,"4":0.0611608150338,"4.1":0.200956963682,"4.2-4.3":0.575410933277,"4.4":1.32681523226,"4.4.3-4.4.4":0.791346055743,"53":null},"op_mob":{"10":0,"11":0,"11.1":0,"11.5":0,"12":0,"12.1":0,"0":0.281522551618},"ie":{"5.5":null,"6":0.00336273959068,"7":0.00672547918137,"8":0.433793407198,"9":0.299283823571,"10":0.205127115032,"11":3.81670943543},"edge":{"12":0.06716,"13":0.208196,"14":0.826068,"15":null},"bb":{"7":0.026568,"10":null},"ie_mob":{"10":0.0571212,"11":0.2284848},"and_ff":{"0":0.013284},"samsung":{"0":5.725404},"and_uc":{"0":14.74524},"op_mini":{"0":3.69039344838},"and_chr":{"0":28.066298}},"total":98.153358}