{"id":"BJ","name":"Benin","month":"2016-12","access_date":"2017-01-17","data":{"chrome":{"4":0.007708,"5":null,"6":null,"7":null,"8":null,"9":0.003854,"10":0.005781,"11":0.017343,"12":0.042394,"13":0.007708,"14":0.013489,"15":0.009635,"16":0.025051,"17":0.005781,"18":0.015416,"19":0.025051,"20":null,"21":0.001927,"22":0.013489,"23":0.013489,"24":0.005781,"25":0.023124,"26":0.034686,"27":0.011562,"28":0.021197,"29":0.021197,"30":0.009635,"31":0.026978,"32":0.048175,"33":0.026978,"34":0.013489,"35":0.005781,"36":0.021197,"37":0.021197,"38":0.023124,"39":0.021197,"40":0.015416,"41":0.023124,"42":0.021197,"43":0.102131,"44":0.044321,"45":0.055883,"46":0.069372,"47":0.117547,"48":0.061664,"49":0.605078,"50":0.034686,"51":0.088642,"52":0.15416,"53":0.163795,"54":3.788482,"55":5.112331,"56":0.021197,"57":0.007708,"58":null},"firefox":{"2":0.001927,"3":0.036613,"3.5":0.003854,"3.6":0.015416,"4":0.009635,"5":null,"6":null,"7":0.003854,"8":0.001927,"9":0.007708,"10":0.005781,"11":0.015416,"12":0.013489,"13":0.005781,"14":0.013489,"15":0.032759,"16":0.01927,"17":0.003854,"18":0.007708,"19":0.026978,"20":0.011562,"21":0.011562,"22":0.015416,"23":0.005781,"24":0.015416,"25":0.017343,"26":0.005781,"27":0.007708,"28":0.005781,"29":0.015416,"30":0.044321,"31":0.026978,"32":0.023124,"33":0.015416,"34":0.009635,"35":0.023124,"36":0.015416,"37":0.030832,"38":0.030832,"39":0.028905,"40":0.023124,"41":0.034686,"42":0.030832,"43":0.333371,"44":0.09635,"45":0.079007,"46":0.028905,"47":0.368057,"48":0.094423,"49":0.296758,"50":2.878938,"51":0.138744,"52":0.03854,"53":null},"opera":{"9":null,"9.5-9.6":null,"10.0-10.1":0,"10.5":null,"10.6":null,"11":null,"11.1":null,"11.5":0.001927,"11.6":0.001927,"12":null,"12.1":0.023124,"15":null,"16":null,"17":null,"18":0.01927,"19":null,"20":0.013489,"21":null,"22":null,"23":null,"24":null,"25":null,"26":null,"27":null,"28":0.001927,"29":0.001927,"30":0.003854,"31":null,"32":null,"33":0.001927,"34":0.005781,"35":0.003854,"36":0.015416,"37":0.07708,"38":0.007708,"39":0.009635,"40":0.030832,"41":0.389254,"42":0.198481,"43":null,"44":null},"safari":{"3.1":null,"3.2":null,"4":0.001927,"5":null,"5.1":0.005781,"6":null,"6.1":0.001927,"7":0.01927,"7.1":0.003854,"8":0.100204,"9":0.042394,"9.1":0.063591,"10":0.273634,"0":null},"ios_saf":{"3.2":0,"4.0-4.1":0,"4.2-4.3":0,"5.0-5.1":0,"6.0-6.1":0,"7.0-7.1":0.0135659088937,"8":0,"8.1-8.4":0.0205940303688,"9.0-9.2":0.0138110759219,"9.3":0.0875246290672,"10.0-10.2":0.655658355748},"android":{"2.1":0,"2.2":0,"2.3":0,"3":0,"4":0.0564632711149,"4.1":0.18552217652,"4.2-4.3":0.531215673142,"4.4":1.2249072897,"4.4.3-4.4.4":0.730565589527,"53":null},"op_mob":{"10":0,"11":0,"11.1":0,"11.5":0,"12":0,"12.1":0,"0":4.22798807704},"ie":{"5.5":null,"6":0.00792697727273,"7":0.00792697727273,"8":0.168448267045,"9":0.0178356988636,"10":0.08719675,"11":0.408239329545},"edge":{"12":0.052029,"13":0.044321,"14":0.113693,"15":null},"bb":{"7":0.05045625,"10":null},"ie_mob":{"10":0.1824498,"11":0.7297992},"and_ff":{"0":0.016146},"samsung":{"0":0.766935},"and_uc":{"0":6.587568},"op_mini":{"0":55.423408923},"and_chr":{"0":9.360166}},"total":99.15004825}