{"id":"BM","name":"Bermuda","month":"2016-12","access_date":"2017-01-17","data":{"chrome":{"4":null,"5":null,"6":null,"7":null,"8":null,"9":null,"10":null,"11":0.00743,"12":0.01486,"13":null,"14":null,"15":null,"16":null,"17":null,"18":null,"19":null,"20":null,"21":null,"22":0.01486,"23":0.00743,"24":null,"25":null,"26":null,"27":0.02972,"28":0.02972,"29":0.01486,"30":null,"31":null,"32":0.01486,"33":null,"34":0.03715,"35":0.01486,"36":0.09659,"37":0.00743,"38":0.05201,"39":0.08173,"40":null,"41":0.02972,"42":0.04458,"43":0.02972,"44":0.02972,"45":0.02229,"46":0.02972,"47":0.04458,"48":0.0743,"49":1.74605,"50":0.15603,"51":0.24519,"52":0.10402,"53":0.17832,"54":16.72493,"55":12.16291,"56":0.05201,"57":0.02229,"58":null},"firefox":{"2":null,"3":null,"3.5":0.01486,"3.6":0.00743,"4":null,"5":null,"6":0.01486,"7":null,"8":null,"9":null,"10":null,"11":null,"12":null,"13":null,"14":null,"15":null,"16":0.00743,"17":0.00743,"18":null,"19":null,"20":null,"21":null,"22":null,"23":null,"24":null,"25":null,"26":0.02229,"27":null,"28":null,"29":null,"30":null,"31":null,"32":null,"33":null,"34":null,"35":null,"36":null,"37":null,"38":0.01486,"39":null,"40":null,"41":0.02229,"42":0.0743,"43":0.02229,"44":null,"45":0.03715,"46":0.02229,"47":0.0743,"48":0.31206,"49":0.11145,"50":4.37627,"51":0.05201,"52":null,"53":null},"opera":{"9":null,"9.5-9.6":null,"10.0-10.1":0,"10.5":null,"10.6":null,"11":null,"11.1":null,"11.5":null,"11.6":null,"12":null,"12.1":null,"15":null,"16":null,"17":null,"18":null,"19":null,"20":null,"21":null,"22":null,"23":null,"24":null,"25":null,"26":null,"27":null,"28":null,"29":null,"30":null,"31":null,"32":null,"33":null,"34":null,"35":null,"36":0.00743,"37":0.02229,"38":null,"39":null,"40":null,"41":0.05944,"42":0.02229,"43":null,"44":null},"safari":{"3.1":null,"3.2":null,"4":0.02229,"5":0.13374,"5.1":0.39379,"6":0.11888,"6.1":0.20804,"7":0.05944,"7.1":0.01486,"8":0.34178,"9":0.23776,"9.1":1.70147,"10":3.77444,"0":null},"ios_saf":{"3.2":0,"4.0-4.1":0,"4.2-4.3":0,"5.0-5.1":0,"6.0-6.1":0,"7.0-7.1":0.19902067679,"8":0,"8.1-8.4":0.302127774403,"9.0-9.2":0.202617436009,"9.3":1.28404304121,"10.0-10.2":9.61893307158},"android":{"2.1":0,"2.2":0,"2.3":0,"3":0,"4":0.0161603986486,"4.1":0.0530984527027,"4.2-4.3":0.152039668919,"4.4":0.350581709459,"4.4.3-4.4.4":0.20909577027,"53":null},"op_mob":{"10":0,"11":0,"11.1":0,"11.5":0,"12":0,"12.1":0,"0":0.0116535223421},"ie":{"5.5":null,"6":null,"7":0.00743,"8":0.36407,"9":1.46371,"10":0.92875,"11":20.49937},"edge":{"12":0.13374,"13":0.63898,"14":4.9781,"15":null},"bb":{"7":0.2658915,"10":null},"ie_mob":{"10":0.0174692,"11":0.0698768},"and_ff":{"0":0.015414},"samsung":{"0":4.886238},"and_uc":{"0":0.028259},"op_mini":{"0":0.152762477658},"and_chr":{"0":7.257175}},"total":98.5380075}