{"id":"BN","name":"Brunei Darussalam","month":"2016-12","access_date":"2017-01-17","data":{"chrome":{"4":null,"5":null,"6":null,"7":null,"8":null,"9":null,"10":null,"11":0.01608,"12":null,"13":null,"14":0.00804,"15":null,"16":null,"17":null,"18":0.00536,"19":null,"20":null,"21":null,"22":0.01608,"23":null,"24":null,"25":null,"26":0.00268,"27":0.01072,"28":0.00536,"29":0.00536,"30":null,"31":0.07772,"32":0.03216,"33":0.067,"34":0.00804,"35":0.00268,"36":0.47972,"37":0.00536,"38":0.02948,"39":0.01608,"40":0.00804,"41":0.00804,"42":0.00804,"43":0.0402,"44":0.04556,"45":0.02948,"46":0.05092,"47":0.04288,"48":0.0402,"49":0.77988,"50":0.03484,"51":0.0536,"52":0.16616,"53":0.21708,"54":7.83632,"55":7.63264,"56":0.06968,"57":0.03484,"58":null},"firefox":{"2":null,"3":0.01072,"3.5":null,"3.6":0.02144,"4":0.00268,"5":null,"6":0.00536,"7":0.00268,"8":null,"9":0.0134,"10":0.00268,"11":0.00536,"12":0.00804,"13":null,"14":null,"15":null,"16":0.00536,"17":null,"18":null,"19":0.00536,"20":0.00268,"21":null,"22":null,"23":null,"24":null,"25":0.00268,"26":null,"27":0.00804,"28":0.00536,"29":0.01876,"30":0.00804,"31":0.0134,"32":0.06968,"33":0.00804,"34":0.00536,"35":0.00804,"36":0.0134,"37":0.01072,"38":0.01608,"39":0.02144,"40":0.0134,"41":0.01608,"42":0.00804,"43":0.05092,"44":0.04556,"45":0.04824,"46":0.1474,"47":0.19028,"48":0.1876,"49":0.14204,"50":2.5594,"51":0.3484,"52":null,"53":0.00804},"opera":{"9":null,"9.5-9.6":null,"10.0-10.1":0,"10.5":null,"10.6":null,"11":null,"11.1":null,"11.5":null,"11.6":null,"12":0.00268,"12.1":0.00804,"15":null,"16":null,"17":null,"18":null,"19":0.00268,"20":null,"21":null,"22":null,"23":null,"24":null,"25":null,"26":null,"27":null,"28":null,"29":null,"30":null,"31":null,"32":null,"33":null,"34":null,"35":0.00536,"36":0.0134,"37":0.06432,"38":null,"39":null,"40":null,"41":0.1474,"42":0.04824,"43":0.01072,"44":null},"safari":{"3.1":null,"3.2":null,"4":0.00268,"5":0.03752,"5.1":0.10452,"6":0.00536,"6.1":0.0268,"7":0.0134,"7.1":0.00268,"8":0.11256,"9":0.10184,"9.1":0.32964,"10":1.10684,"0":null},"ios_saf":{"3.2":0,"4.0-4.1":0,"4.2-4.3":0,"5.0-5.1":0,"6.0-6.1":0,"7.0-7.1":0.140056674311,"8":0,"8.1-8.4":0.212616156182,"9.0-9.2":0.142587819027,"9.3":0.903618663774,"10.0-10.2":6.76912468671},"android":{"2.1":0,"2.2":0,"2.3":0,"3":0,"4":0.095261359375,"4.1":0.313001609375,"4.2-4.3":0.896234421875,"4.4":2.06658826562,"4.4.3-4.4.4":1.23256534375,"53":null},"op_mob":{"10":0,"11":0,"11.1":0,"11.5":0,"12":0,"12.1":0,"0":2.44127556857},"ie":{"5.5":null,"6":0.00268,"7":0.00268,"8":0.09112,"9":0.20904,"10":0.05896,"11":0.87368},"edge":{"12":0.01608,"13":0.12596,"14":0.38324,"15":null},"bb":{"7":0.0036595,"10":null},"ie_mob":{"10":0.0087828,"11":0.0351312},"and_ff":{"0":0.043914},"samsung":{"0":4.362124},"and_uc":{"0":5.899114},"op_mini":{"0":32.0019384314},"and_chr":{"0":15.512946}},"total":98.9371805}