{"id":"BR","name":"Brazil","month":"2016-12","access_date":"2017-01-17","data":{"chrome":{"4":null,"5":null,"6":null,"7":null,"8":null,"9":null,"10":null,"11":null,"12":null,"13":null,"14":null,"15":null,"16":null,"17":null,"18":0.00678,"19":null,"20":null,"21":null,"22":0.02034,"23":null,"24":null,"25":0.00678,"26":0.01356,"27":null,"28":null,"29":0.02034,"30":null,"31":0.01356,"32":0.339,"33":0.01356,"34":0.02034,"35":0.35934,"36":2.02044,"37":0.02712,"38":0.02712,"39":0.04068,"40":0.0339,"41":0.02712,"42":0.02712,"43":0.28476,"44":0.06102,"45":0.04068,"46":0.0678,"47":2.16282,"48":0.1017,"49":1.24752,"50":0.1695,"51":0.92208,"52":0.31866,"53":0.41358,"54":22.74012,"55":22.90962,"56":0.19662,"57":0.0678,"58":null},"firefox":{"2":null,"3":0.01356,"3.5":null,"3.6":0.00678,"4":null,"5":null,"6":null,"7":null,"8":null,"9":null,"10":null,"11":null,"12":null,"13":null,"14":null,"15":null,"16":null,"17":null,"18":null,"19":null,"20":null,"21":null,"22":null,"23":null,"24":null,"25":null,"26":null,"27":null,"28":null,"29":null,"30":0.00678,"31":0.05424,"32":null,"33":0.01356,"34":0.00678,"35":0.01356,"36":0.00678,"37":0.01356,"38":0.06102,"39":0.01356,"40":0.02034,"41":0.02712,"42":0.02034,"43":0.11526,"44":0.02712,"45":0.12882,"46":0.07458,"47":0.36612,"48":0.22374,"49":0.17628,"50":4.99686,"51":0.04068,"52":0.01356,"53":null},"opera":{"9":null,"9.5-9.6":null,"10.0-10.1":0,"10.5":null,"10.6":null,"11":null,"11.1":null,"11.5":null,"11.6":null,"12":null,"12.1":0.01356,"15":null,"16":null,"17":null,"18":null,"19":null,"20":null,"21":null,"22":null,"23":null,"24":null,"25":null,"26":null,"27":null,"28":null,"29":null,"30":null,"31":null,"32":null,"33":null,"34":null,"35":null,"36":0.00678,"37":0.00678,"38":0.08814,"39":null,"40":0.00678,"41":0.31866,"42":0.17628,"43":null,"44":null},"safari":{"3.1":null,"3.2":null,"4":0.01356,"5":0.00678,"5.1":0.01356,"6":null,"6.1":0.02034,"7":0.01356,"7.1":null,"8":0.06102,"9":0.06102,"9.1":0.25086,"10":0.8136,"0":null},"ios_saf":{"3.2":0,"4.0-4.1":0,"4.2-4.3":0,"5.0-5.1":0,"6.0-6.1":0,"7.0-7.1":0.0669185249458,"8":0,"8.1-8.4":0.101587158351,"9.0-9.2":0.0681278958785,"9.3":0.431745422993,"10.0-10.2":3.23426099783},"android":{"2.1":0,"2.2":0,"2.3":0,"3":0,"4":0.0457082263514,"4.1":0.150184172297,"4.2-4.3":0.430030456081,"4.4":0.991588665541,"4.4.3-4.4.4":0.59140847973,"53":null},"op_mob":{"10":0,"11":0,"11.1":0,"11.5":0,"12":0,"12.1":0,"0":0.0591110631741},"ie":{"5.5":null,"6":0.0071393639576,"7":0.0071393639576,"8":0.278435194346,"9":0.185623462898,"10":0.164205371025,"11":1.37789724382},"edge":{"12":0.04746,"13":0.15594,"14":0.76614,"15":null},"bb":{"7":0.00322,"10":null},"ie_mob":{"10":0.134596,"11":0.538384},"and_ff":{"0":0.00966},"samsung":{"0":1.5134},"and_uc":{"0":0.51198},"op_mini":{"0":0.774868936826},"and_chr":{"0":22.71804}},"total":98.39846}