{"id":"BS","name":"Bahamas","month":"2016-12","access_date":"2017-01-17","data":{"chrome":{"4":null,"5":null,"6":null,"7":null,"8":null,"9":null,"10":null,"11":0.015756,"12":0.005252,"13":null,"14":null,"15":null,"16":null,"17":null,"18":null,"19":null,"20":null,"21":null,"22":null,"23":null,"24":null,"25":null,"26":null,"27":null,"28":null,"29":0.010504,"30":0.010504,"31":0.010504,"32":0.042016,"33":0.015756,"34":0.010504,"35":0.010504,"36":0.252096,"37":0.021008,"38":0.02626,"39":0.021008,"40":0.010504,"41":0.005252,"42":0.015756,"43":0.126048,"44":0.02626,"45":0.021008,"46":0.021008,"47":0.021008,"48":0.02626,"49":1.49682,"50":0.241592,"51":0.719524,"52":0.336128,"53":0.225836,"54":13.035464,"55":11.827504,"56":0.07878,"57":0.031512,"58":null},"firefox":{"2":0.005252,"3":null,"3.5":null,"3.6":0.010504,"4":null,"5":null,"6":null,"7":null,"8":null,"9":null,"10":null,"11":null,"12":0.010504,"13":0.010504,"14":null,"15":null,"16":0.02626,"17":null,"18":null,"19":null,"20":null,"21":null,"22":null,"23":0.015756,"24":0.021008,"25":null,"26":null,"27":null,"28":null,"29":null,"30":null,"31":0.010504,"32":0.010504,"33":null,"34":null,"35":null,"36":0.021008,"37":null,"38":0.021008,"39":0.005252,"40":null,"41":0.010504,"42":0.015756,"43":0.07878,"44":0.021008,"45":0.068276,"46":0.042016,"47":0.267852,"48":0.351884,"49":0.136552,"50":3.240484,"51":0.042016,"52":null,"53":null},"opera":{"9":null,"9.5-9.6":null,"10.0-10.1":0,"10.5":null,"10.6":null,"11":null,"11.1":null,"11.5":null,"11.6":null,"12":null,"12.1":0.010504,"15":null,"16":null,"17":null,"18":null,"19":null,"20":null,"21":null,"22":null,"23":null,"24":null,"25":null,"26":null,"27":null,"28":null,"29":0.021008,"30":null,"31":null,"32":null,"33":0.015756,"34":null,"35":null,"36":0.005252,"37":0.063024,"38":0.094536,"39":null,"40":null,"41":0.120796,"42":0.036764,"43":null,"44":null},"safari":{"3.1":null,"3.2":null,"4":0.021008,"5":0.036764,"5.1":0.152308,"6":0.010504,"6.1":0.05252,"7":0.047268,"7.1":0.005252,"8":0.126048,"9":0.199576,"9.1":0.955864,"10":2.027272,"0":null},"ios_saf":{"3.2":0,"4.0-4.1":0,"4.2-4.3":0,"5.0-5.1":0,"6.0-6.1":0,"7.0-7.1":0.196126093585,"8":0,"8.1-8.4":0.297733587852,"9.0-9.2":0.19967054106,"9.3":1.26536774837,"10.0-10.2":9.47903402913},"android":{"2.1":0,"2.2":0,"2.3":0,"3":0,"4":0.0566892753378,"4.1":0.186264761824,"4.2-4.3":0.53334195777,"4.4":1.22981019764,"4.4.3-4.4.4":0.733489807432,"53":null},"op_mob":{"10":0,"11":0,"11.1":0,"11.5":0,"12":0,"12.1":0,"0":0.0420662557781},"ie":{"5.5":null,"6":null,"7":0.010504,"8":0.2626,"9":0.23634,"10":0.372892,"11":6.213116},"edge":{"12":0.220584,"13":0.798304,"14":3.760432,"15":null},"bb":{"7":0.032049,"10":null},"ie_mob":{"10":0.1025568,"11":0.4102272},"and_ff":{"0":0.028488},"samsung":{"0":8.038364},"and_uc":{"0":0.3561},"op_mini":{"0":0.551433744222},"and_chr":{"0":26.05982}},"total":98.836557}