{"id":"BY","name":"Belarus","month":"2016-12","access_date":"2017-01-17","data":{"chrome":{"4":0.16478,"5":0.074151,"6":0.074151,"7":0.057673,"8":0.041195,"9":0.090629,"10":0.065912,"11":0.123585,"12":0.148302,"13":0.131824,"14":0.131824,"15":0.16478,"16":0.181258,"17":0.238931,"18":0.24717,"19":0.16478,"20":0.197736,"21":0.32956,"22":0.255409,"23":0.238931,"24":0.255409,"25":0.189497,"26":0.214214,"27":0.214214,"28":0.098868,"29":0.065912,"30":0.049434,"31":0.074151,"32":0.049434,"33":0.057673,"34":0.08239,"35":0.16478,"36":0.049434,"37":0.065912,"38":0.115346,"39":0.214214,"40":0.321321,"41":0.189497,"42":0.148302,"43":0.453145,"44":0.057673,"45":0.098868,"46":0.041195,"47":0.115346,"48":0.173019,"49":2.30692,"50":0.115346,"51":0.486101,"52":0.395472,"53":0.444906,"54":16.140201,"55":16.618063,"56":0.214214,"57":0.156541,"58":null},"firefox":{"2":0.115346,"3":0.313082,"3.5":0.617925,"3.6":2.084467,"4":0.131824,"5":0.041195,"6":0.041195,"7":0.024717,"8":0.024717,"9":0.049434,"10":0.08239,"11":0.065912,"12":0.065912,"13":0.041195,"14":0.08239,"15":0.065912,"16":0.065912,"17":0.049434,"18":0.041195,"19":0.057673,"20":0.08239,"21":0.074151,"22":0.049434,"23":0.065912,"24":0.057673,"25":0.057673,"26":0.032956,"27":0.024717,"28":0.032956,"29":0.008239,"30":0.024717,"31":0.049434,"32":0.057673,"33":0.08239,"34":0.057673,"35":0.107107,"36":0.123585,"37":0.024717,"38":0.057673,"39":0.016478,"40":0.024717,"41":0.024717,"42":0.024717,"43":0.098868,"44":0.032956,"45":0.173019,"46":0.057673,"47":0.362516,"48":0.197736,"49":0.222453,"50":5.470696,"51":0.016478,"52":0.008239,"53":null},"opera":{"9":null,"9.5-9.6":0.008239,"10.0-10.1":0.090629,"10.5":0.090629,"10.6":0.238931,"11":0.065912,"11.1":0.074151,"11.5":0.131824,"11.6":0.57673,"12":0.667359,"12.1":2.216291,"15":0.032956,"16":0.032956,"17":0.024717,"18":0.090629,"19":0.041195,"20":0.090629,"21":0.057673,"22":0.024717,"23":0.024717,"24":0.065912,"25":0.065912,"26":0.065912,"27":0.453145,"28":0.115346,"29":0.032956,"30":0.049434,"31":0.016478,"32":0.016478,"33":0.024717,"34":0.057673,"35":0.065912,"36":1.046353,"37":0.148302,"38":0.115346,"39":0.049434,"40":0.057673,"41":4.276041,"42":2.117423,"43":0.016478,"44":null},"safari":{"3.1":0.057673,"3.2":0.024717,"4":0.238931,"5":0.346038,"5.1":0.238931,"6":0.065912,"6.1":0.024717,"7":0.032956,"7.1":null,"8":0.049434,"9":0.057673,"9.1":0.173019,"10":0.766227,"0":null},"ios_saf":{"3.2":0,"4.0-4.1":0,"4.2-4.3":0,"5.0-5.1":0,"6.0-6.1":0,"7.0-7.1":0.0344037186241,"8":0,"8.1-8.4":0.0522273318872,"9.0-9.2":0.0350254725751,"9.3":0.221966160521,"10.0-10.2":1.66277731639},"android":{"2.1":0,"2.2":0,"2.3":0,"3":0,"4":0.0277876351351,"4.1":0.0913022297297,"4.2-4.3":0.261430608108,"4.4":0.602821554054,"4.4.3-4.4.4":0.359537972973,"53":null},"op_mob":{"10":0,"11":0,"11.1":0,"11.5":0,"12":0,"12.1":0,"0":0.118258983051},"ie":{"5.5":null,"6":0.00891904444444,"7":0.0178380888889,"8":0.900823488889,"9":0.303247511111,"10":0.490547444444,"11":1.08812342222},"edge":{"12":0.041195,"13":0.090629,"14":0.469623,"15":null},"bb":{"7":0.00264,"10":null},"ie_mob":{"10":0.080256,"11":0.321024},"and_ff":{"0":0.00528},"samsung":{"0":0.79728},"and_uc":{"0":0.47696},"op_mini":{"0":1.55022101695},"and_chr":{"0":11.228536}},"total":92.278472}