{"id":"CA","name":"Canada","month":"2016-12","access_date":"2017-01-17","data":{"chrome":{"4":null,"5":null,"6":null,"7":null,"8":null,"9":null,"10":null,"11":0.011848,"12":null,"13":null,"14":null,"15":null,"16":null,"17":null,"18":null,"19":null,"20":null,"21":0.005924,"22":0.017772,"23":null,"24":null,"25":null,"26":0.005924,"27":null,"28":null,"29":null,"30":null,"31":0.017772,"32":0.017772,"33":0.017772,"34":0.02962,"35":0.023696,"36":0.053316,"37":0.023696,"38":0.041468,"39":0.047392,"40":0.023696,"41":0.065164,"42":0.053316,"43":0.1481,"44":0.041468,"45":0.136252,"46":0.05924,"47":0.053316,"48":0.106632,"49":1.522468,"50":0.213264,"51":1.001156,"52":0.302124,"53":0.35544,"54":14.324232,"55":12.712904,"56":0.071088,"57":0.02962,"58":null},"firefox":{"2":null,"3":0.017772,"3.5":null,"3.6":0.011848,"4":0.005924,"5":null,"6":null,"7":null,"8":null,"9":null,"10":null,"11":null,"12":0.005924,"13":null,"14":null,"15":null,"16":0.011848,"17":null,"18":null,"19":null,"20":null,"21":0.011848,"22":null,"23":null,"24":0.005924,"25":null,"26":null,"27":null,"28":0.011848,"29":0.05924,"30":0.005924,"31":0.017772,"32":null,"33":0.011848,"34":0.017772,"35":0.017772,"36":0.02962,"37":0.017772,"38":0.065164,"39":0.023696,"40":0.023696,"41":0.02962,"42":0.02962,"43":0.11848,"44":0.035544,"45":0.189568,"46":0.106632,"47":0.432452,"48":0.361364,"49":0.219188,"50":6.202428,"51":0.071088,"52":null,"53":null},"opera":{"9":null,"9.5-9.6":null,"10.0-10.1":0,"10.5":null,"10.6":null,"11":null,"11.1":null,"11.5":null,"11.6":null,"12":null,"12.1":0.023696,"15":null,"16":null,"17":null,"18":null,"19":null,"20":null,"21":null,"22":null,"23":null,"24":null,"25":null,"26":null,"27":null,"28":0.011848,"29":null,"30":null,"31":null,"32":null,"33":null,"34":null,"35":null,"36":0.011848,"37":0.005924,"38":0.159948,"39":null,"40":null,"41":0.142176,"42":0.071088,"43":null,"44":null},"safari":{"3.1":null,"3.2":null,"4":0.023696,"5":0.065164,"5.1":0.165872,"6":0.011848,"6.1":0.130328,"7":0.047392,"7.1":0.023696,"8":0.225112,"9":0.260656,"9.1":1.309204,"10":3.222656,"0":null},"ios_saf":{"3.2":0,"4.0-4.1":0,"4.2-4.3":0,"5.0-5.1":0,"6.0-6.1":0,"7.0-7.1":0.351342695176,"8":0,"8.1-8.4":0.533363609544,"9.0-9.2":0.357692261956,"9.3":2.26679534056,"10.0-10.2":16.9808580928},"android":{"2.1":0,"2.2":0,"2.3":0,"3":0,"4":0.0152660658784,"4.1":0.0501599307432,"4.2-4.3":0.143625640203,"4.4":0.331180163851,"4.4.3-4.4.4":0.197524199324,"53":null},"op_mob":{"10":0,"11":0,"11.1":0,"11.5":0,"12":0,"12.1":0,"0":0.0343790816641},"ie":{"5.5":null,"6":0.0119448501362,"7":0.0179172752044,"8":0.860029209809,"9":0.280703978202,"10":0.250841852861,"11":7.34608283379},"edge":{"12":0.047392,"13":0.32582,"14":3.13972,"15":null},"bb":{"7":0.31589,"10":null},"ie_mob":{"10":0.0228256,"11":0.0913024},"and_ff":{"0":0.06114},"samsung":{"0":3.456448},"and_uc":{"0":0.26494},"op_mini":{"0":0.450664918336},"and_chr":{"0":14.04156}},"total":97.86221}