{"id":"CD","name":"Congo, Democratic Republic of the","month":"2016-12","access_date":"2017-01-17","data":{"chrome":{"4":null,"5":0.000792,"6":0.000264,"7":null,"8":0.000528,"9":null,"10":null,"11":0.012144,"12":0.000528,"13":0.000264,"14":0.001056,"15":null,"16":0.001848,"17":null,"18":0.000528,"19":0.002112,"20":null,"21":0.003168,"22":0.000528,"23":0.002376,"24":null,"25":0.001056,"26":0.00264,"27":0.004488,"28":0.002376,"29":0.004752,"30":0.000528,"31":0.00264,"32":0.006336,"33":0.005016,"34":0.000264,"35":0.000792,"36":null,"37":0.000528,"38":0.000792,"39":0.000792,"40":0.001584,"41":0.000264,"42":0.001056,"43":0.020328,"44":0.000792,"45":0.01452,"46":0.00396,"47":0.002112,"48":0.001584,"49":0.03036,"50":0.006072,"51":0.016104,"52":0.019008,"53":0.016104,"54":0.441936,"55":0.37356,"56":0.00396,"57":0.001056,"58":null},"firefox":{"2":null,"3":0.025344,"3.5":0.001584,"3.6":0.004752,"4":0.003168,"5":0.00132,"6":null,"7":0.000528,"8":0.002112,"9":0.000792,"10":0.001584,"11":0.005016,"12":0.00396,"13":0.003168,"14":0.001584,"15":0.002904,"16":0.003168,"17":0.001584,"18":0.002112,"19":0.002376,"20":0.006072,"21":0.00264,"22":0.003168,"23":0.001056,"24":0.00132,"25":0.001056,"26":0.004752,"27":0.000528,"28":0.004224,"29":0.00924,"30":0.002904,"31":0.003432,"32":0.007656,"33":0.006072,"34":0.001848,"35":0.010296,"36":0.003696,"37":0.003432,"38":0.005016,"39":0.0066,"40":0.006336,"41":0.003696,"42":0.004488,"43":0.028776,"44":0.012408,"45":0.007656,"46":0.01584,"47":0.07128,"48":0.033792,"49":0.053064,"50":0.435864,"51":0.009504,"52":0.004488,"53":0.003168},"opera":{"9":null,"9.5-9.6":0.000528,"10.0-10.1":0.000792,"10.5":null,"10.6":0.000528,"11":0.000792,"11.1":0.001056,"11.5":0.004488,"11.6":0.002112,"12":0.001056,"12.1":0.006072,"15":0.001056,"16":0.001584,"17":0.00132,"18":0.00264,"19":0.001056,"20":0.001056,"21":0.00132,"22":0.00132,"23":null,"24":0.000528,"25":0.000528,"26":0.003696,"27":0.000528,"28":0.001056,"29":0.002376,"30":0.003168,"31":0.000528,"32":0.000792,"33":0.001584,"34":0.018216,"35":0.005016,"36":0.017424,"37":0.03168,"38":0.002112,"39":0.005016,"40":0.00528,"41":0.098208,"42":0.031152,"43":null,"44":null},"safari":{"3.1":null,"3.2":null,"4":0.00132,"5":0.00396,"5.1":0.003432,"6":0.002376,"6.1":null,"7":0.001848,"7.1":0.000792,"8":0.010032,"9":0.00396,"9.1":0.020856,"10":0.017424,"0":null},"ios_saf":{"3.2":0,"4.0-4.1":0,"4.2-4.3":0,"5.0-5.1":0,"6.0-6.1":0,"7.0-7.1":0.00600995103812,"8":0,"8.1-8.4":0.00912354013015,"9.0-9.2":0.00611856461109,"9.3":0.0387750455531,"10.0-10.2":0.290468898667},"android":{"2.1":0,"2.2":0,"2.3":0,"3":0,"4":0.045933527027,"4.1":0.150924445946,"4.2-4.3":0.432150121622,"4.4":0.996476310811,"4.4.3-4.4.4":0.594323594595,"53":null},"op_mob":{"10":0,"11":0,"11.1":0,"11.5":0,"12":0,"12.1":0,"0":6.1430109584},"ie":{"5.5":null,"6":0.0015891372973,"7":0.00211884972973,"8":0.0476741189189,"9":0.00635654918919,"10":0.0360204454054,"11":0.140638650811},"edge":{"12":0.027192,"13":0.014256,"14":0.025344,"15":null},"bb":{"7":0.029208,"10":null},"ie_mob":{"10":0.116832,"11":0.467328},"and_ff":{"0":0.029208},"samsung":{"0":0.516008},"and_uc":{"0":3.99176},"op_mini":{"0":80.5268610416},"and_chr":{"0":2.618712}},"total":99.4900057514}