{"id":"CF","name":"Central African Republic","month":"2016-12","access_date":"2017-01-17","data":{"chrome":{"4":0.007524,"5":null,"6":null,"7":null,"8":0.124146,"9":null,"10":0.015048,"11":0.135432,"12":0.101574,"13":null,"14":null,"15":null,"16":0.011286,"17":null,"18":0.011286,"19":null,"20":null,"21":null,"22":null,"23":0.003762,"24":null,"25":0.082764,"26":0.003762,"27":null,"28":0.233244,"29":0.11286,"30":null,"31":null,"32":null,"33":null,"34":null,"35":0.067716,"36":0.011286,"37":0.015048,"38":0.007524,"39":null,"40":0.015048,"41":0.015048,"42":0.01881,"43":0.142956,"44":0.030096,"45":0.158004,"46":null,"47":0.015048,"48":0.361152,"49":0.379962,"50":0.026334,"51":0.504108,"52":0.101574,"53":0.203148,"54":4.593402,"55":8.291448,"56":null,"57":0.007524,"58":null},"firefox":{"2":null,"3":0.026334,"3.5":0.003762,"3.6":0.082764,"4":0.158004,"5":0.003762,"6":0.015048,"7":0.180576,"8":null,"9":0.022572,"10":0.045144,"11":0.048906,"12":0.067716,"13":0.16929,"14":0.048906,"15":0.022572,"16":0.26334,"17":0.048906,"18":0.082764,"19":0.199386,"20":0.060192,"21":0.16929,"22":0.045144,"23":0.015048,"24":0.015048,"25":0.030096,"26":null,"27":0.03762,"28":0.015048,"29":0.15048,"30":0.086526,"31":0.003762,"32":0.267102,"33":null,"34":0.09405,"35":0.346104,"36":0.146718,"37":0.01881,"38":0.195624,"39":0.030096,"40":0.158004,"41":0.127908,"42":null,"43":0.605682,"44":0.199386,"45":0.3762,"46":0.124146,"47":1.060884,"48":0.124146,"49":0.650826,"50":6.41421,"51":0.071478,"52":null,"53":null},"opera":{"9":null,"9.5-9.6":null,"10.0-10.1":0,"10.5":null,"10.6":null,"11":null,"11.1":null,"11.5":null,"11.6":null,"12":null,"12.1":0.01881,"15":null,"16":null,"17":null,"18":null,"19":null,"20":null,"21":0.007524,"22":null,"23":null,"24":null,"25":null,"26":null,"27":null,"28":null,"29":null,"30":null,"31":null,"32":0.052668,"33":null,"34":null,"35":0.003762,"36":0.067716,"37":0.030096,"38":null,"39":null,"40":null,"41":0.184338,"42":0.165528,"43":0.015048,"44":null},"safari":{"3.1":null,"3.2":null,"4":0,"5":null,"5.1":0.05643,"6":0.082764,"6.1":null,"7":0.048906,"7.1":0.052668,"8":0.24453,"9":0.011286,"9.1":0.060192,"10":1.102266,"0":null},"ios_saf":{"3.2":0,"4.0-4.1":0,"4.2-4.3":0,"5.0-5.1":0,"6.0-6.1":0,"7.0-7.1":0.0398971680612,"8":0,"8.1-8.4":0.0605667852495,"9.0-9.2":0.0406182012189,"9.3":0.25740883731,"10.0-10.2":1.92828300816},"android":{"2.1":0,"2.2":0,"2.3":0,"3":0,"4":0.0849347956081,"4.1":0.279071471284,"4.2-4.3":0.799080423986,"4.4":1.84256505574,"4.4.3-4.4.4":1.09895225338,"53":null},"op_mob":{"10":0,"11":0,"11.1":0,"11.5":0,"12":0,"12.1":0,"0":1.81940064715},"ie":{"5.5":null,"6":null,"7":0.015048,"8":0.462726,"9":0.097812,"10":0.267102,"11":2.693592},"edge":{"12":0.135432,"13":0.124146,"14":0.458964,"15":null},"bb":{"7":0.0046785,"10":null},"ie_mob":{"10":0.5264872,"11":2.1059488},"and_ff":{"0":0.349328},"samsung":{"0":2.395392},"and_uc":{"0":3.156428},"op_mini":{"0":23.8499693529},"and_chr":{"0":23.058434}},"total":99.0941025}