{"id":"CG","name":"Congo, Republic of the","month":"2016-12","access_date":"2017-01-17","data":{"chrome":{"4":0.010536,"5":null,"6":0.003512,"7":null,"8":0.003512,"9":0.005268,"10":0.012292,"11":0.042144,"12":0.001756,"13":null,"14":null,"15":0.00878,"16":0.010536,"17":null,"18":0.00878,"19":0.007024,"20":null,"21":null,"22":0.059704,"23":null,"24":null,"25":0.005268,"26":0.068484,"27":0.001756,"28":0.005268,"29":null,"30":0.00878,"31":0.029852,"32":0.015804,"33":0.015804,"34":0.001756,"35":0.005268,"36":0.022828,"37":0.056192,"38":0.007024,"39":0.00878,"40":0.019316,"41":0.010536,"42":null,"43":0.049168,"44":0.00878,"45":0.10536,"46":0.005268,"47":0.024584,"48":0.007024,"49":0.19316,"50":0.021072,"51":0.082532,"52":0.093068,"53":0.179112,"54":3.132704,"55":2.403964,"56":0.01756,"57":0.03512,"58":null},"firefox":{"2":null,"3":0.363492,"3.5":0.014048,"3.6":0.029852,"4":0.031608,"5":null,"6":0.007024,"7":0.001756,"8":0.003512,"9":0.003512,"10":0.029852,"11":0.124676,"12":0.022828,"13":0.005268,"14":0.045656,"15":0.00878,"16":0.050924,"17":0.010536,"18":0.047412,"19":0.042144,"20":0.007024,"21":0.01756,"22":0.003512,"23":0.003512,"24":0.007024,"25":0.021072,"26":0.005268,"27":0.003512,"28":0.007024,"29":0.010536,"30":0.010536,"31":0.029852,"32":0.019316,"33":0.015804,"34":0.014048,"35":0.010536,"36":0.007024,"37":0.024584,"38":0.073752,"39":0.019316,"40":0.02634,"41":0.01756,"42":0.012292,"43":0.163308,"44":0.0439,"45":0.098336,"46":0.036876,"47":0.44778,"48":0.186136,"49":0.233548,"50":3.720964,"51":0.143992,"52":0.015804,"53":null},"opera":{"9":null,"9.5-9.6":0.003512,"10.0-10.1":0.007024,"10.5":null,"10.6":null,"11":0.003512,"11.1":null,"11.5":0.012292,"11.6":0.01756,"12":null,"12.1":0.033364,"15":null,"16":null,"17":0.003512,"18":null,"19":null,"20":0.005268,"21":null,"22":0.003512,"23":null,"24":null,"25":0.015804,"26":null,"27":null,"28":0.00878,"29":0.005268,"30":0.003512,"31":null,"32":0.003512,"33":null,"34":0.001756,"35":0.038632,"36":0.040388,"37":0.028096,"38":0.00878,"39":0.019316,"40":0.010536,"41":0.451292,"42":0.108872,"43":0.00878,"44":null},"safari":{"3.1":null,"3.2":null,"4":0.003512,"5":0.007024,"5.1":0.029852,"6":0.00878,"6.1":0.007024,"7":0.03512,"7.1":0.010536,"8":0.068484,"9":0.059704,"9.1":0.226524,"10":0.233548,"0":null},"ios_saf":{"3.2":0,"4.0-4.1":0,"4.2-4.3":0,"5.0-5.1":0,"6.0-6.1":0,"7.0-7.1":0.02403116207,"8":0,"8.1-8.4":0.0364810412148,"9.0-9.2":0.0244654601797,"9.3":0.155044425163,"10.0-10.2":1.16145791137},"android":{"2.1":0,"2.2":0,"2.3":0,"3":0,"4":0.107812581081,"4.1":0.354241337838,"4.2-4.3":1.01431836486,"4.4":2.33887293243,"4.4.3-4.4.4":1.39496278378,"53":null},"op_mob":{"10":0,"11":0,"11.1":0,"11.5":0,"12":0,"12.1":0,"0":3.46209892142},"ie":{"5.5":null,"6":null,"7":0.0017824344086,"8":0.313708455914,"9":0.0748622451613,"10":0.137247449462,"11":1.12828098065},"edge":{"12":0.142236,"13":0.107116,"14":0.115896,"15":null},"bb":{"7":0.169002,"10":null},"ie_mob":{"10":0.08244,"11":0.32976},"and_ff":{"0":0.04122},"samsung":{"0":1.838412},"and_uc":{"0":12.5721},"op_mini":{"0":45.3836010786},"and_chr":{"0":11.038196}},"total":98.1981995656}