{"id":"CH","name":"Switzerland","month":"2016-12","access_date":"2017-01-17","data":{"chrome":{"4":null,"5":null,"6":null,"7":null,"8":null,"9":null,"10":null,"11":0.011688,"12":null,"13":null,"14":null,"15":null,"16":null,"17":null,"18":null,"19":null,"20":null,"21":null,"22":0.02922,"23":null,"24":null,"25":null,"26":0.005844,"27":null,"28":null,"29":0.005844,"30":null,"31":0.011688,"32":0.02922,"33":0.017532,"34":0.02922,"35":0.05844,"36":0.081816,"37":0.017532,"38":0.040908,"39":0.040908,"40":0.017532,"41":0.052596,"42":0.05844,"43":0.070128,"44":0.046752,"45":0.046752,"46":0.035064,"47":0.05844,"48":0.05844,"49":0.783096,"50":0.075972,"51":0.362328,"52":0.151944,"53":0.227916,"54":8.690028,"55":7.871868,"56":0.046752,"57":0.017532,"58":null},"firefox":{"2":null,"3":null,"3.5":null,"3.6":0.017532,"4":null,"5":null,"6":null,"7":null,"8":0.005844,"9":null,"10":null,"11":null,"12":0.011688,"13":null,"14":null,"15":null,"16":0.023376,"17":null,"18":null,"19":null,"20":null,"21":null,"22":null,"23":null,"24":0.005844,"25":null,"26":0.005844,"27":0.017532,"28":0.011688,"29":0.017532,"30":0.011688,"31":0.05844,"32":null,"33":0.023376,"34":0.017532,"35":0.02922,"36":0.035064,"37":0.023376,"38":0.105192,"39":0.040908,"40":0.040908,"41":0.075972,"42":0.075972,"43":0.105192,"44":0.046752,"45":0.420768,"46":0.099348,"47":0.32142,"48":0.607776,"49":0.49674,"50":9.899736,"51":0.064284,"52":0.005844,"53":null},"opera":{"9":null,"9.5-9.6":null,"10.0-10.1":0,"10.5":null,"10.6":null,"11":null,"11.1":null,"11.5":null,"11.6":null,"12":null,"12.1":0.070128,"15":null,"16":null,"17":null,"18":null,"19":null,"20":null,"21":null,"22":null,"23":null,"24":null,"25":null,"26":null,"27":null,"28":null,"29":null,"30":null,"31":null,"32":null,"33":null,"34":null,"35":null,"36":0.017532,"37":0.005844,"38":0.035064,"39":null,"40":null,"41":0.32142,"42":0.1461,"43":null,"44":null},"safari":{"3.1":null,"3.2":null,"4":0.023376,"5":0.105192,"5.1":0.303888,"6":0.035064,"6.1":0.227916,"7":0.064284,"7.1":0.023376,"8":0.338952,"9":0.420768,"9.1":1.87008,"10":5.440764,"0":null},"ios_saf":{"3.2":0,"4.0-4.1":0,"4.2-4.3":0,"5.0-5.1":0,"6.0-6.1":0,"7.0-7.1":0.38289548683,"8":0,"8.1-8.4":0.5812630282,"9.0-9.2":0.389815284785,"9.3":2.47036786985,"10.0-10.2":18.5058463303},"android":{"2.1":0,"2.2":0,"2.3":0,"3":0,"4":0.0132437398649,"4.1":0.0435151452703,"4.2-4.3":0.124599266892,"4.4":0.287308070946,"4.4.3-4.4.4":0.171357777027,"53":null},"op_mob":{"10":0,"11":0,"11.1":0,"11.5":0,"12":0,"12.1":0,"0":0.010309953775},"ie":{"5.5":null,"6":0.00584972099853,"7":0.00584972099853,"8":0.175491629956,"9":0.251538002937,"10":0.263237444934,"11":11.2490134802},"edge":{"12":0.064284,"13":0.403236,"14":3.5064,"15":null},"bb":{"7":0.014546,"10":null},"ie_mob":{"10":0.0731456,"11":0.2925824},"and_ff":{"0":0.070652},"samsung":{"0":5.078632},"and_uc":{"0":0.116368},"op_mini":{"0":0.135150046225},"and_chr":{"0":11.194308}},"total":97.104382}