{"id":"CI","name":"Cote d'Ivoire","month":"2016-12","access_date":"2017-01-17","data":{"chrome":{"4":0.005062,"5":0.002531,"6":null,"7":0.005062,"8":0.002531,"9":0.020248,"10":0.005062,"11":0.055682,"12":0.053151,"13":0.017717,"14":0.010124,"15":0.010124,"16":0.037965,"17":0.015186,"18":0.020248,"19":0.010124,"20":null,"21":0.007593,"22":0.005062,"23":0.007593,"24":0.007593,"25":0.015186,"26":0.086054,"27":0.05062,"28":0.045558,"29":0.048089,"30":0.055682,"31":0.091116,"32":0.070868,"33":0.065806,"34":0.012655,"35":0.032903,"36":0.167046,"37":0.012655,"38":0.030372,"39":0.027841,"40":0.027841,"41":0.015186,"42":0.020248,"43":0.339154,"44":0.05062,"45":0.048089,"46":0.080992,"47":0.055682,"48":0.05062,"49":2.510752,"50":0.080992,"51":0.134143,"52":0.286003,"53":0.179701,"54":5.479615,"55":5.401154,"56":0.02531,"57":0.022779,"58":null},"firefox":{"2":0.002531,"3":0.012655,"3.5":null,"3.6":0.010124,"4":0.007593,"5":null,"6":0.002531,"7":null,"8":0.005062,"9":0.002531,"10":0.002531,"11":0.010124,"12":0.012655,"13":0.007593,"14":0.007593,"15":0.015186,"16":0.010124,"17":0.007593,"18":0.005062,"19":0.017717,"20":0.010124,"21":0.007593,"22":0.005062,"23":0.007593,"24":0.012655,"25":0.005062,"26":0.007593,"27":0.012655,"28":0.002531,"29":0.020248,"30":0.022779,"31":0.032903,"32":0.015186,"33":0.027841,"34":0.010124,"35":0.020248,"36":0.010124,"37":0.02531,"38":0.02531,"39":0.022779,"40":0.05062,"41":0.055682,"42":0.043027,"43":0.263224,"44":0.060744,"45":0.078461,"46":0.060744,"47":0.399898,"48":0.215135,"49":0.326499,"50":3.510497,"51":0.065806,"52":0.015186,"53":0.002531},"opera":{"9":null,"9.5-9.6":null,"10.0-10.1":0,"10.5":null,"10.6":null,"11":0.002531,"11.1":null,"11.5":null,"11.6":null,"12":null,"12.1":0.015186,"15":null,"16":0.035434,"17":null,"18":null,"19":null,"20":null,"21":null,"22":null,"23":null,"24":null,"25":null,"26":null,"27":null,"28":null,"29":0.005062,"30":null,"31":null,"32":0.005062,"33":0.005062,"34":0.005062,"35":0.012655,"36":0.043027,"37":0.070868,"38":0.005062,"39":0.005062,"40":0.017717,"41":0.270817,"42":0.136674,"43":0.005062,"44":null},"safari":{"3.1":null,"3.2":null,"4":0,"5":0.010124,"5.1":0.030372,"6":0.010124,"6.1":0.022779,"7":0.02531,"7.1":0.007593,"8":0.053151,"9":0.073399,"9.1":0.098709,"10":0.258162,"0":null},"ios_saf":{"3.2":0,"4.0-4.1":0,"4.2-4.3":0,"5.0-5.1":0,"6.0-6.1":0,"7.0-7.1":0.0152383919017,"8":0,"8.1-8.4":0.0231329804772,"9.0-9.2":0.0155137845264,"9.3":0.0983151670282,"10.0-10.2":0.736491676067},"android":{"2.1":0,"2.2":0,"2.3":0,"3":0,"4":0.108790594595,"4.1":0.357454810811,"4.2-4.3":1.02351967568,"4.4":2.36008983784,"4.4.3-4.4.4":1.40761708108,"53":null},"op_mob":{"10":0,"11":0,"11.1":0,"11.5":0,"12":0,"12.1":0,"0":3.26430997843},"ie":{"5.5":null,"6":0.00259349382716,"7":0.00518698765432,"8":0.0881787901235,"9":0.015560962963,"10":0.0466828888889,"11":0.472015876543},"edge":{"12":0.060744,"13":0.065806,"14":0.250569,"15":null},"bb":{"7":0.042941,"10":null},"ie_mob":{"10":0.1478664,"11":0.5914656},"and_ff":{"0":0.477952},"samsung":{"0":1.030584},"and_uc":{"0":3.734},"op_mini":{"0":42.7908460216},"and_chr":{"0":15.921059}},"total":97.895561}