{"id":"CK","name":"Cook Islands","month":"2016-12","access_date":"2017-01-17","data":{"chrome":{"4":null,"5":null,"6":null,"7":null,"8":null,"9":null,"10":null,"11":null,"12":null,"13":null,"14":null,"15":null,"16":0.004859,"17":null,"18":0.009718,"19":null,"20":null,"21":null,"22":null,"23":null,"24":null,"25":null,"26":0.009718,"27":null,"28":0.04859,"29":null,"30":null,"31":null,"32":null,"33":null,"34":0.14577,"35":null,"36":null,"37":0.009718,"38":0.009718,"39":null,"40":null,"41":0.009718,"42":null,"43":0.014577,"44":0.004859,"45":null,"46":0.068026,"47":null,"48":0.675401,"49":2.133101,"50":0.029154,"51":0.092321,"52":0.208937,"53":0.082603,"54":7.808413,"55":8.955137,"56":null,"57":null,"58":null},"firefox":{"2":null,"3":null,"3.5":null,"3.6":null,"4":null,"5":0.072885,"6":0.004859,"7":null,"8":null,"9":null,"10":0.004859,"11":null,"12":0.029154,"13":null,"14":null,"15":null,"16":null,"17":null,"18":null,"19":null,"20":0.004859,"21":null,"22":0.014577,"23":null,"24":null,"25":null,"26":0.009718,"27":null,"28":0.024295,"29":0.121475,"30":0.043731,"31":null,"32":null,"33":null,"34":null,"35":null,"36":null,"37":null,"38":0.04859,"39":null,"40":0.014577,"41":null,"42":null,"43":0.131193,"44":0.09718,"45":0.14577,"46":null,"47":0.155488,"48":0.092321,"49":0.267245,"50":4.212753,"51":0.29154,"52":null,"53":null},"opera":{"9":null,"9.5-9.6":null,"10.0-10.1":0,"10.5":null,"10.6":null,"11":null,"11.1":null,"11.5":null,"11.6":null,"12":null,"12.1":null,"15":null,"16":null,"17":null,"18":null,"19":null,"20":null,"21":null,"22":null,"23":null,"24":null,"25":null,"26":null,"27":null,"28":null,"29":null,"30":null,"31":null,"32":null,"33":null,"34":null,"35":null,"36":0.04859,"37":0.019436,"38":null,"39":null,"40":null,"41":0.019436,"42":null,"43":null,"44":null},"safari":{"3.1":null,"3.2":null,"4":0,"5":null,"5.1":0.019436,"6":null,"6.1":0.014577,"7":0.004859,"7.1":null,"8":0.121475,"9":0.034013,"9.1":0.296399,"10":0.966941,"0":null},"ios_saf":{"3.2":0,"4.0-4.1":0,"4.2-4.3":0,"5.0-5.1":0,"6.0-6.1":0,"7.0-7.1":0.2727092445,"8":0,"8.1-8.4":0.413992347072,"9.0-9.2":0.277637724822,"9.3":1.75946747505,"10.0-10.2":13.1803992086},"android":{"2.1":0,"2.2":0,"2.3":0,"3":0,"4":0.0562862255068,"4.1":0.184940455236,"4.2-4.3":0.529549999155,"4.4":1.22106648395,"4.4.3-4.4.4":0.728274836149,"53":null},"op_mob":{"10":0,"11":0,"11.1":0,"11.5":0,"12":0,"12.1":0,"0":0.0331655038521},"ie":{"5.5":null,"6":0.009718,"7":null,"8":8.036786,"9":0.053449,"10":0.238091,"11":5.942557},"edge":{"12":0.04859,"13":0.466464,"14":0.748286,"15":null},"bb":{"7":0,"10":null},"ie_mob":{"10":0.164544,"11":0.658176},"and_ff":{"0":0.041136},"samsung":{"0":8.134644},"and_uc":{"0":0.46278},"op_mini":{"0":0.434756496148},"and_chr":{"0":23.398748}},"total":95.148784}