{"id":"CL","name":"Chile","month":"2016-12","access_date":"2017-01-17","data":{"chrome":{"4":null,"5":null,"6":null,"7":null,"8":null,"9":null,"10":null,"11":0.011188,"12":null,"13":null,"14":null,"15":null,"16":null,"17":null,"18":0.005594,"19":null,"20":null,"21":0.005594,"22":0.050346,"23":null,"24":null,"25":null,"26":0.022376,"27":0.005594,"28":null,"29":0.005594,"30":null,"31":0.02797,"32":0.039158,"33":0.011188,"34":0.039158,"35":0.044752,"36":0.218166,"37":0.02797,"38":0.050346,"39":0.039158,"40":0.016782,"41":0.022376,"42":0.016782,"43":0.08391,"44":0.050346,"45":0.039158,"46":0.072722,"47":0.078316,"48":0.072722,"49":1.896366,"50":0.089504,"51":0.425144,"52":0.30767,"53":0.352422,"54":18.387478,"55":19.360834,"56":0.078316,"57":0.022376,"58":null},"firefox":{"2":null,"3":null,"3.5":null,"3.6":0.005594,"4":null,"5":null,"6":null,"7":null,"8":null,"9":null,"10":null,"11":null,"12":null,"13":null,"14":null,"15":null,"16":0.005594,"17":null,"18":null,"19":null,"20":null,"21":null,"22":null,"23":null,"24":null,"25":null,"26":null,"27":null,"28":null,"29":null,"30":null,"31":null,"32":null,"33":0.011188,"34":0.011188,"35":null,"36":null,"37":0.011188,"38":0.022376,"39":0.022376,"40":0.016782,"41":0.022376,"42":0.016782,"43":0.050346,"44":0.016782,"45":0.072722,"46":0.02797,"47":0.156632,"48":0.229354,"49":0.13985,"50":4.010898,"51":0.016782,"52":0.005594,"53":null},"opera":{"9":null,"9.5-9.6":null,"10.0-10.1":0,"10.5":null,"10.6":null,"11":null,"11.1":null,"11.5":null,"11.6":null,"12":null,"12.1":0.033564,"15":null,"16":null,"17":null,"18":null,"19":null,"20":null,"21":null,"22":null,"23":null,"24":null,"25":null,"26":null,"27":null,"28":null,"29":null,"30":null,"31":null,"32":null,"33":null,"34":null,"35":null,"36":0.011188,"37":0.011188,"38":0.016782,"39":null,"40":null,"41":0.330046,"42":0.173414,"43":null,"44":null},"safari":{"3.1":null,"3.2":null,"4":0,"5":0.016782,"5.1":0.039158,"6":0.011188,"6.1":0.02797,"7":0.02797,"7.1":0.005594,"8":0.173414,"9":0.184602,"9.1":0.660092,"10":1.432064,"0":null},"ios_saf":{"3.2":0,"4.0-4.1":0,"4.2-4.3":0,"5.0-5.1":0,"6.0-6.1":0,"7.0-7.1":0.120755714905,"8":0,"8.1-8.4":0.183315904555,"9.0-9.2":0.122938047103,"9.3":0.77909259436,"10.0-10.2":5.83628373908},"android":{"2.1":0,"2.2":0,"2.3":0,"3":0,"4":0.0449577276182,"4.1":0.147718247889,"4.2-4.3":0.42296964147,"4.4":0.975307437922,"4.4.3-4.4.4":0.581697945101,"53":null},"op_mob":{"10":0,"11":0,"11.1":0,"11.5":0,"12":0,"12.1":0,"0":0.0199910755008},"ie":{"5.5":null,"6":0.0227238134715,"7":0.0113619067358,"8":0.238600041451,"9":0.204514321244,"10":0.130661927461,"11":1.58498598964},"edge":{"12":0.050346,"13":0.16782,"14":0.665686,"15":null},"bb":{"7":0.0066105,"10":null},"ie_mob":{"10":0.0546468,"11":0.2185872},"and_ff":{"0":0.017628},"samsung":{"0":1.194297},"and_uc":{"0":0.079326},"op_mini":{"0":0.262056924499},"and_chr":{"0":34.140464}},"total":98.2901105}