{"id":"CO","name":"Colombia","month":"2016-12","access_date":"2017-01-17","data":{"chrome":{"4":null,"5":null,"6":null,"7":null,"8":null,"9":null,"10":null,"11":0.012134,"12":null,"13":null,"14":null,"15":null,"16":null,"17":null,"18":0.012134,"19":null,"20":null,"21":0.006067,"22":0.084938,"23":null,"24":null,"25":null,"26":0.042469,"27":null,"28":null,"29":0.012134,"30":0.012134,"31":0.042469,"32":0.036402,"33":0.012134,"34":0.036402,"35":0.054603,"36":0.139541,"37":0.018201,"38":0.042469,"39":0.042469,"40":0.024268,"41":0.024268,"42":0.024268,"43":0.103139,"44":0.072804,"45":0.048536,"46":0.091005,"47":0.091005,"48":0.097072,"49":1.522817,"50":0.151675,"51":0.697705,"52":0.36402,"53":0.582432,"54":22.945394,"55":21.90187,"56":0.091005,"57":0.030335,"58":null},"firefox":{"2":null,"3":0.030335,"3.5":null,"3.6":0.012134,"4":null,"5":null,"6":null,"7":null,"8":null,"9":null,"10":null,"11":null,"12":null,"13":null,"14":null,"15":null,"16":0.006067,"17":null,"18":null,"19":null,"20":null,"21":null,"22":null,"23":null,"24":null,"25":null,"26":null,"27":null,"28":null,"29":null,"30":null,"31":0.006067,"32":null,"33":null,"34":0.006067,"35":null,"36":null,"37":null,"38":0.024268,"39":0.012134,"40":0.012134,"41":0.006067,"42":0.012134,"43":0.054603,"44":0.012134,"45":0.084938,"46":0.036402,"47":0.200211,"48":0.157742,"49":0.109206,"50":2.742284,"51":0.024268,"52":0.006067,"53":null},"opera":{"9":null,"9.5-9.6":null,"10.0-10.1":0,"10.5":null,"10.6":null,"11":null,"11.1":null,"11.5":null,"11.6":null,"12":null,"12.1":0.006067,"15":null,"16":null,"17":null,"18":null,"19":null,"20":null,"21":null,"22":null,"23":null,"24":null,"25":null,"26":null,"27":null,"28":null,"29":null,"30":null,"31":null,"32":null,"33":null,"34":null,"35":null,"36":0.012134,"37":0.006067,"38":0.042469,"39":0.006067,"40":0.006067,"41":0.194144,"42":0.103139,"43":null,"44":null},"safari":{"3.1":null,"3.2":null,"4":0,"5":0.006067,"5.1":0.018201,"6":0.006067,"6.1":0.024268,"7":0.024268,"7.1":null,"8":0.145608,"9":0.194144,"9.1":0.564231,"10":1.292271,"0":null},"ios_saf":{"3.2":0,"4.0-4.1":0,"4.2-4.3":0,"5.0-5.1":0,"6.0-6.1":0,"7.0-7.1":0.0676586232827,"8":0,"8.1-8.4":0.102710681128,"9.0-9.2":0.0688813694866,"9.3":0.436520394794,"10.0-10.2":3.27003093131},"android":{"2.1":0,"2.2":0,"2.3":0,"3":0,"4":0.0703335405405,"4.1":0.231095918919,"4.2-4.3":0.661709432432,"4.4":1.52580721622,"4.4.3-4.4.4":0.910029891892,"53":null},"op_mob":{"10":0,"11":0,"11.1":0,"11.5":0,"12":0,"12.1":0,"0":0.0211914699538},"ie":{"5.5":null,"6":null,"7":0.0124898357771,"8":0.549552774194,"9":0.156122947214,"10":0.149878029326,"11":1.26147341349},"edge":{"12":0.042469,"13":0.12134,"14":0.448958,"15":null},"bb":{"7":0.0422905,"10":null},"ie_mob":{"10":0.121954,"11":0.487816},"and_ff":{"0":0.01967},"samsung":{"0":1.125124},"and_uc":{"0":0.841876},"op_mini":{"0":0.277792530046},"and_chr":{"0":30.113419}},"total":98.8150545}