{"id":"CR","name":"Costa Rica","month":"2016-12","access_date":"2017-01-17","data":{"chrome":{"4":null,"5":null,"6":null,"7":null,"8":null,"9":null,"10":null,"11":0.020452,"12":null,"13":null,"14":null,"15":null,"16":null,"17":null,"18":null,"19":null,"20":null,"21":null,"22":0.010226,"23":null,"24":null,"25":null,"26":null,"27":0.005113,"28":null,"29":0.005113,"30":null,"31":0.015339,"32":0.092034,"33":0.005113,"34":0.015339,"35":0.081808,"36":0.20452,"37":0.020452,"38":0.020452,"39":0.046017,"40":0.035791,"41":0.035791,"42":0.005113,"43":0.066469,"44":0.086921,"45":0.035791,"46":0.046017,"47":0.132938,"48":0.097147,"49":1.037939,"50":0.092034,"51":0.240311,"52":0.189181,"53":0.311893,"54":17.256375,"55":13.687501,"56":0.056243,"57":0.010226,"58":null},"firefox":{"2":null,"3":null,"3.5":null,"3.6":0.005113,"4":null,"5":null,"6":null,"7":null,"8":null,"9":null,"10":null,"11":null,"12":null,"13":null,"14":null,"15":null,"16":0.010226,"17":null,"18":null,"19":null,"20":null,"21":null,"22":null,"23":null,"24":null,"25":null,"26":null,"27":null,"28":0.005113,"29":null,"30":null,"31":null,"32":null,"33":0.010226,"34":0.015339,"35":0.015339,"36":0.020452,"37":0.010226,"38":0.066469,"39":0.030678,"40":0.010226,"41":0.020452,"42":0.010226,"43":0.056243,"44":0.035791,"45":0.132938,"46":0.035791,"47":0.235198,"48":0.25565,"49":0.168729,"50":5.455571,"51":0.071582,"52":0.010226,"53":null},"opera":{"9":null,"9.5-9.6":null,"10.0-10.1":0,"10.5":null,"10.6":null,"11":null,"11.1":null,"11.5":null,"11.6":null,"12":null,"12.1":0.010226,"15":null,"16":null,"17":null,"18":null,"19":null,"20":null,"21":null,"22":null,"23":null,"24":null,"25":null,"26":null,"27":0.056243,"28":null,"29":0.046017,"30":null,"31":null,"32":null,"33":0.030678,"34":null,"35":null,"36":0.015339,"37":0.092034,"38":0.030678,"39":0.005113,"40":null,"41":0.25565,"42":0.081808,"43":null,"44":null},"safari":{"3.1":null,"3.2":null,"4":0.005113,"5":0.030678,"5.1":0.05113,"6":0.005113,"6.1":0.066469,"7":0.040904,"7.1":0.005113,"8":0.311893,"9":0.393701,"9.1":1.201555,"10":2.883732,"0":null},"ios_saf":{"3.2":0,"4.0-4.1":0,"4.2-4.3":0,"5.0-5.1":0,"6.0-6.1":0,"7.0-7.1":0.122117700238,"8":0,"8.1-8.4":0.185383496746,"9.0-9.2":0.124324646627,"9.3":0.787879861171,"10.0-10.2":5.90211029522},"android":{"2.1":0,"2.2":0,"2.3":0,"3":0,"4":0.124509827703,"4.1":0.409103719595,"4.2-4.3":1.17140878716,"4.4":2.70110095608,"4.4.3-4.4.4":1.61100470946,"53":null},"op_mob":{"10":0,"11":0,"11.1":0,"11.5":0,"12":0,"12.1":0,"0":0.246328086287},"ie":{"5.5":null,"6":null,"7":null,"8":0.123338081633,"9":0.107920821429,"10":0.107920821429,"11":1.67534227551},"edge":{"12":0.10226,"13":0.224972,"14":0.889662,"15":null},"bb":{"7":0.00611,"10":null},"ie_mob":{"10":0.1036256,"11":0.4145024},"and_ff":{"0":0.034216},"samsung":{"0":5.728736},"and_uc":{"0":0.381264},"op_mini":{"0":3.22903991371},"and_chr":{"0":26.191525}},"total":98.978357}