{"id":"CV","name":"Cape Verde","month":"2016-12","access_date":"2017-01-17","data":{"chrome":{"4":null,"5":null,"6":null,"7":null,"8":null,"9":null,"10":null,"11":null,"12":0.011428,"13":null,"14":null,"15":null,"16":null,"17":null,"18":null,"19":0.034284,"20":null,"21":null,"22":null,"23":null,"24":0.005714,"25":0.011428,"26":null,"27":null,"28":null,"29":null,"30":null,"31":0.154278,"32":0.097138,"33":0.11428,"34":0.039998,"35":0.022856,"36":0.988522,"37":0.011428,"38":0.005714,"39":0.022856,"40":0.14285,"41":0.011428,"42":0.062854,"43":2.822716,"44":0.165706,"45":0.074282,"46":0.159992,"47":0.262844,"48":0.045712,"49":0.959952,"50":0.062854,"51":0.897098,"52":0.634254,"53":0.411408,"54":17.393416,"55":14.702122,"56":0.14285,"57":0.02857,"58":null},"firefox":{"2":null,"3":0.017142,"3.5":null,"3.6":0.039998,"4":null,"5":null,"6":null,"7":null,"8":null,"9":null,"10":null,"11":0.011428,"12":0.005714,"13":null,"14":null,"15":null,"16":0.005714,"17":null,"18":null,"19":null,"20":null,"21":null,"22":null,"23":null,"24":0.011428,"25":null,"26":0.005714,"27":0.017142,"28":null,"29":null,"30":null,"31":0.005714,"32":0.005714,"33":null,"34":0.017142,"35":0.022856,"36":null,"37":0.011428,"38":0.017142,"39":0.005714,"40":0.005714,"41":0.039998,"42":0.022856,"43":0.068568,"44":0.02857,"45":0.034284,"46":0.011428,"47":0.297128,"48":0.268558,"49":0.14285,"50":3.479826,"51":0.039998,"52":0.08571,"53":null},"opera":{"9":null,"9.5-9.6":null,"10.0-10.1":0,"10.5":null,"10.6":null,"11":null,"11.1":null,"11.5":null,"11.6":null,"12":null,"12.1":null,"15":null,"16":null,"17":null,"18":null,"19":null,"20":null,"21":null,"22":null,"23":null,"24":null,"25":null,"26":null,"27":null,"28":null,"29":0.005714,"30":0.011428,"31":null,"32":null,"33":0.005714,"34":null,"35":null,"36":0.068568,"37":0.017142,"38":null,"39":null,"40":0.017142,"41":0.834244,"42":0.262844,"43":null,"44":null},"safari":{"3.1":null,"3.2":null,"4":0,"5":null,"5.1":0.051426,"6":null,"6.1":0.045712,"7":null,"7.1":null,"8":0.062854,"9":0.02857,"9.1":0.302842,"10":1.645632,"0":null},"ios_saf":{"3.2":0,"4.0-4.1":0,"4.2-4.3":0,"5.0-5.1":0,"6.0-6.1":0,"7.0-7.1":0.0783976624316,"8":0,"8.1-8.4":0.119013318872,"9.0-9.2":0.0798144876562,"9.3":0.505806605206,"10.0-10.2":3.78906292583},"android":{"2.1":0,"2.2":0,"2.3":0,"3":0,"4":0.16492183277,"4.1":0.541886021959,"4.2-4.3":1.55161152872,"4.4":3.57779404561,"4.4.3-4.4.4":2.13388657095,"53":null},"op_mob":{"10":0,"11":0,"11.1":0,"11.5":0,"12":0,"12.1":0,"0":0.188302311248},"ie":{"5.5":null,"6":null,"7":null,"8":0.201714051724,"9":0.155607982759,"10":0.161371241379,"11":2.15545872414},"edge":{"12":0.211418,"13":0.479976,"14":1.159942,"15":null},"bb":{"7":0.00107125,"10":null},"ie_mob":{"10":0.194539,"11":0.778156},"and_ff":{"0":0.03428},"samsung":{"0":1.41405},"and_uc":{"0":2.63956},"op_mini":{"0":2.46839768875},"and_chr":{"0":25.103333}},"total":98.47551425}