{"id":"CX","name":"Christmas Island","month":"2016-12","access_date":"2017-01-17","data":{"chrome":{"4":null,"5":null,"6":null,"7":null,"8":null,"9":null,"10":null,"11":null,"12":null,"13":null,"14":null,"15":null,"16":0.73432,"17":null,"18":0.55074,"19":1.092301,"20":null,"21":null,"22":0.55074,"23":null,"24":null,"25":null,"26":null,"27":null,"28":null,"29":null,"30":null,"31":null,"32":null,"33":null,"34":null,"35":null,"36":null,"37":null,"38":null,"39":null,"40":null,"41":0.18358,"42":0.36716,"43":0.18358,"44":null,"45":null,"46":null,"47":null,"48":null,"49":null,"50":3.286082,"51":null,"52":4.561963,"53":2.735342,"54":15.69609,"55":7.113725,"56":null,"57":null,"58":null},"firefox":{"2":null,"3":null,"3.5":null,"3.6":null,"4":0.55074,"5":null,"6":0.18358,"7":null,"8":null,"9":null,"10":null,"11":null,"12":null,"13":null,"14":null,"15":null,"16":null,"17":null,"18":null,"19":null,"20":0.55074,"21":null,"22":null,"23":null,"24":null,"25":null,"26":null,"27":null,"28":null,"29":null,"30":null,"31":null,"32":null,"33":null,"34":null,"35":null,"36":null,"37":null,"38":null,"39":null,"40":null,"41":null,"42":2.918922,"43":null,"44":null,"45":null,"46":6.572164,"47":0.36716,"48":3.286082,"49":4.929123,"50":10.399807,"51":null,"52":null,"53":null},"opera":{"9":null,"9.5-9.6":null,"10.0-10.1":0,"10.5":null,"10.6":null,"11":null,"11.1":null,"11.5":null,"11.6":null,"12":null,"12.1":null,"15":null,"16":null,"17":null,"18":null,"19":null,"20":null,"21":null,"22":null,"23":null,"24":null,"25":null,"26":null,"27":0.18358,"28":0.36716,"29":null,"30":null,"31":null,"32":null,"33":null,"34":null,"35":null,"36":null,"37":null,"38":null,"39":null,"40":null,"41":2.010201,"42":null,"43":null,"44":null},"safari":{"3.1":null,"3.2":null,"4":0,"5":null,"5.1":null,"6":null,"6.1":null,"7":null,"7.1":null,"8":null,"9":null,"9.1":null,"10":1.275881,"0":null},"ios_saf":{"3.2":0,"4.0-4.1":0,"4.2-4.3":0,"5.0-5.1":0,"6.0-6.1":0,"7.0-7.1":0.0140776779258,"8":0,"8.1-8.4":0.0213709327549,"9.0-9.2":0.014332093792,"9.3":0.0908264642082,"10.0-10.2":0.680392831319},"android":{"2.1":0,"2.2":0,"2.3":0,"3":0,"4":0.00424714949324,"4.1":0.0139549197635,"4.2-4.3":0.0399578758446,"4.4":0.0921371410473,"4.4.3-4.4.4":0.0549529138514,"53":null},"op_mob":{"10":0,"11":0,"11.1":0,"11.5":0,"12":0,"12.1":0,"0":0},"ie":{"5.5":null,"6":null,"7":0.36716,"8":0.908721,"9":4.378383,"10":null,"11":6.388584},"edge":{"12":8.573186,"13":null,"14":0.18358,"15":null},"bb":{"7":0,"10":null},"ie_mob":{"10":0.0821,"11":0.3284},"and_ff":{"0":null},"samsung":{"0":null},"and_uc":{"0":null},"op_mini":{"0":0},"and_chr":{"0":7.14041}},"total":100.027537}