{"id":"CY","name":"Cyprus","month":"2016-12","access_date":"2017-01-17","data":{"chrome":{"4":null,"5":null,"6":null,"7":null,"8":null,"9":null,"10":null,"11":0.011834,"12":null,"13":null,"14":null,"15":null,"16":null,"17":null,"18":null,"19":null,"20":null,"21":null,"22":0.035502,"23":null,"24":null,"25":null,"26":0.023668,"27":null,"28":null,"29":null,"30":null,"31":0.011834,"32":0.023668,"33":0.011834,"34":0.023668,"35":0.017751,"36":0.094672,"37":0.029585,"38":0.076921,"39":0.047336,"40":0.041419,"41":0.029585,"42":0.568032,"43":0.124257,"44":0.029585,"45":0.053253,"46":0.017751,"47":0.041419,"48":0.076921,"49":2.828326,"50":0.11834,"51":0.704123,"52":0.603534,"53":0.23668,"54":17.27764,"55":16.50843,"56":0.05917,"57":0.023668,"58":null},"firefox":{"2":null,"3":null,"3.5":null,"3.6":0.029585,"4":null,"5":null,"6":null,"7":null,"8":null,"9":null,"10":null,"11":null,"12":0.011834,"13":null,"14":null,"15":null,"16":0.005917,"17":null,"18":null,"19":null,"20":null,"21":null,"22":null,"23":null,"24":null,"25":null,"26":0.11834,"27":null,"28":null,"29":null,"30":null,"31":null,"32":null,"33":null,"34":null,"35":0.041419,"36":0.011834,"37":null,"38":0.047336,"39":0.023668,"40":0.011834,"41":0.011834,"42":0.011834,"43":0.05917,"44":0.011834,"45":0.11834,"46":0.05917,"47":0.248514,"48":0.165676,"49":0.218929,"50":5.73949,"51":0.071004,"52":null,"53":null},"opera":{"9":null,"9.5-9.6":null,"10.0-10.1":0,"10.5":null,"10.6":null,"11":null,"11.1":null,"11.5":null,"11.6":0.005917,"12":0.011834,"12.1":0.023668,"15":null,"16":null,"17":null,"18":null,"19":null,"20":null,"21":null,"22":null,"23":null,"24":null,"25":null,"26":null,"27":null,"28":null,"29":null,"30":null,"31":null,"32":null,"33":null,"34":null,"35":null,"36":0.011834,"37":0.011834,"38":0.071004,"39":null,"40":null,"41":0.349103,"42":0.201178,"43":null,"44":null},"safari":{"3.1":null,"3.2":null,"4":0,"5":0.029585,"5.1":0.124257,"6":0.011834,"6.1":0.065087,"7":0.041419,"7.1":null,"8":0.094672,"9":0.153842,"9.1":0.437858,"10":1.591673,"0":null},"ios_saf":{"3.2":0,"4.0-4.1":0,"4.2-4.3":0,"5.0-5.1":0,"6.0-6.1":0,"7.0-7.1":0.139602244809,"8":0,"8.1-8.4":0.211926299349,"9.0-9.2":0.142125176945,"9.3":0.900686772234,"10.0-10.2":6.74716150666},"android":{"2.1":0,"2.2":0,"2.3":0,"3":0,"4":0.0473131418919,"4.1":0.155457466216,"4.2-4.3":0.445129763514,"4.4":1.02640550676,"4.4.3-4.4.4":0.612174121622,"53":null},"op_mob":{"10":0,"11":0,"11.1":0,"11.5":0,"12":0,"12.1":0,"0":0.0370426872111},"ie":{"5.5":null,"6":null,"7":0.0119088040455,"8":0.946749921618,"9":0.136951246523,"10":0.130996844501,"11":3.48332518331},"edge":{"12":0.047336,"13":0.248514,"14":1.727764,"15":null},"bb":{"7":0.0142905,"10":null},"ie_mob":{"10":0.0514458,"11":0.2057832},"and_ff":{"0":0.012249},"samsung":{"0":4.4913},"and_uc":{"0":2.621286},"op_mini":{"0":0.485581312789},"and_chr":{"0":22.861386}},"total":97.9464595}