{"id":"CZ","name":"Czech Republic","month":"2016-12","access_date":"2017-01-17","data":{"chrome":{"4":null,"5":null,"6":null,"7":null,"8":null,"9":null,"10":null,"11":0.025938,"12":0.008646,"13":null,"14":null,"15":null,"16":null,"17":null,"18":0.008646,"19":null,"20":null,"21":null,"22":0.04323,"23":null,"24":null,"25":null,"26":0.017292,"27":0.017292,"28":null,"29":0.017292,"30":null,"31":0.025938,"32":0.017292,"33":null,"34":0.233442,"35":0.008646,"36":0.017292,"37":0.025938,"38":0.025938,"39":0.060522,"40":0.017292,"41":0.025938,"42":0.017292,"43":0.683034,"44":0.034584,"45":0.034584,"46":0.025938,"47":0.233442,"48":0.095106,"49":2.559216,"50":0.51876,"51":2.20473,"52":0.164274,"53":1.098042,"54":19.0212,"55":17.110434,"56":0.095106,"57":0.04323,"58":null},"firefox":{"2":null,"3":0.008646,"3.5":null,"3.6":0.025938,"4":null,"5":null,"6":null,"7":null,"8":null,"9":null,"10":null,"11":null,"12":0.008646,"13":null,"14":null,"15":null,"16":0.008646,"17":null,"18":null,"19":null,"20":null,"21":0.008646,"22":null,"23":null,"24":0.121044,"25":0.008646,"26":0.017292,"27":null,"28":0.025938,"29":0.017292,"30":0.008646,"31":0.025938,"32":null,"33":0.008646,"34":0.008646,"35":0.04323,"36":0.017292,"37":0.017292,"38":0.103752,"39":0.04323,"40":0.025938,"41":0.025938,"42":0.034584,"43":0.311256,"44":0.077814,"45":0.406362,"46":0.198858,"47":1.374714,"48":0.60522,"49":1.435236,"50":14.110272,"51":0.536052,"52":0.008646,"53":null},"opera":{"9":null,"9.5-9.6":null,"10.0-10.1":0,"10.5":null,"10.6":null,"11":null,"11.1":null,"11.5":null,"11.6":0.008646,"12":0.017292,"12.1":0.250734,"15":0.008646,"16":null,"17":null,"18":null,"19":null,"20":null,"21":0.008646,"22":null,"23":null,"24":null,"25":null,"26":null,"27":null,"28":0.008646,"29":null,"30":null,"31":null,"32":0.008646,"33":null,"34":null,"35":null,"36":0.121044,"37":0.034584,"38":0.354486,"39":0.008646,"40":0.008646,"41":2.654322,"42":0.838662,"43":null,"44":null},"safari":{"3.1":null,"3.2":null,"4":0.017292,"5":0.017292,"5.1":0.025938,"6":null,"6.1":0.017292,"7":0.008646,"7.1":null,"8":0.051876,"9":0.328548,"9.1":0.34584,"10":1.46982,"0":null},"ios_saf":{"3.2":0,"4.0-4.1":0,"4.2-4.3":0,"5.0-5.1":0,"6.0-6.1":0,"7.0-7.1":0.0426413721723,"8":0,"8.1-8.4":0.0647326854664,"9.0-9.2":0.0434119993802,"9.3":0.275113913232,"10.0-10.2":2.06091402975},"android":{"2.1":0,"2.2":0,"2.3":0,"3":0,"4":0.0249453661318,"4.1":0.0819633458615,"4.2-4.3":0.23469007728,"4.4":0.541161718328,"4.4.3-4.4.4":0.322762492399,"53":null},"op_mob":{"10":0,"11":0,"11.1":0,"11.5":0,"12":0,"12.1":0,"0":0.0276187118644},"ie":{"5.5":null,"6":null,"7":0.00881805970149,"8":0.387994626866,"9":0.220451492537,"10":0.185179253731,"11":6.28727656716},"edge":{"12":0.276672,"13":0.596574,"14":2.403588,"15":null},"bb":{"7":0.01454475,"10":null},"ie_mob":{"10":0.069003,"11":0.276012},"and_ff":{"0":0.016236},"samsung":{"0":0.934923},"and_uc":{"0":0.085239},"op_mini":{"0":0.362045288136},"and_chr":{"0":8.125293}},"total":94.79783775}