{"id":"DE","name":"Germany","month":"2016-12","access_date":"2017-01-17","data":{"chrome":{"4":null,"5":null,"6":null,"7":null,"8":null,"9":null,"10":null,"11":0.025396,"12":null,"13":null,"14":null,"15":null,"16":null,"17":null,"18":0.006349,"19":null,"20":null,"21":0.006349,"22":0.038094,"23":null,"24":0.006349,"25":null,"26":0.012698,"27":null,"28":0.006349,"29":0.012698,"30":null,"31":0.019047,"32":0.006349,"33":0.012698,"34":0.044443,"35":0.019047,"36":0.031745,"37":0.171423,"38":0.031745,"39":0.044443,"40":0.031745,"41":0.076188,"42":0.06349,"43":0.158725,"44":0.050792,"45":0.050792,"46":0.044443,"47":0.06349,"48":0.165074,"49":0.774578,"50":0.171423,"51":0.876162,"52":0.228564,"53":0.31745,"54":8.964788,"55":8.82511,"56":0.06349,"57":0.025396,"58":null},"firefox":{"2":0.006349,"3":0.012698,"3.5":0.006349,"3.6":0.038094,"4":null,"5":null,"6":null,"7":null,"8":null,"9":null,"10":0.012698,"11":0.006349,"12":0.031745,"13":null,"14":null,"15":0.006349,"16":0.019047,"17":0.006349,"18":0.006349,"19":null,"20":0.019047,"21":0.012698,"22":0.012698,"23":0.006349,"24":0.031745,"25":0.012698,"26":0.019047,"27":0.006349,"28":0.025396,"29":0.012698,"30":0.025396,"31":0.038094,"32":0.019047,"33":0.031745,"34":0.050792,"35":0.044443,"36":0.050792,"37":0.044443,"38":0.609504,"39":0.101584,"40":0.120631,"41":0.114282,"42":0.241262,"43":0.215866,"44":0.101584,"45":0.799974,"46":0.177772,"47":0.787276,"48":0.685692,"49":0.82537,"50":17.65022,"51":0.196819,"52":0.019047,"53":0.006349},"opera":{"9":null,"9.5-9.6":null,"10.0-10.1":0,"10.5":null,"10.6":null,"11":null,"11.1":null,"11.5":null,"11.6":0.006349,"12":0.012698,"12.1":0.177772,"15":null,"16":null,"17":null,"18":null,"19":null,"20":null,"21":null,"22":null,"23":null,"24":null,"25":null,"26":null,"27":null,"28":0.012698,"29":null,"30":null,"31":null,"32":null,"33":null,"34":null,"35":0.006349,"36":0.057141,"37":0.025396,"38":0.114282,"39":0.006349,"40":0.006349,"41":0.914256,"42":0.406336,"43":0.006349,"44":null},"safari":{"3.1":null,"3.2":null,"4":0.025396,"5":0.050792,"5.1":0.12698,"6":0.006349,"6.1":0.076188,"7":0.038094,"7.1":0.006349,"8":0.152376,"9":0.215866,"9.1":0.780927,"10":2.482459,"0":null},"ios_saf":{"3.2":0,"4.0-4.1":0,"4.2-4.3":0,"5.0-5.1":0,"6.0-6.1":0,"7.0-7.1":0.179672494577,"8":0,"8.1-8.4":0.272755835141,"9.0-9.2":0.182919587852,"9.3":1.15921229935,"10.0-10.2":8.68380978308},"android":{"2.1":0,"2.2":0,"2.3":0,"3":0,"4":0.036338859375,"4.1":0.119399109375,"4.2-4.3":0.341881921875,"4.4":0.788330765625,"4.4.3-4.4.4":0.47018034375,"53":null},"op_mob":{"10":0,"11":0,"11.1":0,"11.5":0,"12":0,"12.1":0,"0":0.0245837750385},"ie":{"5.5":null,"6":0.0385172666667,"7":0.0192586333333,"8":0.308138133333,"9":0.243942688889,"10":0.2888795,"11":6.61213077778},"edge":{"12":0.120631,"13":0.393638,"14":2.736419,"15":null},"bb":{"7":0.014604,"10":null},"ie_mob":{"10":0.1080696,"11":0.4322784},"and_ff":{"0":0.087624},"samsung":{"0":5.983989},"and_uc":{"0":0.390657},"op_mini":{"0":0.322261224961},"and_chr":{"0":16.851406}},"total":97.641636}