{"id":"DJ","name":"Djibouti","month":"2016-12","access_date":"2017-01-17","data":{"chrome":{"4":null,"5":null,"6":0.030921,"7":0.005622,"8":0.011244,"9":0.002811,"10":0.008433,"11":0.019677,"12":null,"13":null,"14":null,"15":0.002811,"16":0.002811,"17":null,"18":0.005622,"19":0.002811,"20":0.011244,"21":0.025299,"22":null,"23":0.002811,"24":null,"25":0.047787,"26":0.005622,"27":0.005622,"28":0.008433,"29":null,"30":0.014055,"31":0.02811,"32":0.011244,"33":0.016866,"34":0.005622,"35":0.005622,"36":1.09629,"37":0.011244,"38":0.022488,"39":0.005622,"40":0.019677,"41":0.014055,"42":null,"43":0.303588,"44":0.182715,"45":0.286722,"46":0.019677,"47":0.033732,"48":0.014055,"49":0.708372,"50":0.050598,"51":0.171471,"52":0.2811,"53":0.115251,"54":6.920682,"55":7.685274,"56":0.075897,"57":0.042165,"58":null},"firefox":{"2":null,"3":0.025299,"3.5":null,"3.6":null,"4":0.005622,"5":0.002811,"6":null,"7":0.002811,"8":null,"9":0.008433,"10":0.005622,"11":0.014055,"12":0.011244,"13":null,"14":null,"15":0.036543,"16":null,"17":null,"18":0.005622,"19":0.002811,"20":0.005622,"21":0.005622,"22":null,"23":0.002811,"24":0.005622,"25":0.008433,"26":0.005622,"27":null,"28":0.005622,"29":0.042165,"30":0.022488,"31":0.005622,"32":null,"33":0.016866,"34":0.014055,"35":0.014055,"36":0.02811,"37":0.011244,"38":0.036543,"39":0.022488,"40":0.036543,"41":0.008433,"42":0.019677,"43":0.137739,"44":0.059031,"45":0.059031,"46":0.016866,"47":0.146172,"48":0.073086,"49":0.137739,"50":3.215784,"51":0.275478,"52":0.005622,"53":null},"opera":{"9":null,"9.5-9.6":null,"10.0-10.1":0,"10.5":null,"10.6":null,"11":null,"11.1":null,"11.5":null,"11.6":null,"12":null,"12.1":null,"15":null,"16":null,"17":0.002811,"18":null,"19":null,"20":null,"21":null,"22":null,"23":null,"24":null,"25":null,"26":null,"27":null,"28":0.002811,"29":null,"30":null,"31":0.008433,"32":null,"33":null,"34":null,"35":null,"36":null,"37":0.02811,"38":null,"39":null,"40":null,"41":0.241746,"42":0.106818,"43":0.042165,"44":null},"safari":{"3.1":null,"3.2":null,"4":0,"5":0.002811,"5.1":0.005622,"6":0.014055,"6.1":0.025299,"7":0.011244,"7.1":0.011244,"8":0.019677,"9":0.064653,"9.1":0.115251,"10":0.427272,"0":null},"ios_saf":{"3.2":0,"4.0-4.1":0,"4.2-4.3":0,"5.0-5.1":0,"6.0-6.1":0,"7.0-7.1":0.0304476167751,"8":0,"8.1-8.4":0.0462216832972,"9.0-9.2":0.0309978749096,"9.3":0.196442154013,"10.0-10.2":1.47157367101},"android":{"2.1":0,"2.2":0,"2.3":0,"3":0,"4":0.166461173564,"4.1":0.546943855997,"4.2-4.3":1.56609389823,"4.4":3.6111883163,"4.4.3-4.4.4":2.15380375591,"53":null},"op_mob":{"10":0,"11":0,"11.1":0,"11.5":0,"12":0,"12.1":0,"0":1.0812521849},"ie":{"5.5":null,"6":null,"7":0.011244,"8":0.205203,"9":0.019677,"10":0.106818,"11":2.341563},"edge":{"12":0.081519,"13":0.087141,"14":0.292344,"15":null},"bb":{"7":0.0035945,"10":null},"ie_mob":{"10":0.122213,"11":0.488852},"and_ff":{"0":null},"samsung":{"0":3.788603},"and_uc":{"0":17.720885},"op_mini":{"0":14.1738058151},"and_chr":{"0":24.582683}},"total":98.9644325}