{"id":"DK","name":"Denmark","month":"2016-12","access_date":"2017-01-17","data":{"chrome":{"4":null,"5":null,"6":null,"7":null,"8":null,"9":null,"10":null,"11":null,"12":null,"13":null,"14":null,"15":null,"16":null,"17":null,"18":0.011916,"19":null,"20":null,"21":0.017874,"22":0.017874,"23":null,"24":null,"25":null,"26":0.005958,"27":0.017874,"28":null,"29":0.011916,"30":null,"31":0.023832,"32":0.023832,"33":0.011916,"34":0.02979,"35":0.02979,"36":0.047664,"37":0.011916,"38":0.041706,"39":0.035748,"40":0.017874,"41":0.125118,"42":0.095328,"43":0.077454,"44":0.053622,"45":0.035748,"46":0.041706,"47":0.02979,"48":0.071496,"49":0.846036,"50":0.083412,"51":0.470682,"52":0.20853,"53":0.26811,"54":15.514632,"55":14.132376,"56":0.065538,"57":0.011916,"58":null},"firefox":{"2":null,"3":null,"3.5":null,"3.6":null,"4":null,"5":null,"6":0.011916,"7":null,"8":null,"9":null,"10":null,"11":null,"12":null,"13":null,"14":null,"15":null,"16":null,"17":null,"18":null,"19":null,"20":null,"21":0.011916,"22":null,"23":null,"24":null,"25":null,"26":null,"27":null,"28":null,"29":null,"30":null,"31":null,"32":null,"33":0.011916,"34":null,"35":0.035748,"36":0.02979,"37":0.017874,"38":0.023832,"39":0.023832,"40":0.005958,"41":0.011916,"42":0.011916,"43":0.041706,"44":0.011916,"45":0.077454,"46":0.02979,"47":0.17874,"48":0.232362,"49":0.14895,"50":4.909392,"51":0.02979,"52":null,"53":null},"opera":{"9":null,"9.5-9.6":null,"10.0-10.1":0,"10.5":null,"10.6":null,"11":null,"11.1":null,"11.5":null,"11.6":null,"12":null,"12.1":0.017874,"15":null,"16":null,"17":null,"18":null,"19":null,"20":null,"21":null,"22":null,"23":null,"24":null,"25":null,"26":null,"27":null,"28":0.017874,"29":null,"30":null,"31":null,"32":null,"33":0.017874,"34":null,"35":null,"36":0.005958,"37":null,"38":0.035748,"39":0.005958,"40":null,"41":0.20853,"42":0.101286,"43":null,"44":null},"safari":{"3.1":null,"3.2":null,"4":0.005958,"5":0.053622,"5.1":0.065538,"6":null,"6.1":0.077454,"7":0.05958,"7.1":0.02979,"8":0.291942,"9":0.375354,"9.1":1.793358,"10":4.85577,"0":null},"ios_saf":{"3.2":0,"4.0-4.1":0,"4.2-4.3":0,"5.0-5.1":0,"6.0-6.1":0,"7.0-7.1":0.318956011156,"8":0,"8.1-8.4":0.484198281996,"9.0-9.2":0.324720276418,"9.3":2.05784269848,"10.0-10.2":15.4155667319},"android":{"2.1":0,"2.2":0,"2.3":0,"3":0,"4":0.0214953150338,"4.1":0.0706274636824,"4.2-4.3":0.202231433277,"4.4":0.466316732264,"4.4.3-4.4.4":0.278123055743,"53":null},"op_mob":{"10":0,"11":0,"11.1":0,"11.5":0,"12":0,"12.1":0,"0":0.0360977380586},"ie":{"5.5":null,"6":0.00600504809763,"7":0.0180151442929,"8":0.174146394831,"9":0.234196875808,"10":0.312262501077,"11":7.62040603589},"edge":{"12":0.065538,"13":0.375354,"14":3.568842,"15":null},"bb":{"7":0.0050525,"10":null},"ie_mob":{"10":0.0784148,"11":0.3136592},"and_ff":{"0":0.036378},"samsung":{"0":3.459952},"and_uc":{"0":1.224726},"op_mini":{"0":0.473194261941},"and_chr":{"0":15.030308}},"total":99.0377825}