{"id":"DM","name":"Dominica","month":"2016-12","access_date":"2017-01-17","data":{"chrome":{"4":null,"5":null,"6":null,"7":null,"8":null,"9":null,"10":null,"11":null,"12":null,"13":null,"14":null,"15":null,"16":0.005888,"17":null,"18":null,"19":null,"20":null,"21":null,"22":0.1472,"23":null,"24":null,"25":null,"26":0.011776,"27":null,"28":0.017664,"29":null,"30":0.02944,"31":0.135424,"32":0.288512,"33":0.005888,"34":0.017664,"35":null,"36":2.378752,"37":0.017664,"38":0.011776,"39":0.023552,"40":0.011776,"41":0.005888,"42":0.011776,"43":0.047104,"44":0.011776,"45":0.359168,"46":0.035328,"47":0.052992,"48":0.017664,"49":1.0304,"50":0.08832,"51":0.506368,"52":0.641792,"53":0.241408,"54":18.04672,"55":15.974144,"56":0.188416,"57":0.076544,"58":null},"firefox":{"2":null,"3":null,"3.5":null,"3.6":null,"4":null,"5":null,"6":null,"7":null,"8":null,"9":null,"10":null,"11":null,"12":0.011776,"13":null,"14":null,"15":null,"16":null,"17":null,"18":null,"19":null,"20":null,"21":null,"22":0.005888,"23":null,"24":null,"25":null,"26":null,"27":null,"28":0.047104,"29":null,"30":0.005888,"31":null,"32":null,"33":null,"34":null,"35":null,"36":null,"37":null,"38":0.005888,"39":null,"40":null,"41":0.023552,"42":null,"43":0.02944,"44":0.005888,"45":0.023552,"46":0.017664,"47":0.229632,"48":0.182528,"49":0.194304,"50":4.510208,"51":0.035328,"52":null,"53":null},"opera":{"9":null,"9.5-9.6":null,"10.0-10.1":0,"10.5":null,"10.6":null,"11":null,"11.1":null,"11.5":null,"11.6":null,"12":null,"12.1":0.035328,"15":null,"16":null,"17":null,"18":null,"19":null,"20":null,"21":null,"22":null,"23":null,"24":null,"25":null,"26":null,"27":null,"28":null,"29":0.011776,"30":null,"31":null,"32":null,"33":null,"34":null,"35":null,"36":0.035328,"37":0.076544,"38":0.11776,"39":null,"40":null,"41":0.476928,"42":0.164864,"43":null,"44":null},"safari":{"3.1":null,"3.2":null,"4":0,"5":0.017664,"5.1":0.041216,"6":0.011776,"6.1":0.023552,"7":null,"7.1":0.005888,"8":0.082432,"9":0.041216,"9.1":0.38272,"10":1.124608,"0":null},"ios_saf":{"3.2":0,"4.0-4.1":0,"4.2-4.3":0,"5.0-5.1":0,"6.0-6.1":0,"7.0-7.1":0.0638101187894,"8":0,"8.1-8.4":0.096868373102,"9.0-9.2":0.0649633137073,"9.3":0.411690585683,"10.0-10.2":3.08402760872},"android":{"2.1":0,"2.2":0,"2.3":0,"3":0,"4":0.114358054054,"4.1":0.375747891892,"4.2-4.3":1.07589924324,"4.4":2.48086962162,"4.4.3-4.4.4":1.47965318919,"53":null},"op_mob":{"10":0,"11":0,"11.1":0,"11.5":0,"12":0,"12.1":0,"0":0.0355570785824},"ie":{"5.5":null,"6":null,"7":0.005888,"8":0.11776,"9":0.082432,"10":0.052992,"11":2.614272},"edge":{"12":0.123648,"13":0.52992,"14":2.549504,"15":null},"bb":{"7":0.276532,"10":null},"ie_mob":{"10":0.1759936,"11":0.7039744},"and_ff":{"0":0.016448},"samsung":{"0":3.647344},"and_uc":{"0":0.649696},"op_mini":{"0":0.466106921418},"and_chr":{"0":28.380496}},"total":98.093476}