{"id":"DO","name":"Dominican Republic","month":"2016-12","access_date":"2017-01-17","data":{"chrome":{"4":null,"5":null,"6":null,"7":null,"8":null,"9":null,"10":null,"11":0.032706,"12":null,"13":null,"14":null,"15":null,"16":null,"17":null,"18":0.010902,"19":null,"20":null,"21":0.005451,"22":0.032706,"23":null,"24":null,"25":0.010902,"26":0.016353,"27":0.010902,"28":0.010902,"29":0.043608,"30":null,"31":0.027255,"32":0.021804,"33":0.005451,"34":0.032706,"35":0.027255,"36":0.245295,"37":0.021804,"38":0.032706,"39":0.059961,"40":0.038157,"41":0.016353,"42":0.032706,"43":0.196236,"44":0.05451,"45":0.038157,"46":0.059961,"47":0.092667,"48":0.103569,"49":2.61648,"50":0.196236,"51":1.03569,"52":0.539649,"53":0.506943,"54":18.021006,"55":16.200372,"56":0.092667,"57":0.027255,"58":null},"firefox":{"2":null,"3":0.027255,"3.5":null,"3.6":0.021804,"4":null,"5":null,"6":null,"7":null,"8":null,"9":null,"10":null,"11":null,"12":null,"13":null,"14":null,"15":null,"16":null,"17":null,"18":null,"19":null,"20":null,"21":null,"22":null,"23":null,"24":null,"25":null,"26":0.010902,"27":null,"28":null,"29":null,"30":null,"31":0.010902,"32":0.005451,"33":null,"34":null,"35":0.005451,"36":0.005451,"37":0.005451,"38":0.038157,"39":0.010902,"40":0.016353,"41":0.010902,"42":0.016353,"43":0.098118,"44":0.027255,"45":0.10902,"46":0.065412,"47":0.463335,"48":0.283452,"49":0.136275,"50":2.959893,"51":0.032706,"52":0.005451,"53":null},"opera":{"9":null,"9.5-9.6":null,"10.0-10.1":0,"10.5":null,"10.6":null,"11":null,"11.1":null,"11.5":null,"11.6":null,"12":null,"12.1":0.016353,"15":null,"16":null,"17":null,"18":null,"19":null,"20":null,"21":null,"22":null,"23":null,"24":null,"25":null,"26":null,"27":null,"28":null,"29":null,"30":null,"31":null,"32":null,"33":null,"34":null,"35":null,"36":0.016353,"37":0.016353,"38":0.136275,"39":0.016353,"40":0.010902,"41":0.316158,"42":0.16353,"43":null,"44":null},"safari":{"3.1":null,"3.2":null,"4":0.032706,"5":0.027255,"5.1":0.032706,"6":0.010902,"6.1":0.027255,"7":0.038157,"7.1":0.010902,"8":0.136275,"9":0.239844,"9.1":0.626865,"10":1.411809,"0":null},"ios_saf":{"3.2":0,"4.0-4.1":0,"4.2-4.3":0,"5.0-5.1":0,"6.0-6.1":0,"7.0-7.1":0.112737165582,"8":0,"8.1-8.4":0.171143167028,"9.0-9.2":0.114774584237,"9.3":0.72735845987,"10.0-10.2":5.44873662328},"android":{"2.1":0,"2.2":0,"2.3":0,"3":0,"4":0.094716089527,"4.1":0.311210008446,"4.2-4.3":0.891104434122,"4.4":2.05475924831,"4.4.3-4.4.4":1.22551021959,"53":null},"op_mob":{"10":0,"11":0,"11.1":0,"11.5":0,"12":0,"12.1":0,"0":0.0477294298921},"ie":{"5.5":null,"6":0.019193471464,"7":0.00639782382134,"8":0.671771501241,"9":0.211128186104,"10":0.23671948139,"11":1.43311253598},"edge":{"12":0.070863,"13":0.234393,"14":0.665022,"15":null},"bb":{"7":0.0637,"10":null},"ie_mob":{"10":0.09282,"11":0.37128},"and_ff":{"0":0.01365},"samsung":{"0":2.08845},"and_uc":{"0":0.25025},"op_mini":{"0":0.625670570108},"and_chr":{"0":31.909378}},"total":98.334066}