{"id":"DZ","name":"Algeria","month":"2016-12","access_date":"2017-01-17","data":{"chrome":{"4":0.025028,"5":0.018771,"6":0.012514,"7":0.012514,"8":0.012514,"9":null,"10":0.025028,"11":0.075084,"12":0.025028,"13":0.012514,"14":0.025028,"15":0.056313,"16":0.043799,"17":0.031285,"18":0.112626,"19":0.025028,"20":0.037542,"21":0.018771,"22":0.043799,"23":0.031285,"24":0.018771,"25":0.075084,"26":0.075084,"27":0.037542,"28":0.06257,"29":0.087598,"30":0.081341,"31":0.137654,"32":0.212738,"33":0.25028,"34":0.081341,"35":0.031285,"36":0.337878,"37":0.043799,"38":0.093855,"39":0.143911,"40":0.181453,"41":0.050056,"42":0.06257,"43":2.696767,"44":0.112626,"45":0.118883,"46":0.118883,"47":0.137654,"48":0.212738,"49":3.284925,"50":0.294079,"51":1.345255,"52":0.525588,"53":0.525588,"54":11.982155,"55":15.880266,"56":0.18771,"57":0.093855,"58":null},"firefox":{"2":0.006257,"3":0.068827,"3.5":0.031285,"3.6":0.100112,"4":0.025028,"5":0.006257,"6":0.006257,"7":0.006257,"8":0.012514,"9":0.006257,"10":0.012514,"11":0.025028,"12":0.043799,"13":0.018771,"14":0.025028,"15":0.031285,"16":0.025028,"17":0.018771,"18":0.018771,"19":0.025028,"20":0.025028,"21":0.025028,"22":0.018771,"23":0.025028,"24":0.018771,"25":0.025028,"26":0.037542,"27":0.025028,"28":0.025028,"29":0.06257,"30":0.068827,"31":0.056313,"32":0.06257,"33":0.06257,"34":0.068827,"35":0.075084,"36":0.06257,"37":0.068827,"38":0.118883,"39":0.081341,"40":0.093855,"41":0.093855,"42":0.081341,"43":0.588158,"44":0.18771,"45":0.193967,"46":0.193967,"47":0.926036,"48":0.488046,"49":0.463018,"50":6.913985,"51":0.225252,"52":0.031285,"53":null},"opera":{"9":null,"9.5-9.6":null,"10.0-10.1":0,"10.5":null,"10.6":null,"11":null,"11.1":null,"11.5":null,"11.6":0.012514,"12":0.006257,"12.1":0.050056,"15":null,"16":null,"17":null,"18":0.006257,"19":0.006257,"20":0.006257,"21":null,"22":null,"23":null,"24":null,"25":null,"26":null,"27":null,"28":null,"29":null,"30":0.006257,"31":null,"32":null,"33":0.006257,"34":0.012514,"35":0.012514,"36":0.143911,"37":0.031285,"38":0.131397,"39":0.025028,"40":0.043799,"41":0.932293,"42":0.581901,"43":0.012514,"44":null},"safari":{"3.1":null,"3.2":null,"4":0.025028,"5":0.006257,"5.1":0.037542,"6":0.012514,"6.1":0.006257,"7":0.018771,"7.1":null,"8":0.056313,"9":0.031285,"9.1":0.056313,"10":0.18771,"0":null},"ios_saf":{"3.2":0,"4.0-4.1":0,"4.2-4.3":0,"5.0-5.1":0,"6.0-6.1":0,"7.0-7.1":0.0247097541576,"8":0,"8.1-8.4":0.0375111930586,"9.0-9.2":0.0251563159798,"9.3":0.159422570499,"10.0-10.2":1.19425516631},"android":{"2.1":0,"2.2":0,"2.3":0,"3":0,"4":0.11656568201,"4.1":0.383001526605,"4.2-4.3":1.09666896748,"4.4":2.52876163218,"4.4.3-4.4.4":1.50821719172,"53":null},"op_mob":{"10":0,"11":0,"11.1":0,"11.5":0,"12":0,"12.1":0,"0":0.130261013867},"ie":{"5.5":null,"6":0.0347701165803,"7":0.0556321865285,"8":0.716264401554,"9":0.250344839378,"10":0.333793119171,"11":1.29344833679},"edge":{"12":0.06257,"13":0.093855,"14":0.181453,"15":null},"bb":{"7":0.01029325,"10":null},"ie_mob":{"10":0.0778544,"11":0.3114176},"and_ff":{"0":0.018715},"samsung":{"0":1.650663},"and_uc":{"0":1.587032},"op_mini":{"0":1.70755198613},"and_chr":{"0":27.256435}},"total":97.54531825}