{"id":"EC","name":"Ecuador","month":"2016-12","access_date":"2017-01-17","data":{"chrome":{"4":null,"5":null,"6":null,"7":null,"8":null,"9":null,"10":null,"11":0.020694,"12":null,"13":null,"14":null,"15":null,"16":null,"17":null,"18":0.013796,"19":null,"20":null,"21":null,"22":0.131062,"23":0.006898,"24":null,"25":0.006898,"26":0.041388,"27":0.006898,"28":null,"29":0.020694,"30":0.006898,"31":0.020694,"32":0.075878,"33":0.013796,"34":0.03449,"35":0.062082,"36":0.372492,"37":0.027592,"38":0.048286,"39":0.055184,"40":0.048286,"41":0.027592,"42":0.027592,"43":0.165552,"44":0.075878,"45":0.075878,"46":0.055184,"47":0.117266,"48":0.082776,"49":1.986624,"50":0.144858,"51":0.462166,"52":0.44837,"53":0.579432,"54":22.742706,"55":20.990614,"56":0.13796,"57":0.03449,"58":null},"firefox":{"2":null,"3":0.013796,"3.5":null,"3.6":0.013796,"4":0.006898,"5":null,"6":null,"7":null,"8":null,"9":null,"10":null,"11":0.006898,"12":0.006898,"13":null,"14":0.013796,"15":null,"16":0.013796,"17":0.006898,"18":null,"19":null,"20":0.006898,"21":0.006898,"22":null,"23":0.006898,"24":0.006898,"25":0.006898,"26":null,"27":0.006898,"28":0.013796,"29":0.020694,"30":0.020694,"31":0.027592,"32":0.020694,"33":0.03449,"34":0.03449,"35":0.03449,"36":0.03449,"37":0.062082,"38":0.06898,"39":0.055184,"40":0.06898,"41":0.075878,"42":0.055184,"43":0.255226,"44":0.062082,"45":0.151756,"46":0.10347,"47":0.503554,"48":0.544942,"49":0.420778,"50":8.988094,"51":0.082776,"52":0.006898,"53":null},"opera":{"9":null,"9.5-9.6":null,"10.0-10.1":0,"10.5":null,"10.6":null,"11":null,"11.1":null,"11.5":null,"11.6":null,"12":null,"12.1":0.048286,"15":null,"16":null,"17":null,"18":null,"19":null,"20":null,"21":null,"22":null,"23":null,"24":null,"25":null,"26":null,"27":null,"28":null,"29":null,"30":null,"31":null,"32":null,"33":null,"34":null,"35":null,"36":0.013796,"37":0.006898,"38":0.03449,"39":0.013796,"40":0.006898,"41":0.400084,"42":0.17245,"43":null,"44":null},"safari":{"3.1":null,"3.2":null,"4":0.006898,"5":0.020694,"5.1":0.048286,"6":0.006898,"6.1":0.03449,"7":0.055184,"7.1":0.013796,"8":0.303512,"9":0.213838,"9.1":0.813964,"10":1.745194,"0":null},"ios_saf":{"3.2":0,"4.0-4.1":0,"4.2-4.3":0,"5.0-5.1":0,"6.0-6.1":0,"7.0-7.1":0.0501581320112,"8":0,"8.1-8.4":0.076143670282,"9.0-9.2":0.0510646042764,"9.3":0.323610598698,"10.0-10.2":2.42420899473},"android":{"2.1":0,"2.2":0,"2.3":0,"3":0,"4":0.0647660396959,"4.1":0.212802701858,"4.2-4.3":0.609329475507,"4.4":1.40502653463,"4.4.3-4.4.4":0.837993248311,"53":null},"op_mob":{"10":0,"11":0,"11.1":0,"11.5":0,"12":0,"12.1":0,"0":0.113889762712},"ie":{"5.5":null,"6":0.00729217142857,"7":0.00729217142857,"8":0.2041808,"9":0.0875060571429,"10":0.138551257143,"11":1.08653354286},"edge":{"12":0.062082,"13":0.13796,"14":0.62082,"15":null},"bb":{"7":0.0566115,"10":null},"ie_mob":{"10":0.2363724,"11":0.9454896},"and_ff":{"0":0.018612},"samsung":{"0":2.934492},"and_uc":{"0":0.35673},"op_mini":{"0":1.49294623729},"and_chr":{"0":18.835312}},"total":98.3976315}