{"id":"EE","name":"Estonia","month":"2016-12","access_date":"2017-01-17","data":{"chrome":{"4":0.016024,"5":null,"6":null,"7":null,"8":null,"9":null,"10":null,"11":0.016024,"12":0.016024,"13":0.016024,"14":null,"15":0.008012,"16":null,"17":0.008012,"18":0.024036,"19":0.016024,"20":0.016024,"21":0.024036,"22":0.032048,"23":0.008012,"24":0.024036,"25":0.008012,"26":0.016024,"27":0.024036,"28":null,"29":null,"30":null,"31":0.024036,"32":0.032048,"33":0.024036,"34":0.04006,"35":0.096144,"36":0.304456,"37":0.024036,"38":0.048072,"39":0.144216,"40":0.032048,"41":0.024036,"42":0.032048,"43":0.2003,"44":0.088132,"45":0.056084,"46":0.024036,"47":0.048072,"48":0.064096,"49":1.490232,"50":0.12018,"51":0.56084,"52":0.216324,"53":0.288432,"54":20.887284,"55":22.601852,"56":0.152228,"57":0.064096,"58":null},"firefox":{"2":null,"3":0.016024,"3.5":0.032048,"3.6":0.144216,"4":0.008012,"5":null,"6":null,"7":null,"8":null,"9":null,"10":null,"11":null,"12":null,"13":0.016024,"14":null,"15":0.008012,"16":0.024036,"17":0.032048,"18":null,"19":null,"20":0.016024,"21":null,"22":null,"23":null,"24":0.008012,"25":null,"26":null,"27":null,"28":0.008012,"29":0.032048,"30":0.008012,"31":0.048072,"32":0.008012,"33":0.008012,"34":0.016024,"35":0.024036,"36":0.024036,"37":0.016024,"38":0.176264,"39":0.04006,"40":0.024036,"41":0.04006,"42":0.048072,"43":0.136204,"44":0.04006,"45":0.36054,"46":0.08012,"47":0.608912,"48":0.248372,"49":0.36054,"50":11.192764,"51":0.112168,"52":null,"53":null},"opera":{"9":null,"9.5-9.6":null,"10.0-10.1":0,"10.5":null,"10.6":0.008012,"11":null,"11.1":0.008012,"11.5":0.016024,"11.6":0.032048,"12":0.04006,"12.1":0.224336,"15":null,"16":null,"17":0.008012,"18":null,"19":null,"20":null,"21":null,"22":null,"23":null,"24":null,"25":null,"26":null,"27":0.032048,"28":null,"29":null,"30":0.016024,"31":null,"32":null,"33":null,"34":null,"35":null,"36":0.08012,"37":0.016024,"38":0.056084,"39":0.008012,"40":0.016024,"41":0.793188,"42":0.432648,"43":0.016024,"44":null},"safari":{"3.1":null,"3.2":null,"4":0.016024,"5":0.048072,"5.1":0.096144,"6":null,"6.1":0.064096,"7":0.016024,"7.1":0.008012,"8":0.2003,"9":0.192288,"9.1":0.929392,"10":3.100644,"0":null},"ios_saf":{"3.2":0,"4.0-4.1":0,"4.2-4.3":0,"5.0-5.1":0,"6.0-6.1":0,"7.0-7.1":0.0888232717694,"8":0,"8.1-8.4":0.134840147505,"9.0-9.2":0.0904285116207,"9.3":0.573070626898,"10.0-10.2":4.29294644221},"android":{"2.1":0,"2.2":0,"2.3":0,"3":0,"4":0.0158297107264,"4.1":0.0520119066723,"4.2-4.3":0.148928502956,"4.4":0.343407806166,"4.4.3-4.4.4":0.20481707348,"53":null},"op_mob":{"10":0,"11":0,"11.1":0,"11.5":0,"12":0,"12.1":0,"0":0.0109851402157},"ie":{"5.5":null,"6":0.00802986399108,"7":0.0160597279822,"8":0.160597279822,"9":0.128477823857,"10":0.168627143813,"11":6.72099616054},"edge":{"12":0.04006,"13":0.336504,"14":1.770652,"15":null},"bb":{"7":0.0029805,"10":null},"ie_mob":{"10":0.0508672,"11":0.2034688},"and_ff":{"0":0.023844},"samsung":{"0":2.279089},"and_uc":{"0":0.035766},"op_mini":{"0":0.144000859784},"and_chr":{"0":11.180718}},"total":97.6252715}