{"id":"EG","name":"Egypt","month":"2016-12","access_date":"2017-01-17","data":{"chrome":{"4":0.033645,"5":0.033645,"6":0.013458,"7":null,"8":null,"9":0.033645,"10":0.006729,"11":0.080748,"12":0.040374,"13":null,"14":null,"15":null,"16":0.047103,"17":0.074019,"18":0.020187,"19":1.130472,"20":0.087477,"21":0.040374,"22":0.040374,"23":0.06729,"24":3.290481,"25":0.087477,"26":0.154767,"27":0.094206,"28":0.121122,"29":0.154767,"30":1.170846,"31":0.262431,"32":0.296076,"33":0.625797,"34":0.322992,"35":2.348421,"36":0.248973,"37":0.289347,"38":0.168225,"39":0.208599,"40":0.208599,"41":0.343179,"42":0.363366,"43":3.007863,"44":0.780564,"45":0.390282,"46":0.181683,"47":0.127851,"48":0.127851,"49":1.594773,"50":0.074019,"51":0.417198,"52":0.302805,"53":0.302805,"54":6.358905,"55":7.913304,"56":0.060561,"57":0.033645,"58":null},"firefox":{"2":1.090098,"3":0.040374,"3.5":0.013458,"3.6":0.100935,"4":0.040374,"5":0.033645,"6":null,"7":0.020187,"8":0.040374,"9":0.040374,"10":0.033645,"11":0.053832,"12":0.053832,"13":0.06729,"14":0.026916,"15":1.130472,"16":0.053832,"17":0.040374,"18":1.110285,"19":0.053832,"20":0.053832,"21":1.14393,"22":0.047103,"23":1.130472,"24":0.06729,"25":2.254215,"26":0.121122,"27":0.121122,"28":0.141309,"29":0.154767,"30":0.161496,"31":0.181683,"32":0.107664,"33":0.040374,"34":0.053832,"35":0.080748,"36":0.107664,"37":0.114393,"38":0.148038,"39":0.127851,"40":0.141309,"41":0.080748,"42":0.026916,"43":0.309534,"44":0.154767,"45":0.100935,"46":0.100935,"47":0.457572,"48":0.248973,"49":0.222057,"50":4.602636,"51":0.26916,"52":0.006729,"53":null},"opera":{"9":null,"9.5-9.6":null,"10.0-10.1":1.110285,"10.5":null,"10.6":null,"11":0.020187,"11.1":null,"11.5":null,"11.6":0.033645,"12":0.013458,"12.1":0.040374,"15":0.020187,"16":null,"17":0.020187,"18":0.020187,"19":0.047103,"20":0.060561,"21":0.053832,"22":0.053832,"23":0.047103,"24":null,"25":null,"26":null,"27":null,"28":0.033645,"29":0.033645,"30":0.047103,"31":0.026916,"32":null,"33":null,"34":null,"35":null,"36":0.074019,"37":0.006729,"38":0.040374,"39":null,"40":0.006729,"41":0.302805,"42":0.20187,"43":null,"44":null},"safari":{"3.1":null,"3.2":null,"4":0.006729,"5":1.063182,"5.1":0.013458,"6":0.020187,"6.1":0.006729,"7":0.026916,"7.1":null,"8":0.053832,"9":0.033645,"9.1":0.080748,"10":0.181683,"0":null},"ios_saf":{"3.2":0,"4.0-4.1":0,"4.2-4.3":0,"5.0-5.1":0,"6.0-6.1":0,"7.0-7.1":0.0404516673897,"8":0,"8.1-8.4":0.0614085553145,"9.0-9.2":0.0411827216197,"9.3":0.260986360087,"10.0-10.2":1.95508269559},"android":{"2.1":0,"2.2":0,"2.3":0,"3":0,"4":0.0826014189189,"4.1":0.271404662162,"4.2-4.3":0.777127635135,"4.4":1.79194506757,"4.4.3-4.4.4":1.06876121622,"53":null},"op_mob":{"10":0,"11":0,"11.1":0,"11.5":0,"12":0,"12.1":0,"0":0.113405805855},"ie":{"5.5":null,"6":0.0136000081169,"7":0.0272000162338,"8":2.66560159091,"9":2.32560138799,"10":2.38680142451,"11":0.95880057224},"edge":{"12":0.047103,"13":0.074019,"14":0.161496,"15":null},"bb":{"7":0.007362,"10":null},"ie_mob":{"10":0.0497344,"11":0.1989376},"and_ff":{"0":0.045808},"samsung":{"0":1.8814},"and_uc":{"0":1.187736},"op_mini":{"0":1.48660219414},"and_chr":{"0":21.453198}},"total":96.545869}