{"id":"ER","name":"Eritrea","month":"2016-12","access_date":"2017-01-17","data":{"chrome":{"4":null,"5":null,"6":null,"7":null,"8":null,"9":0.089053,"10":null,"11":null,"12":null,"13":null,"14":null,"15":null,"16":0.070305,"17":0.032809,"18":0.018748,"19":null,"20":null,"21":null,"22":null,"23":0.014061,"24":0.098427,"25":0.028122,"26":null,"27":0.004687,"28":null,"29":null,"30":0.004687,"31":0.089053,"32":null,"33":0.014061,"34":null,"35":null,"36":null,"37":null,"38":0.014061,"39":0.018748,"40":null,"41":0.018748,"42":0.004687,"43":0.032809,"44":null,"45":0.271846,"46":0.103114,"47":0.004687,"48":null,"49":0.042183,"50":0.131236,"51":0.014061,"52":0.182793,"53":0.323403,"54":1.78106,"55":1.710755,"56":null,"57":0.032809,"58":null},"firefox":{"2":0.004687,"3":0.18748,"3.5":0.04687,"3.6":0.196854,"4":1.129567,"5":0.51557,"6":0.018748,"7":0.196854,"8":0.168732,"9":0.098427,"10":0.014061,"11":0.267159,"12":0.084366,"13":0.454639,"14":0.215602,"15":0.567127,"16":0.403082,"17":0.018748,"18":0.154671,"19":0.356212,"20":0.103114,"21":0.951461,"22":0.159358,"23":0.271846,"24":0.613997,"25":0.074992,"26":0.440578,"27":0.060931,"28":0.070305,"29":0.285907,"30":0.482761,"31":0.970209,"32":0.942087,"33":0.885843,"34":0.712424,"35":0.18748,"36":3.276213,"37":0.768668,"38":0.417143,"39":0.224976,"40":1.251429,"41":0.229663,"42":1.035827,"43":1.879487,"44":1.898235,"45":0.951461,"46":0.346838,"47":3.505876,"48":1.387352,"49":3.679295,"50":4.635443,"51":1.326421,"52":null,"53":null},"opera":{"9":null,"9.5-9.6":null,"10.0-10.1":0,"10.5":null,"10.6":null,"11":null,"11.1":null,"11.5":null,"11.6":0.070305,"12":0.004687,"12.1":null,"15":null,"16":null,"17":null,"18":null,"19":null,"20":null,"21":null,"22":null,"23":null,"24":null,"25":null,"26":null,"27":null,"28":null,"29":null,"30":0.004687,"31":null,"32":null,"33":null,"34":null,"35":null,"36":null,"37":null,"38":null,"39":0.004687,"40":null,"41":0.060931,"42":0.510883,"43":null,"44":null},"safari":{"3.1":null,"3.2":null,"4":0,"5":null,"5.1":0.014061,"6":0.004687,"6.1":null,"7":null,"7.1":null,"8":null,"9":null,"9.1":0.042183,"10":0.074992,"0":null},"ios_saf":{"3.2":0,"4.0-4.1":0,"4.2-4.3":0,"5.0-5.1":0,"6.0-6.1":0,"7.0-7.1":0.00965680694143,"8":0,"8.1-8.4":0.0146597310195,"9.0-9.2":0.00983132754881,"9.3":0.062303856833,"10.0-10.2":0.466726277657},"android":{"2.1":0,"2.2":0,"2.3":0,"3":0,"4":0.106971241976,"4.1":0.351476937922,"4.2-4.3":1.00640290921,"4.4":2.32062102492,"4.4.3-4.4.4":1.38407688598,"53":null},"op_mob":{"10":0,"11":0,"11.1":0,"11.5":0,"12":0,"12.1":0,"0":0.213895322034},"ie":{"5.5":null,"6":0.018748,"7":0.028122,"8":0.243724,"9":0.032809,"10":0.074992,"11":0.970209},"edge":{"12":0.056244,"13":0.004687,"14":null,"15":null},"bb":{"7":0.0132825,"10":null},"ie_mob":{"10":0.0148764,"11":0.0595056},"and_ff":{"0":0.175329},"samsung":{"0":1.179486},"and_uc":{"0":15.476769},"op_mini":{"0":2.80388867797},"and_chr":{"0":27.546316}},"total":99.7158025}