{"id":"ET","name":"Ethiopia","month":"2016-12","access_date":"2017-01-17","data":{"chrome":{"4":0.006192,"5":0.001548,"6":null,"7":null,"8":0.00774,"9":0.003096,"10":0.017028,"11":0.057276,"12":null,"13":0.003096,"14":0.003096,"15":null,"16":0.004644,"17":0.009288,"18":0.003096,"19":0.006192,"20":0.001548,"21":0.003096,"22":null,"23":0.004644,"24":0.006192,"25":0.00774,"26":0.018576,"27":0.004644,"28":0.003096,"29":0.004644,"30":0.00774,"31":0.034056,"32":0.009288,"33":0.058824,"34":0.006192,"35":0.003096,"36":0.006192,"37":0.003096,"38":0.00774,"39":0.004644,"40":0.0387,"41":0.004644,"42":0.009288,"43":0.760068,"44":0.272448,"45":0.026316,"46":0.010836,"47":0.021672,"48":0.027864,"49":0.212076,"50":0.03096,"51":0.072756,"52":0.060372,"53":0.071208,"54":1.634688,"55":1.947384,"56":0.043344,"57":0.034056,"58":null},"firefox":{"2":null,"3":0.006192,"3.5":0.003096,"3.6":0.01548,"4":0.06192,"5":0.113004,"6":0.004644,"7":0.00774,"8":0.009288,"9":0.004644,"10":0.037152,"11":0.068112,"12":0.049536,"13":0.009288,"14":0.02322,"15":0.013932,"16":0.041796,"17":0.027864,"18":0.024768,"19":0.03096,"20":0.159444,"21":0.021672,"22":0.017028,"23":0.02322,"24":0.035604,"25":0.066564,"26":0.09288,"27":0.026316,"28":0.143964,"29":0.179568,"30":0.102168,"31":0.153252,"32":0.055728,"33":0.072756,"34":0.06966,"35":0.13158,"36":0.06192,"37":0.174924,"38":0.145512,"39":0.160992,"40":0.176472,"41":0.151704,"42":0.12384,"43":0.493812,"44":0.314244,"45":0.168732,"46":0.128484,"47":0.741492,"48":0.306504,"49":0.732204,"50":1.182672,"51":0.196596,"52":0.071208,"53":null},"opera":{"9":null,"9.5-9.6":null,"10.0-10.1":0,"10.5":null,"10.6":null,"11":null,"11.1":0.003096,"11.5":0.003096,"11.6":0.020124,"12":0.00774,"12.1":0.012384,"15":0.003096,"16":null,"17":0.001548,"18":0.004644,"19":0.003096,"20":0.001548,"21":0.004644,"22":0.004644,"23":null,"24":null,"25":null,"26":null,"27":null,"28":0.003096,"29":0.03096,"30":0.003096,"31":0.004644,"32":0.003096,"33":0.003096,"34":0.006192,"35":0.00774,"36":0.012384,"37":0.010836,"38":0.010836,"39":0.009288,"40":0.013932,"41":0.334368,"42":0.196596,"43":null,"44":null},"safari":{"3.1":null,"3.2":null,"4":0,"5":0.003096,"5.1":0.006192,"6":0.001548,"6.1":null,"7":0.009288,"7.1":null,"8":0.010836,"9":0.020124,"9.1":0.026316,"10":0.035604,"0":null},"ios_saf":{"3.2":0,"4.0-4.1":0,"4.2-4.3":0,"5.0-5.1":0,"6.0-6.1":0,"7.0-7.1":0.0169543768206,"8":0,"8.1-8.4":0.0257379696312,"9.0-9.2":0.0172607812209,"9.3":0.109386370933,"10.0-10.2":0.819427501394},"android":{"2.1":0,"2.2":0,"2.3":0,"3":0,"4":0.231881450169,"4.1":0.761896193412,"4.2-4.3":2.18157854139,"4.4":5.03040778632,"4.4.3-4.4.4":3.00026202872,"53":null},"op_mob":{"10":0,"11":0,"11.1":0,"11.5":0,"12":0,"12.1":0,"0":2.94883907242},"ie":{"5.5":null,"6":0.076217258427,"7":0.0404418105939,"8":0.181988147673,"9":0.0419972648475,"10":0.0622181701445,"11":0.564629894061},"edge":{"12":0.088236,"13":0.12384,"14":0.06966,"15":null},"bb":{"7":0.0042255,"10":null},"ie_mob":{"10":0.059157,"11":0.236628},"and_ff":{"0":0.033804},"samsung":{"0":0.828198},"and_uc":{"0":2.915595},"op_mini":{"0":38.6554339276},"and_chr":{"0":23.797017}},"total":96.5871150457}