{"id":"FI","name":"Finland","month":"2016-12","access_date":"2017-01-17","data":{"chrome":{"4":null,"5":null,"6":null,"7":null,"8":null,"9":null,"10":null,"11":null,"12":null,"13":null,"14":null,"15":null,"16":null,"17":null,"18":0.006526,"19":null,"20":null,"21":null,"22":0.026104,"23":null,"24":null,"25":null,"26":null,"27":null,"28":null,"29":null,"30":null,"31":0.013052,"32":0.006526,"33":null,"34":0.026104,"35":0.013052,"36":0.039156,"37":0.006526,"38":0.019578,"39":0.019578,"40":0.006526,"41":0.013052,"42":0.013052,"43":0.058734,"44":0.019578,"45":0.026104,"46":0.091364,"47":0.039156,"48":0.06526,"49":0.965848,"50":0.084838,"51":0.274092,"52":0.176202,"53":0.234936,"54":15.212106,"55":14.579084,"56":0.104416,"57":0.091364,"58":null},"firefox":{"2":null,"3":null,"3.5":null,"3.6":0.019578,"4":null,"5":null,"6":null,"7":null,"8":null,"9":null,"10":null,"11":null,"12":null,"13":null,"14":null,"15":null,"16":0.006526,"17":null,"18":null,"19":null,"20":0.006526,"21":null,"22":null,"23":null,"24":0.013052,"25":null,"26":0.006526,"27":null,"28":null,"29":null,"30":0.013052,"31":0.019578,"32":null,"33":0.006526,"34":0.013052,"35":0.019578,"36":0.019578,"37":0.013052,"38":0.06526,"39":0.019578,"40":0.026104,"41":0.019578,"42":0.039156,"43":0.071786,"44":0.058734,"45":0.567762,"46":0.052208,"47":0.267566,"48":0.352404,"49":0.39156,"50":14.787916,"51":0.156624,"52":0.006526,"53":null},"opera":{"9":null,"9.5-9.6":null,"10.0-10.1":0,"10.5":null,"10.6":null,"11":null,"11.1":null,"11.5":null,"11.6":0.006526,"12":null,"12.1":0.104416,"15":null,"16":null,"17":null,"18":null,"19":null,"20":null,"21":null,"22":null,"23":null,"24":null,"25":null,"26":null,"27":null,"28":null,"29":null,"30":0.013052,"31":0.006526,"32":null,"33":null,"34":null,"35":null,"36":0.039156,"37":0.019578,"38":0.03263,"39":null,"40":0.006526,"41":0.55471,"42":0.280618,"43":null,"44":null},"safari":{"3.1":null,"3.2":null,"4":0.006526,"5":0.026104,"5.1":0.084838,"6":null,"6.1":0.058734,"7":0.019578,"7.1":0.006526,"8":0.189254,"9":0.215358,"9.1":0.887536,"10":2.519036,"0":null},"ios_saf":{"3.2":0,"4.0-4.1":0,"4.2-4.3":0,"5.0-5.1":0,"6.0-6.1":0,"7.0-7.1":0.158333444066,"8":0,"8.1-8.4":0.240361613883,"9.0-9.2":0.16119489185,"9.3":1.021536859,"10.0-10.2":7.6524651912},"android":{"2.1":0,"2.2":0,"2.3":0,"3":0,"4":0.0203437322635,"4.1":0.066843691723,"4.2-4.3":0.191397154561,"4.4":0.441334436655,"4.4.3-4.4.4":0.263222984797,"53":null},"op_mob":{"10":0,"11":0,"11.1":0,"11.5":0,"12":0,"12.1":0,"0":0.0189597966102},"ie":{"5.5":null,"6":0.0065454612326,"7":0.0065454612326,"8":0.0981819184891,"9":0.202909298211,"10":0.144000147117,"11":6.12655171372},"edge":{"12":0.058734,"13":0.352404,"14":2.421146,"15":null},"bb":{"7":0.001737,"10":null},"ie_mob":{"10":0.3758868,"11":1.5035472},"and_ff":{"0":0.05211},"samsung":{"0":4.1688},"and_uc":{"0":0.118116},"op_mini":{"0":0.24853820339},"and_chr":{"0":17.58}},"total":98.050275}