{"id":"FJ","name":"Fiji","month":"2016-12","access_date":"2017-01-17","data":{"chrome":{"4":null,"5":null,"6":null,"7":null,"8":null,"9":null,"10":null,"11":0.021996,"12":0.003666,"13":null,"14":0.007332,"15":null,"16":null,"17":null,"18":null,"19":null,"20":null,"21":null,"22":null,"23":null,"24":null,"25":0.007332,"26":0.003666,"27":null,"28":0.003666,"29":null,"30":0.010998,"31":0.051324,"32":0.043992,"33":0.03666,"34":0.007332,"35":0.01833,"36":0.007332,"37":null,"38":0.014664,"39":0.010998,"40":0.021996,"41":0.007332,"42":0.025662,"43":0.021996,"44":0.01833,"45":0.168636,"46":0.03666,"47":0.029328,"48":0.010998,"49":0.700206,"50":0.032994,"51":0.07332,"52":0.212628,"53":0.135642,"54":7.310004,"55":7.178028,"56":0.07332,"57":0.029328,"58":null},"firefox":{"2":null,"3":0.014664,"3.5":null,"3.6":0.010998,"4":0.032994,"5":null,"6":0.010998,"7":null,"8":0.09165,"9":null,"10":0.010998,"11":0.051324,"12":0.01833,"13":0.010998,"14":null,"15":0.007332,"16":0.029328,"17":0.080652,"18":null,"19":0.007332,"20":0.014664,"21":0.010998,"22":null,"23":null,"24":0.010998,"25":null,"26":null,"27":0.029328,"28":null,"29":0.03666,"30":0.032994,"31":0.007332,"32":0.007332,"33":0.003666,"34":null,"35":0.047658,"36":0.014664,"37":0.014664,"38":0.051324,"39":0.087984,"40":0.043992,"41":0.043992,"42":0.014664,"43":0.205296,"44":0.245622,"45":0.062322,"46":0.032994,"47":0.593892,"48":0.340938,"49":1.022814,"50":6.7821,"51":0.359268,"52":0.003666,"53":null},"opera":{"9":null,"9.5-9.6":null,"10.0-10.1":0,"10.5":null,"10.6":null,"11":null,"11.1":null,"11.5":null,"11.6":null,"12":null,"12.1":null,"15":null,"16":null,"17":null,"18":null,"19":null,"20":null,"21":null,"22":null,"23":null,"24":null,"25":null,"26":null,"27":null,"28":null,"29":null,"30":null,"31":null,"32":null,"33":null,"34":null,"35":0.01833,"36":0.007332,"37":0.03666,"38":null,"39":null,"40":null,"41":0.157638,"42":0.058656,"43":null,"44":null},"safari":{"3.1":null,"3.2":null,"4":0,"5":0.007332,"5.1":0.01833,"6":0.003666,"6.1":null,"7":0.040326,"7.1":null,"8":0.062322,"9":0.076986,"9.1":0.252954,"10":0.542568,"0":null},"ios_saf":{"3.2":0,"4.0-4.1":0,"4.2-4.3":0,"5.0-5.1":0,"6.0-6.1":0,"7.0-7.1":0.0722250036153,"8":0,"8.1-8.4":0.109642776573,"9.0-9.2":0.073530274765,"9.3":0.465981800434,"10.0-10.2":3.49073014461},"android":{"2.1":0,"2.2":0,"2.3":0,"3":0,"4":0.120712451858,"4.1":0.396626627534,"4.2-4.3":1.13568245524,"4.4":2.61872114949,"4.4.3-4.4.4":1.56187131588,"53":null},"op_mob":{"10":0,"11":0,"11.1":0,"11.5":0,"12":0,"12.1":0,"0":0.259040104777},"ie":{"5.5":null,"6":null,"7":0.00367547286822,"8":0.249932155039,"9":0.172747224806,"10":0.172747224806,"11":2.24571392248},"edge":{"12":0.069654,"13":0.322608,"14":0.45825,"15":null},"bb":{"7":0.019002,"10":null},"ie_mob":{"10":0.519388,"11":2.077552},"and_ff":{"0":0.025336},"samsung":{"0":8.791592},"and_uc":{"0":5.966628},"op_mini":{"0":3.39567789522},"and_chr":{"0":36.168854}},"total":99.082342}