{"id":"FK","name":"Falkland Islands (Malvinas)","month":"2016-12","access_date":"2017-01-17","data":{"chrome":{"4":null,"5":null,"6":null,"7":null,"8":null,"9":null,"10":null,"11":null,"12":null,"13":null,"14":null,"15":null,"16":0.055782,"17":null,"18":0.055782,"19":null,"20":null,"21":null,"22":null,"23":null,"24":null,"25":null,"26":null,"27":0.012396,"28":null,"29":null,"30":null,"31":null,"32":0.012396,"33":null,"34":null,"35":4.9584,"36":null,"37":null,"38":0.03099,"39":null,"40":0.012396,"41":0.055782,"42":null,"43":0.012396,"44":null,"45":null,"46":null,"47":null,"48":null,"49":0.21693,"50":0.15495,"51":0.21693,"52":0.687978,"53":0.18594,"54":9.061476,"55":7.580154,"56":null,"57":0.77475,"58":null},"firefox":{"2":null,"3":null,"3.5":null,"3.6":null,"4":0.117762,"5":0.043386,"6":0.03099,"7":null,"8":null,"9":null,"10":null,"11":null,"12":null,"13":null,"14":null,"15":null,"16":null,"17":null,"18":null,"19":null,"20":null,"21":0.043386,"22":null,"23":null,"24":0.260316,"25":null,"26":null,"27":null,"28":null,"29":null,"30":null,"31":null,"32":null,"33":0.142554,"34":null,"35":null,"36":null,"37":null,"38":0.012396,"39":null,"40":null,"41":0.142554,"42":0.086772,"43":0.086772,"44":null,"45":0.303702,"46":null,"47":0.130158,"48":0.359484,"49":0.37188,"50":7.412808,"51":null,"52":null,"53":null},"opera":{"9":null,"9.5-9.6":null,"10.0-10.1":0,"10.5":null,"10.6":null,"11":null,"11.1":null,"11.5":null,"11.6":null,"12":null,"12.1":null,"15":null,"16":null,"17":null,"18":null,"19":null,"20":null,"21":null,"22":null,"23":null,"24":null,"25":null,"26":null,"27":null,"28":null,"29":null,"30":null,"31":null,"32":null,"33":null,"34":null,"35":null,"36":null,"37":0.142554,"38":null,"39":null,"40":0.043386,"41":0.15495,"42":0.012396,"43":null,"44":null},"safari":{"3.1":null,"3.2":null,"4":0,"5":null,"5.1":0.012396,"6":0.012396,"6.1":null,"7":0.514434,"7.1":null,"8":0.142554,"9":0.446256,"9.1":0.576414,"10":1.17762,"0":null},"ios_saf":{"3.2":0,"4.0-4.1":0,"4.2-4.3":0,"5.0-5.1":0,"6.0-6.1":0,"7.0-7.1":0.247732837517,"8":0,"8.1-8.4":0.376076355748,"9.0-9.2":0.25220993699,"9.3":1.59832451193,"10.0-10.2":11.9732563578},"android":{"2.1":0,"2.2":0,"2.3":0,"3":0,"4":0.0224218454392,"4.1":0.0736717778716,"4.2-4.3":0.210948382601,"4.4":0.486416769426,"4.4.3-4.4.4":0.290111224662,"53":null},"op_mob":{"10":0,"11":0,"11.1":0,"11.5":0,"12":0,"12.1":0,"0":0.03934396302},"ie":{"5.5":null,"6":null,"7":0.043386,"8":0.576414,"9":3.154782,"10":0.173544,"11":15.854484},"edge":{"12":0.173544,"13":0.576414,"14":0.40287,"15":null},"bb":{"7":0,"10":null},"ie_mob":{"10":0.0555092,"11":0.2220368},"and_ff":{"0":0.030416},"samsung":{"0":5.535712},"and_uc":{"0":null},"op_mini":{"0":0.51574803698},"and_chr":{"0":19.60809}},"total":99.359168}