{"id":"FM","name":"Micronesia","month":"2016-12","access_date":"2017-01-17","data":{"chrome":{"4":null,"5":null,"6":null,"7":null,"8":null,"9":null,"10":null,"11":null,"12":null,"13":null,"14":null,"15":null,"16":null,"17":null,"18":null,"19":null,"20":null,"21":null,"22":null,"23":null,"24":null,"25":null,"26":0.74746,"27":null,"28":null,"29":null,"30":null,"31":null,"32":null,"33":null,"34":0.11802,"35":0.015736,"36":null,"37":null,"38":null,"39":null,"40":0.03934,"41":null,"42":null,"43":0.07868,"44":0.031472,"45":0.055076,"46":0.023604,"47":null,"48":0.03934,"49":1.093652,"50":0.007868,"51":0.141624,"52":0.149492,"53":0.15736,"54":14.996408,"55":40.87426,"56":0.015736,"57":0.086548,"58":null},"firefox":{"2":null,"3":null,"3.5":null,"3.6":null,"4":null,"5":null,"6":null,"7":null,"8":null,"9":null,"10":0.055076,"11":0.015736,"12":null,"13":null,"14":null,"15":null,"16":null,"17":null,"18":null,"19":null,"20":null,"21":null,"22":null,"23":null,"24":0.015736,"25":null,"26":0.03934,"27":null,"28":null,"29":null,"30":0.07868,"31":null,"32":null,"33":null,"34":null,"35":null,"36":null,"37":0.023604,"38":0.023604,"39":0.023604,"40":0.015736,"41":0.007868,"42":0.015736,"43":0.220304,"44":0.03934,"45":0.086548,"46":0.094416,"47":0.094416,"48":0.479948,"49":0.133756,"50":6.695668,"51":0.141624,"52":null,"53":null},"opera":{"9":null,"9.5-9.6":null,"10.0-10.1":0,"10.5":null,"10.6":null,"11":null,"11.1":null,"11.5":null,"11.6":null,"12":null,"12.1":null,"15":null,"16":null,"17":null,"18":null,"19":null,"20":null,"21":null,"22":null,"23":null,"24":null,"25":null,"26":null,"27":null,"28":null,"29":null,"30":null,"31":null,"32":null,"33":null,"34":null,"35":null,"36":null,"37":0.047208,"38":0.015736,"39":null,"40":null,"41":0.180964,"42":0.015736,"43":null,"44":null},"safari":{"3.1":null,"3.2":null,"4":0,"5":0.007868,"5.1":0.023604,"6":null,"6.1":0.015736,"7":0.007868,"7.1":null,"8":0.149492,"9":0.094416,"9.1":0.385532,"10":0.566496,"0":null},"ios_saf":{"3.2":0,"4.0-4.1":0,"4.2-4.3":0,"5.0-5.1":0,"6.0-6.1":0,"7.0-7.1":0.0547995132734,"8":0,"8.1-8.4":0.0831896225597,"9.0-9.2":0.0557898659229,"9.3":0.353555895879,"10.0-10.2":2.64853310237},"android":{"2.1":0,"2.2":0,"2.3":0,"3":0,"4":0.0421754256757,"4.1":0.138576398649,"4.2-4.3":0.396793290541,"4.4":0.91494852027,"4.4.3-4.4.4":0.545698364865,"53":null},"op_mob":{"10":0,"11":0,"11.1":0,"11.5":0,"12":0,"12.1":0,"0":0.033093633282},"ie":{"5.5":null,"6":null,"7":0.015736,"8":0.291116,"9":0.212436,"10":0.173096,"11":6.498968},"edge":{"12":0.298984,"13":0.298984,"14":0.975632,"15":null},"bb":{"7":0,"10":null},"ie_mob":{"10":0.0413608,"11":0.1654432},"and_ff":{"0":null},"samsung":{"0":0.535132},"and_uc":{"0":1.893216},"op_mini":{"0":0.433814366718},"and_chr":{"0":13.83474}},"total":99.418884}