{"id":"FO","name":"Faroe Islands","month":"2016-12","access_date":"2017-01-17","data":{"chrome":{"4":null,"5":null,"6":null,"7":null,"8":null,"9":null,"10":null,"11":0.015756,"12":null,"13":null,"14":null,"15":null,"16":null,"17":null,"18":null,"19":null,"20":null,"21":null,"22":0.010504,"23":null,"24":null,"25":null,"26":0.010504,"27":null,"28":null,"29":null,"30":null,"31":0.010504,"32":0.010504,"33":0.015756,"34":0.021008,"35":null,"36":0.10504,"37":null,"38":0.063024,"39":null,"40":null,"41":null,"42":null,"43":0.010504,"44":0.031512,"45":null,"46":null,"47":0.021008,"48":0.010504,"49":1.344512,"50":0.010504,"51":0.094536,"52":0.05252,"53":0.199576,"54":7.594392,"55":13.712972,"56":0.057772,"57":0.015756,"58":null},"firefox":{"2":null,"3":null,"3.5":null,"3.6":null,"4":null,"5":null,"6":null,"7":null,"8":null,"9":null,"10":null,"11":null,"12":null,"13":null,"14":0.02626,"15":null,"16":null,"17":null,"18":null,"19":null,"20":null,"21":null,"22":null,"23":null,"24":0.005252,"25":null,"26":null,"27":null,"28":null,"29":null,"30":null,"31":0.021008,"32":null,"33":null,"34":null,"35":null,"36":null,"37":null,"38":0.02626,"39":0.010504,"40":0.031512,"41":0.005252,"42":null,"43":0.005252,"44":0.015756,"45":0.714272,"46":0.010504,"47":0.031512,"48":0.10504,"49":0.099788,"50":4.658524,"51":0.010504,"52":null,"53":null},"opera":{"9":null,"9.5-9.6":null,"10.0-10.1":0,"10.5":null,"10.6":null,"11":null,"11.1":null,"11.5":null,"11.6":null,"12":null,"12.1":0.015756,"15":null,"16":null,"17":null,"18":null,"19":null,"20":null,"21":null,"22":null,"23":null,"24":null,"25":null,"26":null,"27":null,"28":null,"29":null,"30":null,"31":null,"32":null,"33":null,"34":null,"35":null,"36":0.015756,"37":null,"38":null,"39":null,"40":null,"41":0.220584,"42":0.068276,"43":null,"44":null},"safari":{"3.1":null,"3.2":null,"4":0,"5":0.02626,"5.1":0.084032,"6":0.036764,"6.1":0.257348,"7":0.010504,"7.1":0.015756,"8":0.18382,"9":0.147056,"9.1":1.144936,"10":2.200588,"0":null},"ios_saf":{"3.2":0,"4.0-4.1":0,"4.2-4.3":0,"5.0-5.1":0,"6.0-6.1":0,"7.0-7.1":0.491762114038,"8":0,"8.1-8.4":0.746530438178,"9.0-9.2":0.500649381159,"9.3":3.17275436226,"10.0-10.2":23.7675147044},"android":{"2.1":0,"2.2":0,"2.3":0,"3":0,"4":0.0100234383446,"4.1":0.0329341545608,"4.2-4.3":0.0943021444257,"4.4":0.217447244088,"4.4.3-4.4.4":0.129691018581,"53":null},"op_mob":{"10":0,"11":0,"11.1":0,"11.5":0,"12":0,"12.1":0,"0":0.00740522033898},"ie":{"5.5":null,"6":null,"7":0.021008,"8":0.152308,"9":0.325624,"10":0.147056,"11":12.415728},"edge":{"12":0.057772,"13":0.55146,"14":4.900116,"15":null},"bb":{"7":0.00356175,"10":null},"ie_mob":{"10":0.2023074,"11":0.8092296},"and_ff":{"0":0.028494},"samsung":{"0":6.021732},"and_uc":{"0":null},"op_mini":{"0":0.097072779661},"and_chr":{"0":10.871245}},"total":99.39903275}