{"id":"FR","name":"France","month":"2016-12","access_date":"2017-01-17","data":{"chrome":{"4":null,"5":null,"6":null,"7":null,"8":null,"9":null,"10":null,"11":0.020862,"12":null,"13":null,"14":null,"15":null,"16":0.027816,"17":null,"18":0.006954,"19":null,"20":null,"21":0.006954,"22":0.013908,"23":0.013908,"24":0.006954,"25":0.020862,"26":0.006954,"27":0.013908,"28":0.006954,"29":0.062586,"30":0.006954,"31":0.03477,"32":0.027816,"33":0.020862,"34":0.048678,"35":0.048678,"36":0.062586,"37":0.041724,"38":0.055632,"39":0.083448,"40":0.048678,"41":0.146034,"42":0.132126,"43":0.222528,"44":0.062586,"45":0.097356,"46":0.097356,"47":0.10431,"48":0.146034,"49":1.974936,"50":0.257298,"51":1.369938,"52":0.257298,"53":0.389424,"54":14.519952,"55":13.03875,"56":0.06954,"57":0.027816,"58":null},"firefox":{"2":null,"3":0.013908,"3.5":null,"3.6":0.020862,"4":null,"5":null,"6":null,"7":null,"8":null,"9":null,"10":null,"11":null,"12":0.020862,"13":null,"14":null,"15":0.013908,"16":0.03477,"17":0.027816,"18":0.006954,"19":null,"20":0.020862,"21":0.027816,"22":0.013908,"23":0.013908,"24":0.062586,"25":0.013908,"26":0.013908,"27":0.013908,"28":0.013908,"29":0.013908,"30":0.013908,"31":0.118218,"32":0.013908,"33":0.027816,"34":0.03477,"35":0.048678,"36":0.048678,"37":0.041724,"38":0.27816,"39":0.048678,"40":0.041724,"41":0.06954,"42":0.055632,"43":0.215574,"44":0.083448,"45":0.52155,"46":0.201666,"47":0.73017,"48":0.716262,"49":0.465918,"50":12.259902,"51":0.097356,"52":0.013908,"53":null},"opera":{"9":null,"9.5-9.6":null,"10.0-10.1":0,"10.5":null,"10.6":null,"11":null,"11.1":null,"11.5":null,"11.6":null,"12":0.013908,"12.1":0.03477,"15":null,"16":null,"17":null,"18":null,"19":null,"20":null,"21":null,"22":null,"23":null,"24":null,"25":null,"26":null,"27":null,"28":0.020862,"29":null,"30":null,"31":null,"32":null,"33":null,"34":null,"35":null,"36":0.027816,"37":0.006954,"38":0.194712,"39":null,"40":null,"41":0.389424,"42":0.146034,"43":null,"44":null},"safari":{"3.1":null,"3.2":null,"4":0.03477,"5":0.125172,"5.1":0.292068,"6":0.020862,"6.1":0.17385,"7":0.076494,"7.1":0.013908,"8":0.271206,"9":0.326838,"9.1":1.335168,"10":3.400506,"0":null},"ios_saf":{"3.2":0,"4.0-4.1":0,"4.2-4.3":0,"5.0-5.1":0,"6.0-6.1":0,"7.0-7.1":0.175074049375,"8":0,"8.1-8.4":0.265775062907,"9.0-9.2":0.178238038219,"9.3":1.12954401735,"10.0-10.2":8.46156083215},"android":{"2.1":0,"2.2":0,"2.3":0,"3":0,"4":0.0232579079392,"4.1":0.0764188403716,"4.2-4.3":0.218814195101,"4.4":0.504554206926,"4.4.3-4.4.4":0.300928849662,"53":null},"op_mob":{"10":0,"11":0,"11.1":0,"11.5":0,"12":0,"12.1":0,"0":0.0209418366718},"ie":{"5.5":null,"6":0.0142408657648,"7":0.0213612986472,"8":0.341780778356,"9":0.327539912591,"10":0.356021644121,"11":5.78179150052},"edge":{"12":0.118218,"13":0.431148,"14":2.92068,"15":null},"bb":{"7":0.018276,"10":null},"ie_mob":{"10":0.118794,"11":0.475176},"and_ff":{"0":0.06092},"samsung":{"0":3.435888},"and_uc":{"0":0.42644},"op_mini":{"0":0.274520163328},"and_chr":{"0":14.510104}},"total":97.989946}