{"id":"GA","name":"Gabon","month":"2016-12","access_date":"2017-01-17","data":{"chrome":{"4":null,"5":null,"6":null,"7":null,"8":null,"9":null,"10":null,"11":0.045162,"12":null,"13":null,"14":null,"15":0.003474,"16":0.001737,"17":0.003474,"18":0.005211,"19":0.001737,"20":null,"21":0.003474,"22":0.005211,"23":0.005211,"24":null,"25":null,"26":0.026055,"27":0.003474,"28":0.012159,"29":0.010422,"30":0.008685,"31":0.003474,"32":0.03474,"33":0.015633,"34":0.006948,"35":0.003474,"36":0.964035,"37":0.001737,"38":0.010422,"39":0.013896,"40":0.008685,"41":0.008685,"42":0.001737,"43":0.066006,"44":0.008685,"45":0.055584,"46":0.006948,"47":0.010422,"48":0.013896,"49":0.396036,"50":0.203229,"51":0.067743,"52":0.171963,"53":0.092061,"54":2.86605,"55":2.98764,"56":0.008685,"57":0.003474,"58":null},"firefox":{"2":0.001737,"3":0.05211,"3.5":0.006948,"3.6":0.015633,"4":null,"5":0.006948,"6":0.003474,"7":null,"8":0.001737,"9":null,"10":0.022581,"11":0.010422,"12":0.012159,"13":0.020844,"14":0.005211,"15":0.003474,"16":0.020844,"17":0.010422,"18":0.005211,"19":0.005211,"20":0.013896,"21":0.031266,"22":0.003474,"23":0.001737,"24":0.003474,"25":0.003474,"26":0.010422,"27":0.005211,"28":0.005211,"29":0.01737,"30":0.010422,"31":0.012159,"32":0.008685,"33":0.015633,"34":0.015633,"35":0.031266,"36":0.026055,"37":0.027792,"38":0.019107,"39":0.031266,"40":0.020844,"41":0.048636,"42":0.020844,"43":0.187596,"44":0.099009,"45":0.057321,"46":0.020844,"47":0.378666,"48":0.531522,"49":0.213651,"50":2.800044,"51":0.066006,"52":0.015633,"53":0.022581},"opera":{"9":null,"9.5-9.6":0.003474,"10.0-10.1":0,"10.5":null,"10.6":null,"11":null,"11.1":null,"11.5":null,"11.6":0.003474,"12":0.005211,"12.1":0.005211,"15":null,"16":null,"17":null,"18":null,"19":0.008685,"20":null,"21":null,"22":null,"23":null,"24":null,"25":null,"26":null,"27":null,"28":0.006948,"29":0.001737,"30":0.100746,"31":null,"32":null,"33":null,"34":null,"35":0.010422,"36":0.015633,"37":0.050373,"38":0.005211,"39":0.005211,"40":0.010422,"41":0.250128,"42":0.102483,"43":null,"44":null},"safari":{"3.1":null,"3.2":null,"4":0.012159,"5":0.003474,"5.1":0.033003,"6":0.010422,"6.1":0.010422,"7":0.012159,"7.1":0.03474,"8":0.072954,"9":0.045162,"9.1":0.128538,"10":0.340452,"0":null},"ios_saf":{"3.2":0,"4.0-4.1":0,"4.2-4.3":0,"5.0-5.1":0,"6.0-6.1":0,"7.0-7.1":0.0177128395827,"8":0,"8.1-8.4":0.0268893709328,"9.0-9.2":0.0180329511414,"9.3":0.114279826464,"10.0-10.2":0.856085011879},"android":{"2.1":0,"2.2":0,"2.3":0,"3":0,"4":0.126200493243,"4.1":0.414658763514,"4.2-4.3":1.18731484459,"4.4":2.7377780473,"4.4.3-4.4.4":1.63287985135,"53":null},"op_mob":{"10":0,"11":0,"11.1":0,"11.5":0,"12":0,"12.1":0,"0":3.67550631741},"ie":{"5.5":0.00188729901424,"6":0.00188729901424,"7":0.00754919605696,"8":0.385008998905,"9":0.047182475356,"10":0.0736046615553,"11":1.18899837897},"edge":{"12":0.064269,"13":0.12159,"14":0.140697,"15":null},"bb":{"7":0.388408,"10":null},"ie_mob":{"10":0.4974928,"11":1.9899712},"and_ff":{"0":null},"samsung":{"0":3.487408},"and_uc":{"0":2.661008},"op_mini":{"0":48.1810936826},"and_chr":{"0":12.818721}},"total":97.3020593089}