{"id":"GB","name":"United Kingdom","month":"2016-12","access_date":"2017-01-17","data":{"chrome":{"4":null,"5":null,"6":null,"7":null,"8":null,"9":null,"10":null,"11":0.01575,"12":null,"13":null,"14":null,"15":null,"16":null,"17":null,"18":null,"19":0.00525,"20":null,"21":0.0105,"22":0.04725,"23":null,"24":0.01575,"25":null,"26":0.0105,"27":null,"28":null,"29":0.0105,"30":0.0105,"31":0.01575,"32":0.021,"33":0.021,"34":0.03675,"35":0.0315,"36":0.04725,"37":0.02625,"38":0.05775,"39":0.03675,"40":0.042,"41":0.0945,"42":0.084,"43":0.14175,"44":0.042,"45":0.06825,"46":0.05775,"47":0.0525,"48":0.063,"49":1.20225,"50":0.09975,"51":0.399,"52":0.19425,"53":0.27825,"54":13.37175,"55":11.487,"56":0.0735,"57":0.0315,"58":null},"firefox":{"2":0.00525,"3":null,"3.5":null,"3.6":0.00525,"4":null,"5":null,"6":null,"7":null,"8":null,"9":null,"10":null,"11":null,"12":null,"13":null,"14":null,"15":0.00525,"16":0.00525,"17":null,"18":0.00525,"19":null,"20":null,"21":0.0105,"22":null,"23":0.0105,"24":null,"25":0.0105,"26":null,"27":0.00525,"28":0.00525,"29":0.00525,"30":null,"31":0.021,"32":null,"33":0.0105,"34":0.0525,"35":0.0315,"36":0.0315,"37":0.01575,"38":0.0525,"39":0.02625,"40":0.01575,"41":0.02625,"42":0.021,"43":0.05775,"44":0.021,"45":0.12075,"46":0.04725,"47":0.23625,"48":0.21525,"49":0.2205,"50":5.19225,"51":0.07875,"52":0.00525,"53":null},"opera":{"9":null,"9.5-9.6":null,"10.0-10.1":0.00525,"10.5":null,"10.6":null,"11":null,"11.1":null,"11.5":null,"11.6":null,"12":null,"12.1":0.02625,"15":null,"16":null,"17":null,"18":null,"19":null,"20":null,"21":null,"22":null,"23":null,"24":null,"25":null,"26":null,"27":null,"28":0.00525,"29":null,"30":null,"31":null,"32":null,"33":null,"34":null,"35":null,"36":0.0315,"37":0.0105,"38":0.0315,"39":null,"40":null,"41":0.27825,"42":0.12075,"43":null,"44":null},"safari":{"3.1":null,"3.2":null,"4":0.0105,"5":0.05775,"5.1":0.14175,"6":0.0105,"6.1":0.07875,"7":0.05775,"7.1":0.01575,"8":0.231,"9":0.2625,"9.1":1.0395,"10":2.94525,"0":null},"ios_saf":{"3.2":0,"4.0-4.1":0,"4.2-4.3":0,"5.0-5.1":0,"6.0-6.1":0,"7.0-7.1":0.362775330028,"8":0,"8.1-8.4":0.550719175705,"9.0-9.2":0.369331510691,"9.3":2.34055649675,"10.0-10.2":17.5334124868},"android":{"2.1":0,"2.2":0,"2.3":0,"3":0,"4":0.0273187829392,"4.1":0.0897617153716,"4.2-4.3":0.257019570101,"4.4":0.592650331926,"4.4.3-4.4.4":0.353471599662,"53":null},"op_mob":{"10":0,"11":0,"11.1":0,"11.5":0,"12":0,"12.1":0,"0":0.0592417627119},"ie":{"5.5":null,"6":null,"7":0.0158227482679,"8":0.253163972286,"9":0.305906466513,"10":0.268986720554,"11":5.99682159353},"edge":{"12":0.13125,"13":0.46725,"14":3.43875,"15":null},"bb":{"7":0.166215,"10":null},"ie_mob":{"10":0.1700142,"11":0.6800568},"and_ff":{"0":0.066486},"samsung":{"0":4.867725},"and_uc":{"0":0.959298},"op_mini":{"0":0.776582237288},"and_chr":{"0":16.542312}},"total":97.7791495012}