{"id":"GD","name":"Grenada","month":"2016-12","access_date":"2017-01-17","data":{"chrome":{"4":null,"5":null,"6":null,"7":null,"8":null,"9":null,"10":null,"11":0.017031,"12":null,"13":null,"14":null,"15":null,"16":null,"17":null,"18":null,"19":null,"20":null,"21":null,"22":0.11354,"23":null,"24":null,"25":null,"26":null,"27":null,"28":null,"29":0.011354,"30":null,"31":0.005677,"32":0.039739,"33":null,"34":0.017031,"35":0.022708,"36":0.045416,"37":null,"38":0.028385,"39":0.022708,"40":0.017031,"41":0.011354,"42":null,"43":0.039739,"44":0.051093,"45":0.141925,"46":0.017031,"47":0.045416,"48":0.005677,"49":1.107015,"50":0.147602,"51":0.090832,"52":0.539315,"53":0.17031,"54":16.673349,"55":15.526595,"56":0.124894,"57":0.102186,"58":null},"firefox":{"2":null,"3":null,"3.5":null,"3.6":0.005677,"4":null,"5":null,"6":null,"7":null,"8":null,"9":null,"10":null,"11":null,"12":null,"13":null,"14":null,"15":null,"16":null,"17":null,"18":null,"19":null,"20":null,"21":0.034062,"22":null,"23":null,"24":null,"25":null,"26":null,"27":null,"28":null,"29":null,"30":null,"31":null,"32":null,"33":null,"34":null,"35":null,"36":null,"37":null,"38":0.011354,"39":0.045416,"40":0.034062,"41":null,"42":null,"43":0.051093,"44":0.124894,"45":0.017031,"46":0.011354,"47":0.096509,"48":0.153279,"49":0.261142,"50":4.581339,"51":0.130571,"52":null,"53":null},"opera":{"9":null,"9.5-9.6":null,"10.0-10.1":0,"10.5":null,"10.6":null,"11":null,"11.1":null,"11.5":null,"11.6":null,"12":null,"12.1":0.017031,"15":null,"16":null,"17":null,"18":null,"19":null,"20":null,"21":null,"22":null,"23":null,"24":null,"25":null,"26":null,"27":null,"28":null,"29":0.028385,"30":null,"31":null,"32":null,"33":0.005677,"34":null,"35":null,"36":0.011354,"37":0.051093,"38":0.017031,"39":0.022708,"40":null,"41":0.425775,"42":0.136248,"43":null,"44":null},"safari":{"3.1":null,"3.2":null,"4":0,"5":null,"5.1":0.034062,"6":null,"6.1":0.051093,"7":null,"7.1":0.011354,"8":0.255465,"9":0.11354,"9.1":0.244111,"10":1.430604,"0":null},"ios_saf":{"3.2":0,"4.0-4.1":0,"4.2-4.3":0,"5.0-5.1":0,"6.0-6.1":0,"7.0-7.1":0.0878398233654,"8":0,"8.1-8.4":0.133347201735,"9.0-9.2":0.0894272900527,"9.3":0.566725607375,"10.0-10.2":4.24541507747},"android":{"2.1":0,"2.2":0,"2.3":0,"3":0,"4":0.0904379632601,"4.1":0.297153307855,"4.2-4.3":0.850855123733,"4.4":1.96195010093,"4.4.3-4.4.4":1.17015650422,"53":null},"op_mob":{"10":0,"11":0,"11.1":0,"11.5":0,"12":0,"12.1":0,"0":0.0557660338983},"ie":{"5.5":null,"6":null,"7":0.238434,"8":0.05677,"9":0.300881,"10":0.244111,"11":4.76868},"edge":{"12":0.124894,"13":0.414421,"14":3.355107,"15":null},"bb":{"7":0.08105625,"10":null},"ie_mob":{"10":0.2222022,"11":0.8888088},"and_ff":{"0":0.008646},"samsung":{"0":3.951222},"and_uc":{"0":0.268026},"op_mini":{"0":0.731019966102},"and_chr":{"0":29.873759}},"total":98.62537925}