{"id":"GE","name":"Georgia","month":"2016-12","access_date":"2017-01-17","data":{"chrome":{"4":null,"5":0.015836,"6":null,"7":null,"8":null,"9":null,"10":0.007918,"11":0.015836,"12":0.023754,"13":null,"14":null,"15":0.023754,"16":0.015836,"17":0.031672,"18":0.023754,"19":0.031672,"20":0.023754,"21":0.03959,"22":0.063344,"23":0.031672,"24":0.031672,"25":0.126688,"26":0.031672,"27":0.023754,"28":0.023754,"29":0.015836,"30":0.071262,"31":0.031672,"32":0.015836,"33":0.071262,"34":0.015836,"35":0.023754,"36":0.03959,"37":0.023754,"38":0.031672,"39":0.102934,"40":0.03959,"41":0.071262,"42":0.03959,"43":0.229622,"44":0.071262,"45":0.07918,"46":0.055426,"47":0.095016,"48":0.110852,"49":2.407072,"50":0.166278,"51":0.51467,"52":0.51467,"53":0.372146,"54":23.540214,"55":28.805684,"56":0.221704,"57":0.07918,"58":null},"firefox":{"2":null,"3":0.015836,"3.5":0.023754,"3.6":0.07918,"4":0.015836,"5":null,"6":null,"7":null,"8":null,"9":null,"10":null,"11":null,"12":null,"13":null,"14":0.007918,"15":0.007918,"16":0.015836,"17":null,"18":null,"19":null,"20":null,"21":0.015836,"22":null,"23":null,"24":null,"25":0.015836,"26":null,"27":null,"28":null,"29":null,"30":null,"31":0.007918,"32":0.015836,"33":null,"34":null,"35":0.015836,"36":0.007918,"37":0.031672,"38":0.015836,"39":0.007918,"40":0.007918,"41":0.007918,"42":0.007918,"43":0.071262,"44":0.031672,"45":0.047508,"46":0.055426,"47":0.221704,"48":0.07918,"49":0.087098,"50":2.280384,"51":0.03959,"52":null,"53":null},"opera":{"9":null,"9.5-9.6":null,"10.0-10.1":0,"10.5":null,"10.6":0.007918,"11":null,"11.1":null,"11.5":0.007918,"11.6":0.03959,"12":0.031672,"12.1":0.372146,"15":0.047508,"16":0.015836,"17":0.015836,"18":0.047508,"19":0.015836,"20":0.047508,"21":0.007918,"22":0.015836,"23":null,"24":null,"25":null,"26":null,"27":0.023754,"28":0.03959,"29":0.023754,"30":0.031672,"31":0.023754,"32":0.023754,"33":0.023754,"34":0.047508,"35":0.087098,"36":0.443408,"37":0.063344,"38":0.126688,"39":0.095016,"40":0.110852,"41":4.742882,"42":3.08802,"43":0.03959,"44":null},"safari":{"3.1":null,"3.2":null,"4":0.015836,"5":0.023754,"5.1":0.023754,"6":null,"6.1":0.015836,"7":null,"7.1":null,"8":0.023754,"9":0.031672,"9.1":0.102934,"10":0.245458,"0":null},"ios_saf":{"3.2":0,"4.0-4.1":0,"4.2-4.3":0,"5.0-5.1":0,"6.0-6.1":0,"7.0-7.1":0.0604401524636,"8":0,"8.1-8.4":0.0917525206074,"9.0-9.2":0.0615324443756,"9.3":0.389948212581,"10.0-10.2":2.92115266997},"android":{"2.1":0,"2.2":0,"2.3":0,"3":0,"4":0.0282617432432,"4.1":0.0928600135135,"4.2-4.3":0.265891094595,"4.4":0.613106797297,"4.4.3-4.4.4":0.365672351351,"53":null},"op_mob":{"10":0,"11":0,"11.1":0,"11.5":0,"12":0,"12.1":0,"0":0.118349990755},"ie":{"5.5":null,"6":null,"7":0.0161892193309,"8":0.267122118959,"9":0.0971353159851,"10":0.0728514869888,"11":1.72415185874},"edge":{"12":0.023754,"13":1.02934,"14":0.997668,"15":null},"bb":{"7":0.007287,"10":null},"ie_mob":{"10":0.0737028,"11":0.2948112},"and_ff":{"0":0.006246},"samsung":{"0":1.34289},"and_uc":{"0":0.383088},"op_mini":{"0":1.55141400924},"and_chr":{"0":12.293268}},"total":97.061573}