{"id":"GF","name":"French Guiana","month":"2016-12","access_date":"2017-01-17","data":{"chrome":{"4":null,"5":null,"6":null,"7":null,"8":null,"9":null,"10":0.019563,"11":null,"12":0.013042,"13":null,"14":null,"15":null,"16":null,"17":null,"18":0.019563,"19":null,"20":null,"21":null,"22":null,"23":null,"24":null,"25":null,"26":null,"27":null,"28":null,"29":0.039126,"30":0.013042,"31":null,"32":0.084773,"33":null,"34":0.006521,"35":0.006521,"36":0.658621,"37":0.032605,"38":0.013042,"39":0.104336,"40":0.019563,"41":0.006521,"42":1.402015,"43":0.071731,"44":0.039126,"45":0.228235,"46":0.019563,"47":0.039126,"48":0.032605,"49":0.932503,"50":0.052168,"51":0.104336,"52":0.254319,"53":0.176067,"54":16.361189,"55":14.580956,"56":0.117378,"57":null,"58":null},"firefox":{"2":null,"3":0.026084,"3.5":null,"3.6":null,"4":null,"5":null,"6":null,"7":null,"8":null,"9":null,"10":null,"11":null,"12":null,"13":null,"14":null,"15":null,"16":null,"17":null,"18":null,"19":null,"20":null,"21":null,"22":null,"23":null,"24":0.013042,"25":0.032605,"26":0.006521,"27":0.032605,"28":null,"29":null,"30":0.006521,"31":0.013042,"32":null,"33":0.013042,"34":0.006521,"35":0.019563,"36":null,"37":0.449949,"38":0.097815,"39":0.032605,"40":0.052168,"41":0.019563,"42":0.019563,"43":0.13042,"44":0.052168,"45":0.052168,"46":0.019563,"47":0.280403,"48":0.430386,"49":0.26084,"50":11.698674,"51":0.019563,"52":null,"53":null},"opera":{"9":null,"9.5-9.6":null,"10.0-10.1":0,"10.5":null,"10.6":null,"11":null,"11.1":null,"11.5":null,"11.6":null,"12":null,"12.1":0.019563,"15":null,"16":null,"17":null,"18":null,"19":null,"20":null,"21":null,"22":null,"23":null,"24":null,"25":null,"26":null,"27":null,"28":null,"29":null,"30":null,"31":null,"32":null,"33":null,"34":null,"35":null,"36":0.032605,"37":null,"38":null,"39":null,"40":null,"41":0.208672,"42":0.091294,"43":null,"44":null},"safari":{"3.1":null,"3.2":null,"4":0.026084,"5":0.032605,"5.1":0.176067,"6":null,"6.1":0.123899,"7":0.026084,"7.1":0.019563,"8":0.097815,"9":0.110857,"9.1":0.665142,"10":2.197577,"0":null},"ios_saf":{"3.2":0,"4.0-4.1":0,"4.2-4.3":0,"5.0-5.1":0,"6.0-6.1":0,"7.0-7.1":0.08315819812,"8":0,"8.1-8.4":0.126240156182,"9.0-9.2":0.0846610571222,"9.3":0.536520663774,"10.0-10.2":4.0191459248},"android":{"2.1":0,"2.2":0,"2.3":0,"3":0,"4":0.0362826790541,"4.1":0.119214516892,"4.2-4.3":0.341353368243,"4.4":0.787111996622,"4.4.3-4.4.4":0.469453439189,"53":null},"op_mob":{"10":0,"11":0,"11.1":0,"11.5":0,"12":0,"12.1":0,"0":0.0290970909091},"ie":{"5.5":null,"6":null,"7":0.0215066787097,"8":0.487484717419,"9":0.401458002581,"10":0.229404572903,"11":4.41603802839},"edge":{"12":0.254319,"13":0.404302,"14":2.947492,"15":null},"bb":{"7":0.0052185,"10":null},"ie_mob":{"10":0.0257446,"11":0.1029784},"and_ff":{"0":0.13916},"samsung":{"0":4.999323},"and_uc":{"0":0.236572},"op_mini":{"0":0.381424909091},"and_chr":{"0":24.035731}},"total":98.7817735}