{"id":"GG","name":"Guernsey","month":"2016-12","access_date":"2017-01-17","data":{"chrome":{"4":null,"5":null,"6":null,"7":null,"8":null,"9":null,"10":null,"11":0.05409,"12":null,"13":null,"14":null,"15":null,"16":null,"17":null,"18":null,"19":null,"20":null,"21":null,"22":0.048681,"23":null,"24":null,"25":null,"26":0.016227,"27":null,"28":null,"29":null,"30":null,"31":0.021636,"32":null,"33":0.010818,"34":null,"35":null,"36":0.113589,"37":null,"38":0.021636,"39":null,"40":0.016227,"41":0.010818,"42":null,"43":0.016227,"44":0.037863,"45":0.021636,"46":0.016227,"47":0.005409,"48":0.032454,"49":1.016892,"50":0.032454,"51":0.064908,"52":0.064908,"53":0.281268,"54":10.580004,"55":10.991088,"56":0.248814,"57":0.010818,"58":null},"firefox":{"2":null,"3":null,"3.5":null,"3.6":null,"4":null,"5":null,"6":null,"7":null,"8":null,"9":null,"10":null,"11":null,"12":null,"13":null,"14":null,"15":null,"16":null,"17":null,"18":null,"19":null,"20":null,"21":0.292086,"22":null,"23":null,"24":null,"25":null,"26":null,"27":null,"28":0.010818,"29":null,"30":0.021636,"31":0.081135,"32":0.016227,"33":null,"34":0.016227,"35":null,"36":null,"37":null,"38":null,"39":null,"40":0.027045,"41":null,"42":0.010818,"43":0.059499,"44":0.005409,"45":0.10818,"46":0.010818,"47":0.102771,"48":0.281268,"49":0.281268,"50":4.765329,"51":0.189315,"52":0.005409,"53":null},"opera":{"9":null,"9.5-9.6":null,"10.0-10.1":0,"10.5":null,"10.6":null,"11":null,"11.1":null,"11.5":null,"11.6":null,"12":null,"12.1":null,"15":null,"16":null,"17":null,"18":null,"19":null,"20":null,"21":null,"22":null,"23":null,"24":null,"25":null,"26":null,"27":null,"28":null,"29":null,"30":null,"31":null,"32":null,"33":null,"34":null,"35":null,"36":null,"37":0.070317,"38":null,"39":null,"40":null,"41":0.167679,"42":0.10818,"43":0.005409,"44":null},"safari":{"3.1":null,"3.2":0.027045,"4":0.005409,"5":0.043272,"5.1":0.232587,"6":0.016227,"6.1":0.140634,"7":0.102771,"7.1":null,"8":0.275859,"9":0.319131,"9.1":1.476657,"10":5.371137,"0":null},"ios_saf":{"3.2":0,"4.0-4.1":0,"4.2-4.3":0,"5.0-5.1":0,"6.0-6.1":0,"7.0-7.1":0.49201141411,"8":0,"8.1-8.4":0.746908893709,"9.0-9.2":0.500903186654,"9.3":3.17436279826,"10.0-10.2":23.7795637073},"android":{"2.1":0,"2.2":0,"2.3":0,"3":0,"4":0.0102599543919,"4.1":0.0337112787162,"4.2-4.3":0.0965273260135,"4.4":0.222578194257,"4.4.3-4.4.4":0.132751246622,"53":null},"op_mob":{"10":0,"11":0,"11.1":0,"11.5":0,"12":0,"12.1":0,"0":0.00227781510015},"ie":{"5.5":null,"6":0.010818,"7":0.010818,"8":0.530082,"9":0.551718,"10":0.146043,"11":9.714564},"edge":{"12":0.102771,"13":0.470583,"14":3.559122,"15":null},"bb":{"7":0.02180725,"10":null},"ie_mob":{"10":0.1845582,"11":0.7382328},"and_ff":{"0":0.032137},"samsung":{"0":4.297176},"and_uc":{"0":0.009182},"op_mini":{"0":0.0298591848998},"and_chr":{"0":10.914075}},"total":98.89766625}