{"id":"GH","name":"Ghana","month":"2016-12","access_date":"2017-01-17","data":{"chrome":{"4":null,"5":null,"6":null,"7":null,"8":null,"9":null,"10":null,"11":0.03072,"12":null,"13":null,"14":0.00256,"15":null,"16":0.00512,"17":0.00256,"18":0.00512,"19":0.01024,"20":0.01024,"21":0.00512,"22":0.00768,"23":0.01024,"24":0.00512,"25":0.0128,"26":0.00512,"27":0.02048,"28":0.01024,"29":0.02816,"30":0.01024,"31":0.03328,"32":0.05376,"33":0.05376,"34":0.00512,"35":0.01536,"36":0.01792,"37":0.00768,"38":0.00768,"39":0.01536,"40":0.0128,"41":0.00512,"42":0.01536,"43":0.20224,"44":0.0128,"45":0.06144,"46":0.02304,"47":0.04352,"48":0.03584,"49":0.47872,"50":0.06656,"51":0.15616,"52":0.36864,"53":0.19456,"54":4.864,"55":4.72832,"56":0.11008,"57":0.05376,"58":null},"firefox":{"2":null,"3":0.06144,"3.5":0.00512,"3.6":0.01536,"4":0.0128,"5":0.00512,"6":0.00512,"7":0.00256,"8":0.00512,"9":0.00512,"10":0.01536,"11":0.01536,"12":0.01792,"13":0.0128,"14":0.01024,"15":0.0128,"16":0.01536,"17":0.00768,"18":0.01792,"19":0.0128,"20":0.01536,"21":0.01536,"22":0.01024,"23":0.01024,"24":0.02048,"25":0.01024,"26":0.0128,"27":0.0128,"28":0.0128,"29":0.04864,"30":0.04352,"31":0.02304,"32":0.02816,"33":0.03072,"34":0.03328,"35":0.04096,"36":0.05376,"37":0.0768,"38":0.06912,"39":0.06912,"40":0.12032,"41":0.08448,"42":0.0896,"43":0.30464,"44":0.41216,"45":0.17664,"46":0.15872,"47":0.68608,"48":0.34048,"49":0.67328,"50":3.97824,"51":0.79104,"52":0.0128,"53":0.00512},"opera":{"9":null,"9.5-9.6":null,"10.0-10.1":0,"10.5":null,"10.6":null,"11":0.00512,"11.1":null,"11.5":0.00512,"11.6":0.01024,"12":0.00256,"12.1":0.02304,"15":0.00256,"16":null,"17":0.00256,"18":0.00256,"19":0.00256,"20":0.00768,"21":null,"22":null,"23":null,"24":null,"25":null,"26":null,"27":null,"28":0.01024,"29":0.01536,"30":0.00256,"31":0.01024,"32":0.00512,"33":0.00768,"34":0.00768,"35":0.03584,"36":0.03072,"37":0.16128,"38":0.01024,"39":0.01536,"40":0.02048,"41":0.50688,"42":0.192,"43":null,"44":null},"safari":{"3.1":null,"3.2":null,"4":0.00256,"5":0.00512,"5.1":0.02304,"6":null,"6.1":0.00256,"7":0.00512,"7.1":0.00512,"8":0.0512,"9":0.05632,"9.1":0.1152,"10":0.3968,"0":null},"ios_saf":{"3.2":0,"4.0-4.1":0,"4.2-4.3":0,"5.0-5.1":0,"6.0-6.1":0,"7.0-7.1":0.0456713480012,"8":0,"8.1-8.4":0.0693324078091,"9.0-9.2":0.0464967338085,"9.3":0.294662733189,"10.0-10.2":2.20735677719},"android":{"2.1":0,"2.2":0,"2.3":0,"3":0,"4":0.0925255743243,"4.1":0.304012601351,"4.2-4.3":0.870495709459,"4.4":2.00723847973,"4.4.3-4.4.4":1.19716763514,"53":null},"op_mob":{"10":0,"11":0,"11.1":0,"11.5":0,"12":0,"12.1":0,"0":3.09281602465},"ie":{"5.5":null,"6":0.00530037940379,"7":null,"8":0.185513279133,"9":0.0344524661247,"10":0.0874562601626,"11":0.665197615176},"edge":{"12":0.16896,"13":0.13568,"14":0.2944,"15":null},"bb":{"7":0.05952,"10":null},"ie_mob":{"10":0.37944,"11":1.51776},"and_ff":{"0":0.05952},"samsung":{"0":1.39872},"and_uc":{"0":6.25704},"op_mini":{"0":40.5427839753},"and_chr":{"0":13.8276}},"total":98.15752}