{"id":"GI","name":"Gibraltar","month":"2016-12","access_date":"2017-01-17","data":{"chrome":{"4":null,"5":null,"6":null,"7":null,"8":null,"9":null,"10":null,"11":null,"12":null,"13":null,"14":null,"15":null,"16":null,"17":null,"18":null,"19":null,"20":0.026766,"21":null,"22":null,"23":null,"24":null,"25":null,"26":null,"27":null,"28":null,"29":null,"30":null,"31":0.017844,"32":0.026766,"33":null,"34":null,"35":0.008922,"36":null,"37":null,"38":null,"39":0.240894,"40":null,"41":0.026766,"42":0.017844,"43":0.026766,"44":0.017844,"45":null,"46":0.017844,"47":null,"48":0.098142,"49":1.231236,"50":11.000826,"51":33.939288,"52":0.017844,"53":0.026766,"54":3.372516,"55":2.846118,"56":null,"57":0.062454,"58":null},"firefox":{"2":null,"3":null,"3.5":null,"3.6":null,"4":null,"5":null,"6":null,"7":null,"8":null,"9":null,"10":null,"11":null,"12":null,"13":null,"14":null,"15":null,"16":null,"17":null,"18":null,"19":null,"20":null,"21":null,"22":null,"23":null,"24":null,"25":null,"26":0.026766,"27":null,"28":null,"29":null,"30":null,"31":null,"32":null,"33":0.017844,"34":null,"35":null,"36":0.017844,"37":null,"38":0.93681,"39":null,"40":null,"41":null,"42":null,"43":0.026766,"44":null,"45":2.114514,"46":4.576986,"47":10.679634,"48":0.026766,"49":0.035688,"50":0.865434,"51":null,"52":null,"53":null},"opera":{"9":null,"9.5-9.6":null,"10.0-10.1":0,"10.5":null,"10.6":null,"11":null,"11.1":null,"11.5":null,"11.6":null,"12":null,"12.1":null,"15":null,"16":null,"17":null,"18":null,"19":null,"20":null,"21":null,"22":null,"23":null,"24":null,"25":null,"26":null,"27":null,"28":null,"29":null,"30":null,"31":null,"32":null,"33":null,"34":null,"35":null,"36":null,"37":null,"38":0.017844,"39":null,"40":null,"41":0.026766,"42":0.017844,"43":null,"44":null},"safari":{"3.1":null,"3.2":null,"4":0,"5":null,"5.1":0.026766,"6":null,"6.1":0.035688,"7":0.008922,"7.1":null,"8":0.954654,"9":1.811166,"9.1":3.818616,"10":0.66915,"0":null},"ios_saf":{"3.2":0,"4.0-4.1":0,"4.2-4.3":0,"5.0-5.1":0,"6.0-6.1":0,"7.0-7.1":0.104182515649,"8":0,"8.1-8.4":0.158156590022,"9.0-9.2":0.106065332197,"9.3":0.672165507592,"10.0-10.2":5.03527905454},"android":{"2.1":0,"2.2":0,"2.3":0,"3":0,"4":0.00551483826014,"4.1":0.0181201828547,"4.2-4.3":0.0518844987331,"4.4":0.119638225929,"4.4.3-4.4.4":0.071355254223,"53":null},"op_mob":{"10":0,"11":0,"11.1":0,"11.5":0,"12":0,"12.1":0,"0":0.00107068721109},"ie":{"5.5":null,"6":null,"7":null,"8":0.365802,"9":0.04461,"10":0.053532,"11":4.55022},"edge":{"12":0.008922,"13":0.963576,"14":0.481788,"15":null},"bb":{"7":0.00188825,"10":null},"ie_mob":{"10":0.0138112,"11":0.0552448},"and_ff":{"0":0.008632},"samsung":{"0":0.923624},"and_uc":{"0":0.044239},"op_mini":{"0":0.0140353127889},"and_chr":{"0":3.370297}},"total":96.97956825}