{"id":"GL","name":"Greenland","month":"2016-12","access_date":"2017-01-17","data":{"chrome":{"4":null,"5":null,"6":null,"7":null,"8":null,"9":null,"10":null,"11":null,"12":null,"13":null,"14":null,"15":null,"16":null,"17":null,"18":null,"19":null,"20":null,"21":null,"22":null,"23":null,"24":null,"25":null,"26":null,"27":null,"28":null,"29":0.011468,"30":null,"31":null,"32":null,"33":0.005734,"34":null,"35":0.034404,"36":null,"37":0.005734,"38":null,"39":0.017202,"40":null,"41":null,"42":null,"43":0.011468,"44":null,"45":null,"46":0.034404,"47":0.022936,"48":0.017202,"49":0.969046,"50":0.051606,"51":0.074542,"52":0.149084,"53":0.08601,"54":10.189318,"55":8.125078,"56":0.017202,"57":null,"58":null},"firefox":{"2":null,"3":0.034404,"3.5":null,"3.6":11.628552,"4":null,"5":null,"6":null,"7":null,"8":null,"9":null,"10":null,"11":null,"12":null,"13":null,"14":null,"15":null,"16":null,"17":null,"18":null,"19":null,"20":null,"21":null,"22":null,"23":null,"24":null,"25":null,"26":null,"27":null,"28":null,"29":null,"30":null,"31":null,"32":null,"33":0.011468,"34":null,"35":null,"36":0.011468,"37":null,"38":0.02867,"39":null,"40":null,"41":null,"42":0.034404,"43":0.034404,"44":0.05734,"45":0.424316,"46":0.034404,"47":0.091744,"48":0.20069,"49":0.183488,"50":3.881918,"51":null,"52":null,"53":0.011468},"opera":{"9":null,"9.5-9.6":null,"10.0-10.1":0,"10.5":0.011468,"10.6":null,"11":null,"11.1":null,"11.5":null,"11.6":null,"12":null,"12.1":0.011468,"15":null,"16":null,"17":null,"18":null,"19":null,"20":null,"21":null,"22":null,"23":null,"24":null,"25":null,"26":null,"27":null,"28":null,"29":null,"30":null,"31":null,"32":null,"33":null,"34":null,"35":null,"36":0.177754,"37":null,"38":null,"39":null,"40":null,"41":0.120414,"42":0.034404,"43":null,"44":null},"safari":{"3.1":null,"3.2":null,"4":0,"5":null,"5.1":0.080276,"6":null,"6.1":0.091744,"7":0.005734,"7.1":null,"8":0.31537,"9":0.682346,"9.1":1.353224,"10":2.775256,"0":null},"ios_saf":{"3.2":0,"4.0-4.1":0,"4.2-4.3":0,"5.0-5.1":0,"6.0-6.1":0,"7.0-7.1":0.192528312364,"8":0,"8.1-8.4":0.292271895879,"9.0-9.2":0.196007739696,"9.3":1.24215555748,"10.0-10.2":9.30514849458},"android":{"2.1":0,"2.2":0,"2.3":0,"3":0,"4":0.0225982702703,"4.1":0.0742514594595,"4.2-4.3":0.212608216216,"4.4":0.490244108108,"4.4.3-4.4.4":0.292393945946,"53":null},"op_mob":{"10":0,"11":0,"11.1":0,"11.5":0,"12":0,"12.1":0,"0":0.399728801233},"ie":{"5.5":null,"6":null,"7":0.017202,"8":0.34404,"9":0.252296,"10":1.11813,"11":9.558578},"edge":{"12":0.189222,"13":0.31537,"14":2.798192,"15":null},"bb":{"7":0.002133,"10":null},"ie_mob":{"10":0.0247428,"11":0.0989712},"and_ff":{"0":0.02133},"samsung":{"0":6.842664},"and_uc":{"0":3.899124},"op_mini":{"0":5.23992319877},"and_chr":{"0":13.595516}},"total":99.188005}