{"id":"GM","name":"Gambia","month":"2016-12","access_date":"2017-01-17","data":{"chrome":{"4":null,"5":null,"6":null,"7":null,"8":null,"9":0.006476,"10":null,"11":0.012952,"12":null,"13":null,"14":null,"15":null,"16":0.003238,"17":0.01619,"18":0.003238,"19":0.022666,"20":0.006476,"21":null,"22":null,"23":0.019428,"24":null,"25":0.061522,"26":0.022666,"27":0.006476,"28":0.009714,"29":0.006476,"30":0.022666,"31":0.01619,"32":0.103616,"33":0.009714,"34":0.012952,"35":0.025904,"36":0.446844,"37":0.009714,"38":0.022666,"39":0.006476,"40":0.022666,"41":0.01619,"42":null,"43":0.135996,"44":0.009714,"45":0.01619,"46":0.009714,"47":0.01619,"48":0.029142,"49":0.531032,"50":0.025904,"51":0.123044,"52":1.097682,"53":0.152186,"54":5.362128,"55":5.708594,"56":0.119806,"57":0.029142,"58":null},"firefox":{"2":null,"3":0.239612,"3.5":null,"3.6":0.025904,"4":null,"5":null,"6":0.035618,"7":null,"8":null,"9":0.009714,"10":null,"11":0.04857,"12":0.012952,"13":null,"14":0.006476,"15":0.01619,"16":0.003238,"17":0.022666,"18":0.006476,"19":0.006476,"20":null,"21":0.01619,"22":null,"23":null,"24":0.009714,"25":0.025904,"26":0.009714,"27":0.009714,"28":0.009714,"29":0.058284,"30":0.029142,"31":0.01619,"32":null,"33":0.006476,"34":0.067998,"35":0.019428,"36":0.09714,"37":0.077712,"38":0.067998,"39":0.061522,"40":0.058284,"41":0.045332,"42":0.03238,"43":0.37237,"44":0.527794,"45":0.06476,"46":0.103616,"47":0.411226,"48":0.1619,"49":0.395036,"50":6.223436,"51":2.44469,"52":0.006476,"53":null},"opera":{"9":null,"9.5-9.6":null,"10.0-10.1":0,"10.5":null,"10.6":null,"11":null,"11.1":null,"11.5":null,"11.6":0.071236,"12":0.006476,"12.1":0.003238,"15":null,"16":null,"17":null,"18":0.003238,"19":null,"20":0.006476,"21":0.035618,"22":null,"23":null,"24":null,"25":null,"26":null,"27":null,"28":0.009714,"29":0.006476,"30":null,"31":null,"32":null,"33":0.022666,"34":0.022666,"35":null,"36":0.17809,"37":0.06476,"38":0.003238,"39":null,"40":0.01619,"41":0.401512,"42":0.22666,"43":null,"44":null},"safari":{"3.1":null,"3.2":null,"4":0,"5":0.006476,"5.1":0.009714,"6":0.006476,"6.1":0.006476,"7":0.006476,"7.1":0.006476,"8":0.071236,"9":0.051808,"9.1":0.071236,"10":0.514842,"0":null},"ios_saf":{"3.2":0,"4.0-4.1":0,"4.2-4.3":0,"5.0-5.1":0,"6.0-6.1":0,"7.0-7.1":0.0638778665427,"8":0,"8.1-8.4":0.0969712190889,"9.0-9.2":0.0650322858176,"9.3":0.412127681128,"10.0-10.2":3.08730194742},"android":{"2.1":0,"2.2":0,"2.3":0,"3":0,"4":0.182852501267,"4.1":0.600801075591,"4.2-4.3":1.72030618539,"4.4":3.96677977238,"4.4.3-4.4.4":2.36588746537,"53":null},"op_mob":{"10":0,"11":0,"11.1":0,"11.5":0,"12":0,"12.1":0,"0":2.0371132604},"ie":{"5.5":null,"6":null,"7":0.006476,"8":0.152186,"9":0.042094,"10":0.074474,"11":1.541288},"edge":{"12":0.116568,"13":0.239612,"14":0.37237,"15":null},"bb":{"7":0.03211475,"10":null},"ie_mob":{"10":0.2826098,"11":1.1304392},"and_ff":{"0":0.020283},"samsung":{"0":3.062733},"and_uc":{"0":6.591975},"op_mini":{"0":26.7038977396},"and_chr":{"0":14.944677}},"total":97.88593075}