{"id":"GN","name":"Guinea","month":"2016-12","access_date":"2017-01-17","data":{"chrome":{"4":null,"5":null,"6":0.003906,"7":null,"8":null,"9":null,"10":0.002604,"11":0.037758,"12":null,"13":null,"14":null,"15":null,"16":0.01302,"17":0.003906,"18":0.001302,"19":0.002604,"20":null,"21":0.001302,"22":0.003906,"23":null,"24":0.003906,"25":0.022134,"26":0.005208,"27":null,"28":0.010416,"29":0.005208,"30":0.00651,"31":0.016926,"32":0.139314,"33":0.03906,"34":0.002604,"35":0.069006,"36":0.011718,"37":0.009114,"38":0.011718,"39":0.005208,"40":0.011718,"41":null,"42":0.014322,"43":0.238266,"44":0.010416,"45":0.096348,"46":0.011718,"47":0.023436,"48":0.00651,"49":0.20832,"50":0.028644,"51":0.113274,"52":0.160146,"53":0.059892,"54":2.20038,"55":1.950396,"56":0.007812,"57":0.003906,"58":null},"firefox":{"2":null,"3":0.044268,"3.5":0.007812,"3.6":0.010416,"4":0.003906,"5":0.005208,"6":0.005208,"7":null,"8":0.00651,"9":0.002604,"10":0.009114,"11":0.015624,"12":0.010416,"13":0.002604,"14":0.003906,"15":0.005208,"16":0.00651,"17":0.015624,"18":0.002604,"19":0.024738,"20":0.02604,"21":0.007812,"22":0.036456,"23":0.003906,"24":0.010416,"25":0.009114,"26":0.005208,"27":0.00651,"28":0.002604,"29":0.011718,"30":0.03255,"31":0.027342,"32":0.015624,"33":0.01302,"34":0.01953,"35":0.048174,"36":0.011718,"37":0.020832,"38":0.031248,"39":0.007812,"40":0.016926,"41":0.05859,"42":0.031248,"43":0.165354,"44":0.03255,"45":0.0651,"46":0.03255,"47":0.459606,"48":0.263004,"49":0.295554,"50":1.788948,"51":0.022134,"52":0.033852,"53":null},"opera":{"9":null,"9.5-9.6":null,"10.0-10.1":0,"10.5":null,"10.6":null,"11":null,"11.1":null,"11.5":null,"11.6":null,"12":null,"12.1":0.001302,"15":0.003906,"16":null,"17":null,"18":0.003906,"19":0.003906,"20":0.002604,"21":0.001302,"22":null,"23":null,"24":null,"25":null,"26":null,"27":null,"28":0.01953,"29":0.049476,"30":0.00651,"31":null,"32":0.002604,"33":0.020832,"34":0.002604,"35":0.010416,"36":0.00651,"37":0.28644,"38":0.005208,"39":0.011718,"40":0.007812,"41":0.235662,"42":0.072912,"43":0.011718,"44":null},"safari":{"3.1":null,"3.2":null,"4":0,"5":0.001302,"5.1":0.015624,"6":0.027342,"6.1":null,"7":0.003906,"7.1":null,"8":0.00651,"9":0.05859,"9.1":0.119784,"10":0.22785,"0":null},"ios_saf":{"3.2":0,"4.0-4.1":0,"4.2-4.3":0,"5.0-5.1":0,"6.0-6.1":0,"7.0-7.1":0.0271411800434,"8":0,"8.1-8.4":0.0412022733189,"9.0-9.2":0.0276316832972,"9.3":0.175109661605,"10.0-10.2":1.31176920174},"android":{"2.1":0,"2.2":0,"2.3":0,"3":0,"4":0.130293400338,"4.1":0.428106886824,"4.2-4.3":1.22582158277,"4.4":2.82656907264,"4.4.3-4.4.4":1.68583705743,"53":null},"op_mob":{"10":0,"11":0,"11.1":0,"11.5":0,"12":0,"12.1":0,"0":2.61242335285},"ie":{"5.5":null,"6":null,"7":0.00677424354244,"8":0.136839719557,"9":0.00812909225092,"10":0.0785812250923,"11":0.499939173432},"edge":{"12":0.109368,"13":0.044268,"14":0.113274,"15":null},"bb":{"7":0.00652275,"10":null},"ie_mob":{"10":0.113061,"11":0.452244},"and_ff":{"0":0.200031},"samsung":{"0":1.730703},"and_uc":{"0":3.713619},"op_mini":{"0":34.2454626471},"and_chr":{"0":35.440116}},"total":97.9878162039}