{"id":"GP","name":"Guadeloupe","month":"2016-12","access_date":"2017-01-17","data":{"chrome":{"4":null,"5":null,"6":null,"7":null,"8":null,"9":null,"10":null,"11":0.03894,"12":null,"13":null,"14":0.03894,"15":null,"16":null,"17":null,"18":null,"19":null,"20":null,"21":null,"22":0.28556,"23":null,"24":null,"25":null,"26":null,"27":null,"28":0.00649,"29":null,"30":0.01298,"31":0.01298,"32":0.0649,"33":0.03894,"34":0.01298,"35":0.03245,"36":0.1298,"37":0.05192,"38":0.01947,"39":0.03245,"40":0.03245,"41":null,"42":0.07788,"43":0.05192,"44":0.03245,"45":0.00649,"46":0.05841,"47":0.07139,"48":0.05192,"49":1.16171,"50":0.05841,"51":0.23364,"52":0.31152,"53":0.40887,"54":16.0303,"55":14.67389,"56":0.05192,"57":0.01298,"58":null},"firefox":{"2":null,"3":null,"3.5":null,"3.6":0.12331,"4":null,"5":null,"6":null,"7":null,"8":null,"9":null,"10":null,"11":null,"12":null,"13":0.01298,"14":null,"15":null,"16":0.11682,"17":null,"18":null,"19":null,"20":0.00649,"21":null,"22":null,"23":null,"24":0.01298,"25":0.02596,"26":0.00649,"27":null,"28":null,"29":null,"30":0.01947,"31":null,"32":null,"33":null,"34":null,"35":null,"36":null,"37":null,"38":0.05192,"39":0.0649,"40":0.01298,"41":0.00649,"42":0.03894,"43":0.09735,"44":0.01298,"45":0.11033,"46":0.05841,"47":0.23364,"48":0.46728,"49":0.31801,"50":8.23581,"51":0.01947,"52":null,"53":null},"opera":{"9":null,"9.5-9.6":null,"10.0-10.1":0,"10.5":null,"10.6":null,"11":null,"11.1":null,"11.5":null,"11.6":null,"12":null,"12.1":0.0649,"15":null,"16":null,"17":null,"18":null,"19":null,"20":null,"21":null,"22":null,"23":null,"24":null,"25":null,"26":null,"27":null,"28":null,"29":null,"30":null,"31":null,"32":null,"33":null,"34":null,"35":0.02596,"36":0.03245,"37":null,"38":null,"39":null,"40":null,"41":0.37642,"42":0.1947,"43":null,"44":null},"safari":{"3.1":null,"3.2":null,"4":0.01947,"5":0.12331,"5.1":0.33099,"6":0.05192,"6.1":0.36344,"7":0.09086,"7.1":0.01298,"8":0.25311,"9":0.48026,"9.1":2.01839,"10":3.75771,"0":null},"ios_saf":{"3.2":0,"4.0-4.1":0,"4.2-4.3":0,"5.0-5.1":0,"6.0-6.1":0,"7.0-7.1":0.133913696932,"8":0,"8.1-8.4":0.203290672451,"9.0-9.2":0.136333823985,"9.3":0.863985357918,"10.0-10.2":6.47222644871},"android":{"2.1":0,"2.2":0,"2.3":0,"3":0,"4":0.0395112162162,"4.1":0.129822567568,"4.2-4.3":0.371727972973,"4.4":0.857151486486,"4.4.3-4.4.4":0.511226756757,"53":null},"op_mob":{"10":0,"11":0,"11.1":0,"11.5":0,"12":0,"12.1":0,"0":0.00945374422188},"ie":{"5.5":null,"6":null,"7":null,"8":0.14278,"9":0.12331,"10":0.27907,"11":4.84154},"edge":{"12":0.31152,"13":0.55814,"14":3.93294,"15":null},"bb":{"7":0.01053,"10":null},"ie_mob":{"10":0.061776,"11":0.247104},"and_ff":{"0":0.02457},"samsung":{"0":4.30677},"and_uc":{"0":0.05967},"op_mini":{"0":0.123926255778},"and_chr":{"0":21.40805}},"total":98.51517}