{"id":"GQ","name":"Equatorial Guinea","month":"2016-12","access_date":"2017-01-17","data":{"chrome":{"4":null,"5":0.002242,"6":null,"7":null,"8":null,"9":null,"10":null,"11":0.029146,"12":null,"13":null,"14":null,"15":null,"16":null,"17":0.004484,"18":0.013452,"19":null,"20":null,"21":0.02242,"22":null,"23":null,"24":null,"25":0.002242,"26":null,"27":0.004484,"28":0.006726,"29":0.004484,"30":null,"31":0.051566,"32":0.013452,"33":null,"34":0.060534,"35":0.006726,"36":null,"37":null,"38":0.002242,"39":0.02242,"40":null,"41":0.004484,"42":0.132278,"43":0.029146,"44":0.01121,"45":0.21299,"46":0.006726,"47":0.008968,"48":0.141246,"49":0.77349,"50":0.125552,"51":0.114342,"52":0.242136,"53":0.174876,"54":4.333786,"55":3.342822,"56":0.015694,"57":0.006726,"58":null},"firefox":{"2":null,"3":0.16815,"3.5":null,"3.6":0.058292,"4":0.105374,"5":0.107616,"6":0.020178,"7":null,"8":0.02242,"9":0.015694,"10":0.002242,"11":0.013452,"12":0.026904,"13":0.047082,"14":null,"15":0.029146,"16":0.01121,"17":0.058292,"18":null,"19":0.004484,"20":0.008968,"21":0.002242,"22":0.008968,"23":0.026904,"24":0.062776,"25":null,"26":null,"27":null,"28":null,"29":0.01121,"30":0.769006,"31":0.320606,"32":0.017936,"33":0.024662,"34":0.015694,"35":0.062776,"36":0.035872,"37":0.094164,"38":0.062776,"39":0.006726,"40":0.040356,"41":0.07847,"42":0.01121,"43":0.443916,"44":0.07847,"45":0.076228,"46":0.121068,"47":0.710714,"48":0.264556,"49":0.163666,"50":2.508798,"51":0.125552,"52":null,"53":null},"opera":{"9":null,"9.5-9.6":null,"10.0-10.1":0,"10.5":null,"10.6":null,"11":null,"11.1":null,"11.5":0.004484,"11.6":null,"12":null,"12.1":0.01121,"15":null,"16":null,"17":null,"18":null,"19":null,"20":null,"21":null,"22":null,"23":null,"24":null,"25":null,"26":null,"27":null,"28":null,"29":0.002242,"30":null,"31":null,"32":null,"33":null,"34":0.013452,"35":null,"36":0.024662,"37":0.004484,"38":null,"39":0.004484,"40":0.006726,"41":0.239894,"42":0.174876,"43":null,"44":null},"safari":{"3.1":null,"3.2":null,"4":0,"5":null,"5.1":null,"6":null,"6.1":null,"7":null,"7.1":0.002242,"8":0.058292,"9":0.047082,"9.1":0.06726,"10":0.630002,"0":null},"ios_saf":{"3.2":0,"4.0-4.1":0,"4.2-4.3":0,"5.0-5.1":0,"6.0-6.1":0,"7.0-7.1":0.0250089519678,"8":0,"8.1-8.4":0.0379653969631,"9.0-9.2":0.0254609209792,"9.3":0.161352937093,"10.0-10.2":1.208715793},"android":{"2.1":0,"2.2":0,"2.3":0,"3":0,"4":0.114138919764,"4.1":0.375027879223,"4.2-4.3":1.07383759206,"4.4":2.47611574916,"4.4.3-4.4.4":1.4768178598,"53":null},"op_mob":{"10":0,"11":0,"11.1":0,"11.5":0,"12":0,"12.1":0,"0":2.07907227735},"ie":{"5.5":null,"6":null,"7":null,"8":0.436378186704,"9":0.0655697793494,"10":0.248712956153,"11":2.43512594342},"edge":{"12":0.109858,"13":0.163666,"14":0.197296,"15":null},"bb":{"7":0.0174555,"10":null},"ie_mob":{"10":0.0341352,"11":0.1365408},"and_ff":{"0":0.046548},"samsung":{"0":2.125692},"and_uc":{"0":23.173146},"op_mini":{"0":27.2539257227},"and_chr":{"0":15.821126}},"total":99.3780003656}