{"id":"GR","name":"Greece","month":"2016-12","access_date":"2017-01-17","data":{"chrome":{"4":null,"5":null,"6":null,"7":null,"8":null,"9":null,"10":null,"11":0.082577,"12":null,"13":null,"14":null,"15":null,"16":0.105098,"17":null,"18":null,"19":null,"20":null,"21":null,"22":0.090084,"23":0.015014,"24":null,"25":null,"26":0.037535,"27":null,"28":null,"29":0.007507,"30":0.030028,"31":0.045042,"32":0.015014,"33":0.015014,"34":0.090084,"35":0.060056,"36":0.105098,"37":0.022521,"38":0.060056,"39":0.060056,"40":0.030028,"41":0.015014,"42":0.015014,"43":0.097591,"44":0.135126,"45":0.037535,"46":0.060056,"47":0.187675,"48":0.127619,"49":5.262407,"50":0.105098,"51":0.322801,"52":0.255238,"53":0.45042,"54":19.863522,"55":17.926716,"56":0.090084,"57":0.030028,"58":null},"firefox":{"2":null,"3":null,"3.5":null,"3.6":0.037535,"4":0.105098,"5":0.105098,"6":0.105098,"7":null,"8":null,"9":null,"10":0.015014,"11":null,"12":0.105098,"13":null,"14":null,"15":null,"16":0.015014,"17":null,"18":null,"19":null,"20":0.007507,"21":null,"22":null,"23":null,"24":null,"25":null,"26":null,"27":null,"28":null,"29":null,"30":0.007507,"31":0.015014,"32":null,"33":0.022521,"34":0.022521,"35":0.015014,"36":0.015014,"37":0.015014,"38":0.045042,"39":0.045042,"40":0.022521,"41":0.030028,"42":0.090084,"43":0.112605,"44":0.052549,"45":0.097591,"46":0.060056,"47":0.337815,"48":0.292773,"49":0.352829,"50":14.270807,"51":0.097591,"52":null,"53":0.015014},"opera":{"9":null,"9.5-9.6":null,"10.0-10.1":0,"10.5":null,"10.6":null,"11":null,"11.1":null,"11.5":null,"11.6":null,"12":0.240224,"12.1":0.120112,"15":null,"16":null,"17":null,"18":null,"19":null,"20":null,"21":null,"22":null,"23":null,"24":null,"25":null,"26":0.022521,"27":null,"28":null,"29":null,"30":null,"31":null,"32":0.022521,"33":null,"34":null,"35":null,"36":0.120112,"37":0.022521,"38":0.030028,"39":null,"40":0.015014,"41":0.45042,"42":0.232717,"43":null,"44":null},"safari":{"3.1":null,"3.2":null,"4":0.015014,"5":0.082577,"5.1":0.195182,"6":null,"6.1":0.030028,"7":0.015014,"7.1":0.007507,"8":0.045042,"9":0.052549,"9.1":0.232717,"10":0.728179,"0":null},"ios_saf":{"3.2":0,"4.0-4.1":0,"4.2-4.3":0,"5.0-5.1":0,"6.0-6.1":0,"7.0-7.1":0.0566831100093,"8":0,"8.1-8.4":0.0860490585683,"9.0-9.2":0.0577075035637,"9.3":0.365708498915,"10.0-10.2":2.73956982894},"android":{"2.1":0,"2.2":0,"2.3":0,"3":0,"4":0.0463763272804,"4.1":0.152379361064,"4.2-4.3":0.436316058699,"4.4":1.00608236529,"4.4.3-4.4.4":0.600052887669,"53":null},"op_mob":{"10":0,"11":0,"11.1":0,"11.5":0,"12":0,"12.1":0,"0":0.0159029583975},"ie":{"5.5":null,"6":0.0375925690184,"7":0.150370276074,"8":0.556370021472,"9":0.338333121166,"10":0.28570352454,"11":3.53370148773},"edge":{"12":0.052549,"13":0.165154,"14":1.35126,"15":null},"bb":{"7":0.00436275,"10":null},"ie_mob":{"10":0.1226556,"11":0.4906224},"and_ff":{"0":0.022437},"samsung":{"0":2.084148},"and_uc":{"0":0.181989},"op_mini":{"0":0.208467041602},"and_chr":{"0":16.833407}},"total":97.04511975}