{"id":"GT","name":"Guatemala","month":"2016-12","access_date":"2017-01-17","data":{"chrome":{"4":null,"5":null,"6":null,"7":null,"8":null,"9":null,"10":null,"11":0.018924,"12":null,"13":null,"14":null,"15":null,"16":null,"17":null,"18":0.009462,"19":null,"20":null,"21":0.037848,"22":0.033117,"23":0.004731,"24":null,"25":null,"26":0.014193,"27":null,"28":0.004731,"29":0.009462,"30":null,"31":0.042579,"32":0.023655,"33":0.009462,"34":0.028386,"35":0.014193,"36":0.042579,"37":0.023655,"38":0.037848,"39":0.028386,"40":0.033117,"41":0.009462,"42":0.018924,"43":0.070965,"44":0.070965,"45":0.023655,"46":0.037848,"47":0.056772,"48":0.052041,"49":1.949172,"50":0.099351,"51":0.156123,"52":0.127737,"53":0.411597,"54":15.531873,"55":13.147449,"56":0.037848,"57":0.014193,"58":null},"firefox":{"2":null,"3":0.052041,"3.5":null,"3.6":0.009462,"4":null,"5":null,"6":null,"7":null,"8":null,"9":null,"10":null,"11":null,"12":0.004731,"13":null,"14":null,"15":null,"16":0.004731,"17":null,"18":null,"19":null,"20":null,"21":0.009462,"22":null,"23":null,"24":null,"25":null,"26":null,"27":0.004731,"28":null,"29":null,"30":0.004731,"31":null,"32":null,"33":null,"34":0.004731,"35":0.009462,"36":0.004731,"37":0.014193,"38":0.018924,"39":0.018924,"40":0.009462,"41":0.014193,"42":0.018924,"43":0.085158,"44":0.028386,"45":0.070965,"46":0.033117,"47":0.170316,"48":0.217626,"49":0.18924,"50":3.709104,"51":0.037848,"52":0.009462,"53":null},"opera":{"9":null,"9.5-9.6":null,"10.0-10.1":0,"10.5":null,"10.6":null,"11":null,"11.1":null,"11.5":null,"11.6":null,"12":null,"12.1":null,"15":null,"16":null,"17":null,"18":null,"19":null,"20":null,"21":null,"22":null,"23":null,"24":null,"25":null,"26":null,"27":null,"28":null,"29":0.009462,"30":0.004731,"31":null,"32":null,"33":null,"34":0.009462,"35":0.004731,"36":0.023655,"37":0.056772,"38":0.004731,"39":null,"40":null,"41":0.250743,"42":0.104082,"43":null,"44":null},"safari":{"3.1":null,"3.2":null,"4":0.009462,"5":0.028386,"5.1":0.061503,"6":0.014193,"6.1":0.042579,"7":0.028386,"7.1":0.014193,"8":0.269667,"9":0.23655,"9.1":0.728574,"10":1.405107,"0":null},"ios_saf":{"3.2":0,"4.0-4.1":0,"4.2-4.3":0,"5.0-5.1":0,"6.0-6.1":0,"7.0-7.1":0.0638756717281,"8":0,"8.1-8.4":0.0969678872017,"9.0-9.2":0.0650300513377,"9.3":0.412113520607,"10.0-10.2":3.08719586913},"android":{"2.1":0,"2.2":0,"2.3":0,"3":0,"4":0.109029138514,"4.1":0.358238597973,"4.2-4.3":1.02576393581,"4.4":2.36526478041,"4.4.3-4.4.4":1.4107035473,"53":null},"op_mob":{"10":0,"11":0,"11.1":0,"11.5":0,"12":0,"12.1":0,"0":0.356278576271},"ie":{"5.5":null,"6":null,"7":0.00482026415094,"8":0.144607924528,"9":0.0915850188679,"10":0.130147132075,"11":1.16168366038},"edge":{"12":0.070965,"13":0.14193,"14":0.463638,"15":null},"bb":{"7":0.05400725,"10":null},"ie_mob":{"10":0.1232946,"11":0.4931784},"and_ff":{"0":0.015807},"samsung":{"0":4.231007},"and_uc":{"0":2.861067},"op_mini":{"0":4.67034742373},"and_chr":{"0":34.780679}},"total":99.08315325}