{"id":"GU","name":"Guam","month":"2016-12","access_date":"2017-01-17","data":{"chrome":{"4":null,"5":null,"6":null,"7":null,"8":null,"9":null,"10":null,"11":null,"12":null,"13":null,"14":null,"15":null,"16":null,"17":null,"18":0.009348,"19":null,"20":null,"21":0.009348,"22":0.009348,"23":null,"24":null,"25":null,"26":0.009348,"27":null,"28":null,"29":null,"30":null,"31":null,"32":0.009348,"33":null,"34":0.037392,"35":0.014022,"36":null,"37":0.004674,"38":0.014022,"39":0.014022,"40":0.004674,"41":0.004674,"42":null,"43":0.028044,"44":0.028044,"45":0.04674,"46":0.004674,"47":0.042066,"48":0.014022,"49":1.439592,"50":0.060762,"51":0.042066,"52":0.084132,"53":0.18696,"54":12.83013,"55":11.904678,"56":0.154242,"57":0.042066,"58":null},"firefox":{"2":null,"3":null,"3.5":null,"3.6":null,"4":null,"5":null,"6":0.042066,"7":null,"8":null,"9":null,"10":0.009348,"11":0.018696,"12":null,"13":null,"14":null,"15":null,"16":null,"17":null,"18":null,"19":null,"20":null,"21":null,"22":null,"23":0.009348,"24":null,"25":null,"26":null,"27":null,"28":null,"29":null,"30":null,"31":null,"32":null,"33":null,"34":null,"35":null,"36":null,"37":0.004674,"38":0.014022,"39":0.004674,"40":0.009348,"41":null,"42":null,"43":0.018696,"44":0.014022,"45":0.009348,"46":0.018696,"47":0.135546,"48":0.16359,"49":0.11685,"50":4.430952,"51":0.04674,"52":null,"53":null},"opera":{"9":null,"9.5-9.6":null,"10.0-10.1":0,"10.5":null,"10.6":null,"11":null,"11.1":null,"11.5":null,"11.6":null,"12":null,"12.1":null,"15":null,"16":null,"17":null,"18":null,"19":null,"20":null,"21":null,"22":null,"23":null,"24":null,"25":null,"26":null,"27":null,"28":null,"29":null,"30":null,"31":null,"32":null,"33":0.004674,"34":null,"35":null,"36":0.018696,"37":0.04674,"38":null,"39":null,"40":null,"41":0.04674,"42":0.065436,"43":0.018696,"44":null},"safari":{"3.1":null,"3.2":null,"4":0,"5":0.037392,"5.1":0.07011,"6":0.037392,"6.1":0.084132,"7":0.018696,"7.1":0.009348,"8":0.182286,"9":0.285114,"9.1":1.252632,"10":3.211038,"0":null},"ios_saf":{"3.2":0,"4.0-4.1":0,"4.2-4.3":0,"5.0-5.1":0,"6.0-6.1":0,"7.0-7.1":0.428861557277,"8":0,"8.1-8.4":0.651042845987,"9.0-9.2":0.436612067348,"9.3":2.76693209544,"10.0-10.2":20.7274474339},"android":{"2.1":0,"2.2":0,"2.3":0,"3":0,"4":0.039124058277,"4.1":0.128550477196,"4.2-4.3":0.368085527872,"4.4":0.848752529561,"4.4.3-4.4.4":0.506217407095,"53":null},"op_mob":{"10":0,"11":0,"11.1":0,"11.5":0,"12":0,"12.1":0,"0":0.047187211094},"ie":{"5.5":null,"6":null,"7":0.00935920863309,"8":0.131028920863,"9":0.168465755396,"10":0.131028920863,"11":3.46290719424},"edge":{"12":0.088806,"13":0.696426,"14":2.603418,"15":null},"bb":{"7":0.002663,"10":null},"ie_mob":{"10":0.0085216,"11":0.0340864},"and_ff":{"0":0.05326},"samsung":{"0":6.412504},"and_uc":{"0":0.15978},"op_mini":{"0":0.618562788906},"and_chr":{"0":19.630584}},"total":98.664391}