{"id":"GY","name":"Guyana","month":"2016-12","access_date":"2017-01-17","data":{"chrome":{"4":null,"5":null,"6":null,"7":null,"8":null,"9":0.004864,"10":null,"11":0.034048,"12":0.014592,"13":null,"14":null,"15":null,"16":null,"17":null,"18":0.009728,"19":null,"20":0.034048,"21":null,"22":0.043776,"23":null,"24":null,"25":null,"26":null,"27":0.009728,"28":0.009728,"29":0.009728,"30":null,"31":0.014592,"32":0.131328,"33":0.02432,"34":0.04864,"35":0.014592,"36":0.520448,"37":0.009728,"38":0.014592,"39":0.019456,"40":0.009728,"41":null,"42":0.043776,"43":0.325888,"44":0.02432,"45":0.1216,"46":0.038912,"47":0.053504,"48":0.038912,"49":0.4864,"50":0.150784,"51":0.466944,"52":0.768512,"53":0.199424,"54":13.677568,"55":13.118208,"56":0.204288,"57":0.053504,"58":null},"firefox":{"2":null,"3":0.009728,"3.5":null,"3.6":null,"4":null,"5":null,"6":null,"7":null,"8":null,"9":null,"10":null,"11":null,"12":null,"13":null,"14":null,"15":null,"16":null,"17":null,"18":0.004864,"19":null,"20":null,"21":0.004864,"22":0.009728,"23":null,"24":null,"25":null,"26":0.014592,"27":null,"28":null,"29":0.009728,"30":0.204288,"31":0.009728,"32":null,"33":null,"34":null,"35":0.019456,"36":null,"37":0.009728,"38":0.02432,"39":0.02432,"40":0.02432,"41":0.009728,"42":0.004864,"43":0.087552,"44":0.053504,"45":0.457216,"46":0.07296,"47":0.257792,"48":0.082688,"49":0.136192,"50":4.056576,"51":0.26752,"52":null,"53":null},"opera":{"9":null,"9.5-9.6":null,"10.0-10.1":0,"10.5":null,"10.6":null,"11":null,"11.1":null,"11.5":null,"11.6":null,"12":null,"12.1":0.019456,"15":null,"16":null,"17":null,"18":null,"19":null,"20":null,"21":null,"22":null,"23":null,"24":null,"25":null,"26":null,"27":0.019456,"28":null,"29":0.038912,"30":null,"31":null,"32":null,"33":0.058368,"34":null,"35":null,"36":null,"37":0.141056,"38":0.043776,"39":null,"40":0.009728,"41":0.476672,"42":0.19456,"43":null,"44":null},"safari":{"3.1":null,"3.2":null,"4":0,"5":null,"5.1":0.014592,"6":null,"6.1":0.009728,"7":0.014592,"7.1":0.004864,"8":0.014592,"9":0.029184,"9.1":0.053504,"10":0.2432,"0":null},"ios_saf":{"3.2":0,"4.0-4.1":0,"4.2-4.3":0,"5.0-5.1":0,"6.0-6.1":0,"7.0-7.1":0.0692340886272,"8":0,"8.1-8.4":0.10510235141,"9.0-9.2":0.0704853070964,"9.3":0.446684993492,"10.0-10.2":3.34617525937},"android":{"2.1":0,"2.2":0,"2.3":0,"3":0,"4":0.0955616499155,"4.1":0.313988278294,"4.2-4.3":0.899059604307,"4.4":2.07310273184,"4.4.3-4.4.4":1.23645073564,"53":null},"op_mob":{"10":0,"11":0,"11.1":0,"11.5":0,"12":0,"12.1":0,"0":0.331696644068},"ie":{"5.5":null,"6":null,"7":null,"8":0.204627913478,"9":0.102313956739,"10":0.126674422629,"11":2.49451170715},"edge":{"12":0.31616,"13":0.812288,"14":1.84832,"15":null},"bb":{"7":0.292809,"10":null},"ie_mob":{"10":0.118151,"11":0.472604},"and_ff":{"0":0.015411},"samsung":{"0":5.131863},"and_uc":{"0":2.984597},"op_mini":{"0":4.34811035593},"and_chr":{"0":31.673238}},"total":97.921925}