{"id":"HK","name":"Hong Kong","month":"2016-12","access_date":"2017-01-17","data":{"chrome":{"4":null,"5":null,"6":null,"7":null,"8":null,"9":null,"10":null,"11":0.024892,"12":null,"13":null,"14":null,"15":null,"16":null,"17":null,"18":0.006223,"19":null,"20":0.006223,"21":0.006223,"22":0.012446,"23":null,"24":null,"25":0.012446,"26":0.006223,"27":null,"28":null,"29":null,"30":0.006223,"31":0.037338,"32":0.018669,"33":0.024892,"34":0.012446,"35":0.024892,"36":0.18669,"37":0.018669,"38":0.049784,"39":0.043561,"40":0.024892,"41":0.024892,"42":0.087122,"43":0.112014,"44":0.099568,"45":0.572516,"46":0.074676,"47":0.143129,"48":0.118237,"49":2.022475,"50":0.360934,"51":0.510286,"52":0.479171,"53":0.616077,"54":17.567529,"55":15.601061,"56":0.105791,"57":0.056007,"58":null},"firefox":{"2":null,"3":null,"3.5":null,"3.6":0.012446,"4":null,"5":null,"6":null,"7":null,"8":null,"9":null,"10":null,"11":0.006223,"12":0.012446,"13":null,"14":0.012446,"15":null,"16":0.018669,"17":0.018669,"18":0.006223,"19":null,"20":null,"21":null,"22":null,"23":null,"24":null,"25":null,"26":0.006223,"27":null,"28":0.006223,"29":null,"30":0.043561,"31":0.012446,"32":null,"33":0.037338,"34":0.043561,"35":0.037338,"36":0.012446,"37":0.012446,"38":0.087122,"39":0.031115,"40":0.037338,"41":0.018669,"42":0.043561,"43":0.087122,"44":0.024892,"45":0.161798,"46":0.056007,"47":0.236474,"48":0.267589,"49":0.261366,"50":5.065522,"51":0.049784,"52":null,"53":null},"opera":{"9":null,"9.5-9.6":null,"10.0-10.1":0,"10.5":null,"10.6":null,"11":null,"11.1":null,"11.5":null,"11.6":null,"12":null,"12.1":0.018669,"15":null,"16":null,"17":null,"18":null,"19":null,"20":null,"21":null,"22":null,"23":null,"24":null,"25":null,"26":null,"27":null,"28":null,"29":null,"30":null,"31":null,"32":null,"33":null,"34":null,"35":null,"36":0.006223,"37":0.012446,"38":0.031115,"39":null,"40":null,"41":0.136906,"42":0.06223,"43":null,"44":null},"safari":{"3.1":null,"3.2":null,"4":0,"5":0.037338,"5.1":0.112014,"6":0.037338,"6.1":0.068453,"7":0.105791,"7.1":0.018669,"8":0.385826,"9":0.317373,"9.1":1.213485,"10":2.61366,"0":null},"ios_saf":{"3.2":0,"4.0-4.1":0,"4.2-4.3":0,"5.0-5.1":0,"6.0-6.1":0,"7.0-7.1":0.239044578246,"8":0,"8.1-8.4":0.362886950108,"9.0-9.2":0.243364660985,"9.3":1.54226953796,"10.0-10.2":11.5533412727},"android":{"2.1":0,"2.2":0,"2.3":0,"3":0,"4":0.0286050329392,"4.1":0.0939879653716,"4.2-4.3":0.269120820101,"4.4":0.620554081926,"4.4.3-4.4.4":0.370114099662,"53":null},"op_mob":{"10":0,"11":0,"11.1":0,"11.5":0,"12":0,"12.1":0,"0":0.0382821355932},"ie":{"5.5":null,"6":0.0191079017632,"7":0.0382158035264,"8":0.490436145256,"9":0.522282648195,"10":0.280249225861,"11":6.2355452754},"edge":{"12":0.074676,"13":0.267589,"14":1.754886,"15":null},"bb":{"7":0.00472125,"10":null},"ie_mob":{"10":0.0098202,"11":0.0392808},"and_ff":{"0":0.030216},"samsung":{"0":4.241571},"and_uc":{"0":0.676083},"op_mini":{"0":0.501828864407},"and_chr":{"0":17.382863}},"total":98.90975925}