{"id":"HN","name":"Honduras","month":"2016-12","access_date":"2017-01-17","data":{"chrome":{"4":null,"5":null,"6":null,"7":null,"8":null,"9":null,"10":null,"11":0.032963,"12":null,"13":null,"14":null,"15":null,"16":null,"17":null,"18":0.032963,"19":null,"20":0.004709,"21":null,"22":0.028254,"23":null,"24":null,"25":null,"26":0.009418,"27":null,"28":null,"29":0.009418,"30":0.004709,"31":0.018836,"32":0.028254,"33":0.004709,"34":0.023545,"35":0.103598,"36":0.315503,"37":0.014127,"38":0.037672,"39":0.032963,"40":0.023545,"41":0.009418,"42":0.009418,"43":0.09418,"44":0.051799,"45":0.028254,"46":0.014127,"47":0.051799,"48":0.075344,"49":1.238467,"50":0.084762,"51":0.334339,"52":0.258995,"53":0.273122,"54":16.519172,"55":14.131709,"56":0.051799,"57":0.018836,"58":null},"firefox":{"2":null,"3":0.009418,"3.5":null,"3.6":0.004709,"4":null,"5":null,"6":null,"7":null,"8":null,"9":null,"10":null,"11":null,"12":null,"13":null,"14":null,"15":null,"16":null,"17":null,"18":null,"19":null,"20":null,"21":null,"22":null,"23":null,"24":null,"25":null,"26":null,"27":null,"28":null,"29":null,"30":null,"31":null,"32":null,"33":null,"34":null,"35":0.023545,"36":null,"37":0.004709,"38":0.014127,"39":0.04709,"40":0.018836,"41":0.009418,"42":null,"43":0.065926,"44":0.018836,"45":0.127143,"46":0.070635,"47":0.193069,"48":0.131852,"49":0.174233,"50":4.026195,"51":0.032963,"52":null,"53":null},"opera":{"9":null,"9.5-9.6":null,"10.0-10.1":0,"10.5":null,"10.6":null,"11":null,"11.1":null,"11.5":null,"11.6":null,"12":null,"12.1":0.004709,"15":null,"16":null,"17":null,"18":null,"19":null,"20":null,"21":null,"22":null,"23":null,"24":null,"25":null,"26":null,"27":0.009418,"28":null,"29":0.051799,"30":null,"31":null,"32":null,"33":0.028254,"34":null,"35":null,"36":0.023545,"37":0.070635,"38":0.032963,"39":null,"40":null,"41":0.414392,"42":0.221323,"43":null,"44":null},"safari":{"3.1":null,"3.2":null,"4":0.009418,"5":0.009418,"5.1":0.009418,"6":null,"6.1":0.018836,"7":0.004709,"7.1":0.009418,"8":0.113016,"9":0.108307,"9.1":0.503863,"10":1.144287,"0":null},"ios_saf":{"3.2":0,"4.0-4.1":0,"4.2-4.3":0,"5.0-5.1":0,"6.0-6.1":0,"7.0-7.1":0.0674991905795,"8":0,"8.1-8.4":0.102468650759,"9.0-9.2":0.0687190554695,"9.3":0.435491765727,"10.0-10.2":3.26232533747},"android":{"2.1":0,"2.2":0,"2.3":0,"3":0,"4":0.16291275,"4.1":0.53528475,"4.2-4.3":1.53270975,"4.4":3.53420925,"4.4.3-4.4.4":2.1078915,"53":null},"op_mob":{"10":0,"11":0,"11.1":0,"11.5":0,"12":0,"12.1":0,"0":0.196508881356},"ie":{"5.5":null,"6":0.00956156707317,"7":0.00478078353659,"8":0.205573692073,"9":0.0908348871951,"10":0.105177237805,"11":1.15216883232},"edge":{"12":0.113016,"13":0.183651,"14":0.560371,"15":null},"bb":{"7":0.0820105,"10":null},"ie_mob":{"10":0.0931216,"11":0.3724864},"and_ff":{"0":0.010582},"samsung":{"0":4.206345},"and_uc":{"0":1.21693},"op_mini":{"0":2.57597511864},"and_chr":{"0":34.219812}},"total":98.9395765}