{"id":"HR","name":"Croatia","month":"2016-12","access_date":"2017-01-17","data":{"chrome":{"4":null,"5":null,"6":null,"7":null,"8":null,"9":null,"10":null,"11":0.019101,"12":null,"13":null,"14":null,"15":null,"16":null,"17":null,"18":0.012734,"19":null,"20":null,"21":0.006367,"22":0.044569,"23":null,"24":null,"25":null,"26":0.044569,"27":null,"28":null,"29":null,"30":0.006367,"31":0.044569,"32":0.019101,"33":0.038202,"34":0.057303,"35":0.025468,"36":0.095505,"37":0.031835,"38":0.057303,"39":0.050936,"40":0.019101,"41":0.025468,"42":0.019101,"43":0.171909,"44":0.057303,"45":0.050936,"46":0.044569,"47":0.076404,"48":0.057303,"49":2.451295,"50":0.101872,"51":0.286515,"52":0.165542,"53":0.229212,"54":18.254189,"55":16.859816,"56":0.089138,"57":0.044569,"58":null},"firefox":{"2":null,"3":0.006367,"3.5":null,"3.6":0.019101,"4":null,"5":null,"6":null,"7":null,"8":null,"9":null,"10":null,"11":null,"12":0.012734,"13":null,"14":null,"15":null,"16":0.006367,"17":null,"18":0.012734,"19":0.006367,"20":0.025468,"21":0.006367,"22":null,"23":null,"24":0.006367,"25":null,"26":0.012734,"27":null,"28":0.019101,"29":0.006367,"30":0.006367,"31":0.012734,"32":0.012734,"33":0.012734,"34":0.019101,"35":0.019101,"36":0.012734,"37":0.019101,"38":0.050936,"39":0.057303,"40":0.025468,"41":0.057303,"42":0.038202,"43":0.12734,"44":0.044569,"45":0.140074,"46":0.06367,"47":0.362919,"48":0.241946,"49":0.299249,"50":11.848987,"51":0.095505,"52":0.012734,"53":null},"opera":{"9":null,"9.5-9.6":null,"10.0-10.1":0,"10.5":null,"10.6":null,"11":null,"11.1":null,"11.5":null,"11.6":null,"12":null,"12.1":0.108239,"15":null,"16":null,"17":0.006367,"18":null,"19":null,"20":null,"21":null,"22":null,"23":null,"24":null,"25":null,"26":null,"27":null,"28":0.012734,"29":null,"30":0.012734,"31":null,"32":null,"33":null,"34":0.006367,"35":null,"36":0.070037,"37":0.031835,"38":0.044569,"39":null,"40":0.012734,"41":0.776774,"42":0.420222,"43":null,"44":null},"safari":{"3.1":null,"3.2":null,"4":0,"5":0.019101,"5.1":0.038202,"6":null,"6.1":0.025468,"7":0.012734,"7.1":null,"8":0.050936,"9":0.050936,"9.1":0.216478,"10":0.649434,"0":null},"ios_saf":{"3.2":0,"4.0-4.1":0,"4.2-4.3":0,"5.0-5.1":0,"6.0-6.1":0,"7.0-7.1":0.102724472885,"8":0,"8.1-8.4":0.155943175705,"9.0-9.2":0.104580939262,"9.3":0.662758496746,"10.0-10.2":4.9648099154},"android":{"2.1":0,"2.2":0,"2.3":0,"3":0,"4":0.0437524890203,"4.1":0.143758178209,"4.2-4.3":0.411630559966,"4.4":0.949161139358,"4.4.3-4.4.4":0.566103633446,"53":null},"op_mob":{"10":0,"11":0,"11.1":0,"11.5":0,"12":0,"12.1":0,"0":0.0329600986133},"ie":{"5.5":null,"6":null,"7":0.00637630847953,"8":0.210418179825,"9":0.165784020468,"10":0.159407711988,"11":3.81940877924},"edge":{"12":0.057303,"13":0.235579,"14":1.165161,"15":null},"bb":{"7":0.00817425,"10":null},"ie_mob":{"10":0.225246,"11":0.900984},"and_ff":{"0":0.025431},"samsung":{"0":3.058986},"and_uc":{"0":0.090825},"op_mini":{"0":0.432063901387},"and_chr":{"0":23.846435}},"total":98.39072325}