{"id":"HT","name":"Haiti","month":"2016-12","access_date":"2017-01-17","data":{"chrome":{"4":null,"5":null,"6":null,"7":null,"8":null,"9":null,"10":null,"11":0.12298,"12":0.017028,"13":0.007568,"14":0.003784,"15":null,"16":0.003784,"17":0.007568,"18":0.003784,"19":null,"20":null,"21":0.001892,"22":null,"23":0.001892,"24":null,"25":0.005676,"26":0.003784,"27":0.001892,"28":0.007568,"29":0.041624,"30":0.00946,"31":0.013244,"32":0.017028,"33":0.024596,"34":0.011352,"35":0.005676,"36":0.06622,"37":0.02838,"38":0.017028,"39":0.011352,"40":0.01892,"41":0.011352,"42":0.005676,"43":0.041624,"44":0.011352,"45":0.015136,"46":0.011352,"47":0.15136,"48":0.007568,"49":0.351912,"50":0.041624,"51":0.124872,"52":0.266772,"53":0.105952,"54":4.03942,"55":4.033744,"56":0.024596,"57":0.005676,"58":null},"firefox":{"2":0.001892,"3":0.121088,"3.5":0.001892,"3.6":0.013244,"4":0.013244,"5":null,"6":null,"7":0.001892,"8":0.003784,"9":0.007568,"10":0.007568,"11":0.007568,"12":0.011352,"13":0.007568,"14":0.015136,"15":0.003784,"16":0.005676,"17":0.013244,"18":0.003784,"19":0.005676,"20":0.003784,"21":0.007568,"22":0.00946,"23":0.001892,"24":0.001892,"25":0.001892,"26":0.007568,"27":0.003784,"28":0.003784,"29":0.007568,"30":0.005676,"31":0.007568,"32":0.005676,"33":0.007568,"34":0.013244,"35":0.005676,"36":0.00946,"37":0.011352,"38":0.02838,"39":0.007568,"40":0.005676,"41":0.00946,"42":0.007568,"43":0.05676,"44":0.039732,"45":0.030272,"46":0.024596,"47":0.204336,"48":0.119196,"49":0.1419,"50":1.962004,"51":0.02838,"52":0.003784,"53":null},"opera":{"9":null,"9.5-9.6":null,"10.0-10.1":0,"10.5":null,"10.6":null,"11":null,"11.1":null,"11.5":0.007568,"11.6":0.013244,"12":0.005676,"12.1":0.013244,"15":null,"16":0.003784,"17":null,"18":0.001892,"19":null,"20":null,"21":null,"22":0.003784,"23":null,"24":null,"25":null,"26":null,"27":0.022704,"28":0.007568,"29":0.07568,"30":0.005676,"31":null,"32":null,"33":0.034056,"34":null,"35":0.003784,"36":0.007568,"37":0.03784,"38":0.015136,"39":0.007568,"40":0.011352,"41":0.34056,"42":0.153252,"43":null,"44":null},"safari":{"3.1":null,"3.2":null,"4":0.003784,"5":0.035948,"5.1":0.05676,"6":0.015136,"6.1":0.032164,"7":0.01892,"7.1":0.003784,"8":0.062436,"9":0.026488,"9.1":0.200552,"10":0.71896,"0":null},"ios_saf":{"3.2":0,"4.0-4.1":0,"4.2-4.3":0,"5.0-5.1":0,"6.0-6.1":0,"7.0-7.1":0.0476806493131,"8":0,"8.1-8.4":0.0723826724512,"9.0-9.2":0.0485423477946,"9.3":0.307626357918,"10.0-10.2":2.30446897252},"android":{"2.1":0,"2.2":0,"2.3":0,"3":0,"4":0.219255321368,"4.1":0.720410341639,"4.2-4.3":2.06278986022,"4.4":4.75649809417,"4.4.3-4.4.4":2.8368953826,"53":null},"op_mob":{"10":0,"11":0,"11.1":0,"11.5":0,"12":0,"12.1":0,"0":2.15995962712},"ie":{"5.5":null,"6":0.0114349478079,"7":0.00571747390397,"8":0.27825039666,"9":0.0800446346555,"10":0.161995093946,"11":1.28452580376},"edge":{"12":0.128656,"13":0.204336,"14":0.338668,"15":null},"bb":{"7":0.0445885,"10":null},"ie_mob":{"10":0.1572758,"11":0.6291032},"and_ff":{"0":0.024321},"samsung":{"0":1.921359},"and_uc":{"0":5.942431},"op_mini":{"0":28.3142533729},"and_chr":{"0":29.17574}},"total":98.9211298507}