{"id":"IE","name":"Ireland","month":"2016-12","access_date":"2017-01-17","data":{"chrome":{"4":null,"5":null,"6":null,"7":null,"8":null,"9":null,"10":null,"11":0.01716,"12":null,"13":null,"14":null,"15":null,"16":null,"17":null,"18":0.00572,"19":null,"20":null,"21":null,"22":0.0572,"23":null,"24":null,"25":null,"26":0.01144,"27":null,"28":null,"29":0.13728,"30":null,"31":0.01144,"32":0.02288,"33":0.0286,"34":0.0286,"35":0.04004,"36":0.05148,"37":0.08008,"38":0.07436,"39":0.33176,"40":0.01716,"41":0.01716,"42":0.03432,"43":0.572,"44":0.0572,"45":0.09724,"46":0.04004,"47":0.04004,"48":0.59488,"49":1.32704,"50":0.64064,"51":4.44444,"52":0.82368,"53":0.6864,"54":11.22836,"55":9.54668,"56":0.05148,"57":0.02288,"58":null},"firefox":{"2":null,"3":0.09152,"3.5":0.00572,"3.6":0.01144,"4":null,"5":null,"6":null,"7":null,"8":null,"9":null,"10":null,"11":null,"12":null,"13":null,"14":null,"15":null,"16":0.03432,"17":null,"18":0.0286,"19":null,"20":null,"21":null,"22":0.10296,"23":null,"24":null,"25":null,"26":null,"27":null,"28":null,"29":null,"30":0.00572,"31":0.01144,"32":null,"33":0.01144,"34":null,"35":null,"36":0.00572,"37":null,"38":0.13156,"39":0.02288,"40":0.00572,"41":0.01144,"42":0.00572,"43":0.33748,"44":0.06864,"45":0.32032,"46":0.44616,"47":1.68168,"48":0.69212,"49":0.22308,"50":3.51208,"51":0.0286,"52":null,"53":null},"opera":{"9":null,"9.5-9.6":0.01144,"10.0-10.1":0,"10.5":null,"10.6":null,"11":null,"11.1":null,"11.5":null,"11.6":null,"12":null,"12.1":0.0286,"15":null,"16":null,"17":null,"18":null,"19":null,"20":null,"21":null,"22":null,"23":null,"24":null,"25":null,"26":null,"27":null,"28":0.00572,"29":null,"30":null,"31":null,"32":null,"33":null,"34":null,"35":null,"36":0.01716,"37":0.00572,"38":0.7436,"39":0.03432,"40":0.01144,"41":0.15444,"42":0.08008,"43":null,"44":null},"safari":{"3.1":null,"3.2":null,"4":0.12012,"5":0.03432,"5.1":0.06864,"6":0.01144,"6.1":0.04576,"7":0.0286,"7.1":0.00572,"8":0.1144,"9":0.1144,"9.1":0.6864,"10":1.30988,"0":null},"ios_saf":{"3.2":0,"4.0-4.1":0,"4.2-4.3":0,"5.0-5.1":0,"6.0-6.1":0,"7.0-7.1":0.294799538891,"8":0,"8.1-8.4":0.447527010846,"9.0-9.2":0.300127241401,"9.3":1.9019897961,"10.0-10.2":14.2480524128},"android":{"2.1":0,"2.2":0,"2.3":0,"3":0,"4":0.0217918809122,"4.1":0.0716018944257,"4.2-4.3":0.20502157348,"4.4":0.472750396115,"4.4.3-4.4.4":0.281960255068,"53":null},"op_mob":{"10":0,"11":0,"11.1":0,"11.5":0,"12":0,"12.1":0,"0":0.0133509152542},"ie":{"5.5":null,"6":0.183258320611,"7":0.190045665818,"8":1.85294524173,"9":0.766970008482,"10":0.902716912638,"11":4.10634385072},"edge":{"12":0.13156,"13":0.48048,"14":1.47004,"15":null},"bb":{"7":0.017124,"10":null},"ie_mob":{"10":0.1044564,"11":0.4178256},"and_ff":{"0":0.029967},"samsung":{"0":3.163659},"and_uc":{"0":0.08562},"op_mini":{"0":0.175013084746},"and_chr":{"0":20.422349}},"total":95.327587}