{"id":"IM","name":"Isle of Man","month":"2016-12","access_date":"2017-01-17","data":{"chrome":{"4":null,"5":null,"6":null,"7":null,"8":null,"9":null,"10":null,"11":0.012788,"12":0.006394,"13":null,"14":null,"15":null,"16":null,"17":null,"18":null,"19":null,"20":null,"21":null,"22":0.012788,"23":null,"24":null,"25":null,"26":null,"27":null,"28":null,"29":null,"30":null,"31":null,"32":0.038364,"33":null,"34":null,"35":null,"36":null,"37":null,"38":0.012788,"39":null,"40":null,"41":null,"42":0.006394,"43":0.038364,"44":0.012788,"45":0.019182,"46":null,"47":0.03197,"48":0.03197,"49":1.579318,"50":0.025576,"51":0.070334,"52":0.025576,"53":0.12788,"54":22.417364,"55":11.016862,"56":0.057546,"57":0.012788,"58":null},"firefox":{"2":null,"3":null,"3.5":null,"3.6":null,"4":null,"5":null,"6":null,"7":null,"8":null,"9":null,"10":null,"11":null,"12":null,"13":null,"14":null,"15":null,"16":null,"17":null,"18":null,"19":null,"20":null,"21":null,"22":null,"23":null,"24":null,"25":null,"26":0.012788,"27":null,"28":null,"29":null,"30":null,"31":null,"32":0.019182,"33":null,"34":null,"35":null,"36":null,"37":null,"38":0.025576,"39":0.134274,"40":null,"41":0.019182,"42":0.076728,"43":0.012788,"44":null,"45":0.03197,"46":0.006394,"47":0.044758,"48":0.12788,"49":0.204608,"50":4.578104,"51":0.03197,"52":null,"53":null},"opera":{"9":null,"9.5-9.6":null,"10.0-10.1":0,"10.5":null,"10.6":null,"11":null,"11.1":null,"11.5":null,"11.6":null,"12":null,"12.1":null,"15":null,"16":null,"17":null,"18":null,"19":null,"20":null,"21":null,"22":null,"23":null,"24":null,"25":null,"26":null,"27":null,"28":0.012788,"29":null,"30":null,"31":null,"32":null,"33":null,"34":null,"35":0.006394,"36":0.006394,"37":null,"38":null,"39":null,"40":null,"41":0.051152,"42":0.025576,"43":null,"44":null},"safari":{"3.1":null,"3.2":null,"4":0.038364,"5":0.108698,"5.1":0.198214,"6":0.006394,"6.1":0.083122,"7":0.03197,"7.1":0.012788,"8":0.172638,"9":0.57546,"9.1":0.914342,"10":3.337668,"0":null},"ios_saf":{"3.2":0,"4.0-4.1":0,"4.2-4.3":0,"5.0-5.1":0,"6.0-6.1":0,"7.0-7.1":0.321402955067,"8":0,"8.1-8.4":0.48791291974,"9.0-9.2":0.327211442206,"9.3":2.07362990889,"10.0-10.2":15.5338307741},"android":{"2.1":0,"2.2":0,"2.3":0,"3":0,"4":0.0128341925676,"4.1":0.0421694898649,"4.2-4.3":0.120746179054,"4.4":0.278423402027,"4.4.3-4.4.4":0.166058736486,"53":null},"op_mob":{"10":0,"11":0,"11.1":0,"11.5":0,"12":0,"12.1":0,"0":0.0048561540832},"ie":{"5.5":null,"6":null,"7":null,"8":0.390271102736,"9":0.914897831003,"10":0.236721816413,"11":8.98263324985},"edge":{"12":0.102304,"13":0.422004,"14":5.677872,"15":null},"bb":{"7":0.007212,"10":null},"ie_mob":{"10":0.158664,"11":0.634656},"and_ff":{"0":0.01803},"samsung":{"0":4.803192},"and_uc":{"0":0.039666},"op_mini":{"0":0.0636578459168},"and_chr":{"0":10.569854}},"total":98.85591}