{"id":"IN","name":"India","month":"2016-12","access_date":"2017-01-17","data":{"chrome":{"4":0.004044,"5":0.004044,"6":0.008088,"7":0.004044,"8":0.006066,"9":0.004044,"10":0.008088,"11":0.014154,"12":0.01011,"13":0.006066,"14":0.008088,"15":0.006066,"16":0.006066,"17":0.008088,"18":0.016176,"19":0.014154,"20":0.014154,"21":0.01011,"22":0.016176,"23":0.018198,"24":0.014154,"25":0.024264,"26":0.014154,"27":0.022242,"28":0.042462,"29":0.026286,"30":0.026286,"31":0.246684,"32":0.024264,"33":0.064704,"34":0.01011,"35":0.012132,"36":0.03033,"37":0.008088,"38":0.014154,"39":0.016176,"40":0.014154,"41":0.014154,"42":0.014154,"43":0.056616,"44":0.02022,"45":0.018198,"46":0.05055,"47":0.03033,"48":0.03033,"49":0.984714,"50":0.046506,"51":0.228486,"52":0.107166,"53":0.149628,"54":5.02467,"55":6.245958,"56":0.095034,"57":0.046506,"58":null},"firefox":{"2":null,"3":0.06066,"3.5":0.006066,"3.6":0.016176,"4":0.01011,"5":0.004044,"6":0.006066,"7":0.004044,"8":0.004044,"9":0.004044,"10":0.008088,"11":0.012132,"12":0.018198,"13":0.008088,"14":0.012132,"15":0.01011,"16":0.01011,"17":0.008088,"18":0.01011,"19":0.008088,"20":0.01011,"21":0.008088,"22":0.006066,"23":0.006066,"24":0.008088,"25":0.006066,"26":0.008088,"27":0.006066,"28":0.012132,"29":0.02022,"30":0.014154,"31":0.066726,"32":0.01011,"33":0.012132,"34":0.014154,"35":0.016176,"36":0.014154,"37":0.014154,"38":0.03033,"39":0.022242,"40":0.022242,"41":0.02022,"42":0.02022,"43":0.095034,"44":0.145584,"45":0.072792,"46":0.042462,"47":0.204222,"48":0.082902,"49":0.149628,"50":1.914834,"51":0.341718,"52":0.004044,"53":null},"opera":{"9":null,"9.5-9.6":null,"10.0-10.1":0,"10.5":null,"10.6":0.002022,"11":0.002022,"11.1":null,"11.5":null,"11.6":0.004044,"12":0.004044,"12.1":0.008088,"15":null,"16":null,"17":null,"18":null,"19":null,"20":null,"21":null,"22":null,"23":null,"24":null,"25":null,"26":null,"27":null,"28":null,"29":0.002022,"30":0.002022,"31":null,"32":null,"33":null,"34":null,"35":0.002022,"36":0.012132,"37":0.014154,"38":0.014154,"39":0.002022,"40":0.006066,"41":0.147606,"42":0.09099,"43":null,"44":null},"safari":{"3.1":null,"3.2":null,"4":0,"5":0.002022,"5.1":0.004044,"6":null,"6.1":null,"7":0.004044,"7.1":0.002022,"8":0.012132,"9":0.01011,"9.1":0.034374,"10":0.1011,"0":null},"ios_saf":{"3.2":0,"4.0-4.1":0,"4.2-4.3":0,"5.0-5.1":0,"6.0-6.1":0,"7.0-7.1":0.0276333329202,"8":0,"8.1-8.4":0.0419493969631,"9.0-9.2":0.028132730503,"9.3":0.178284937093,"10.0-10.2":1.33555560252},"android":{"2.1":0,"2.2":0,"2.3":0,"3":0,"4":0.0363187668919,"4.1":0.119333091216,"4.2-4.3":0.341692888514,"4.4":0.787894881757,"4.4.3-4.4.4":0.469920371622,"53":null},"op_mob":{"10":0,"11":0,"11.1":0,"11.5":0,"12":0,"12.1":0,"0":0.671774644068},"ie":{"5.5":null,"6":0.00610189349112,"7":0.00406792899408,"8":0.170853017751,"9":0.0386453254438,"10":0.0650868639053,"11":0.402724970414},"edge":{"12":0.032352,"13":0.054594,"14":0.11121,"15":null},"bb":{"7":0.0219395,"10":null},"ie_mob":{"10":0.1085008,"11":0.4340032},"and_ff":{"0":0.015956},"samsung":{"0":2.11417},"and_uc":{"0":43.352452},"op_mini":{"0":8.80608935593},"and_chr":{"0":19.961338}},"total":97.8233435}