{"id":"IR","name":"Iran","month":"2016-12","access_date":"2017-01-17","data":{"chrome":{"4":0.011282,"5":0.005641,"6":0.011282,"7":0.011282,"8":0.005641,"9":null,"10":0.011282,"11":0.067692,"12":0.011282,"13":0.011282,"14":0.028205,"15":0.011282,"16":0.005641,"17":0.005641,"18":0.016923,"19":0.011282,"20":0.028205,"21":0.011282,"22":0.045128,"23":0.033846,"24":0.028205,"25":0.016923,"26":0.022564,"27":0.016923,"28":0.022564,"29":0.045128,"30":0.028205,"31":0.062051,"32":0.028205,"33":0.039487,"34":0.022564,"35":0.022564,"36":0.067692,"37":0.016923,"38":0.101538,"39":0.045128,"40":0.028205,"41":0.028205,"42":0.028205,"43":0.141025,"44":0.050769,"45":0.062051,"46":0.078974,"47":0.073333,"48":0.090256,"49":0.930765,"50":0.090256,"51":0.406152,"52":0.304614,"53":0.535895,"54":9.279445,"55":10.277902,"56":0.045128,"57":0.022564,"58":null},"firefox":{"2":null,"3":0.028205,"3.5":0.011282,"3.6":0.05641,"4":0.050769,"5":0.011282,"6":0.011282,"7":0.011282,"8":0.011282,"9":0.016923,"10":0.016923,"11":0.022564,"12":0.073333,"13":0.028205,"14":0.033846,"15":0.028205,"16":0.033846,"17":0.016923,"18":0.022564,"19":0.011282,"20":0.022564,"21":0.028205,"22":0.016923,"23":0.028205,"24":0.045128,"25":0.033846,"26":0.039487,"27":0.028205,"28":0.016923,"29":0.05641,"30":0.05641,"31":0.050769,"32":0.045128,"33":0.095897,"34":0.05641,"35":0.078974,"36":0.050769,"37":0.067692,"38":0.107179,"39":0.095897,"40":0.084615,"41":0.152307,"42":0.118461,"43":0.682561,"44":0.321537,"45":0.265127,"46":0.214358,"47":1.308712,"48":0.496408,"49":0.992816,"50":12.105586,"51":0.874355,"52":0.011282,"53":null},"opera":{"9":null,"9.5-9.6":null,"10.0-10.1":0,"10.5":null,"10.6":null,"11":null,"11.1":null,"11.5":null,"11.6":0.011282,"12":0.005641,"12.1":0.033846,"15":null,"16":null,"17":null,"18":null,"19":null,"20":null,"21":null,"22":null,"23":null,"24":null,"25":null,"26":null,"27":null,"28":null,"29":null,"30":null,"31":null,"32":null,"33":0.005641,"34":0.005641,"35":null,"36":0.033846,"37":0.011282,"38":0.039487,"39":0.022564,"40":0.067692,"41":0.310255,"42":0.022564,"43":null,"44":null},"safari":{"3.1":null,"3.2":null,"4":0.011282,"5":null,"5.1":0.011282,"6":null,"6.1":null,"7":0.011282,"7.1":null,"8":0.045128,"9":0.05641,"9.1":0.101538,"10":0.28205,"0":null},"ios_saf":{"3.2":0,"4.0-4.1":0,"4.2-4.3":0,"5.0-5.1":0,"6.0-6.1":0,"7.0-7.1":0.0630692316909,"8":0,"8.1-8.4":0.0957436529284,"9.0-9.2":0.0642090370829,"9.3":0.406910524946,"10.0-10.2":3.04821955335},"android":{"2.1":0,"2.2":0,"2.3":0,"3":0,"4":0.124806641892,"4.1":0.410078966216,"4.2-4.3":1.17420126351,"4.4":2.70754000676,"4.4.3-4.4.4":1.61484512162,"53":null},"op_mob":{"10":0,"11":0,"11.1":0,"11.5":0,"12":0,"12.1":0,"0":0.263789941448},"ie":{"5.5":null,"6":0.611532955443,"7":0.691546613165,"8":3.58346881367,"9":1.12590646937,"10":0.931587586329,"11":4.34359856203},"edge":{"12":0.146666,"13":0.163589,"14":0.344101,"15":null},"bb":{"7":0.013074,"10":null},"ie_mob":{"10":0.0191752,"11":0.0767008},"and_ff":{"0":0.2179},"samsung":{"0":7.630858},"and_uc":{"0":0.723428},"op_mini":{"0":3.45794205855},"and_chr":{"0":21.423726}},"total":99.116991}