{"id":"IS","name":"Iceland","month":"2016-12","access_date":"2017-01-17","data":{"chrome":{"4":null,"5":null,"6":null,"7":null,"8":null,"9":null,"10":null,"11":null,"12":null,"13":null,"14":null,"15":null,"16":null,"17":null,"18":null,"19":null,"20":null,"21":0.00694,"22":null,"23":null,"24":null,"25":null,"26":null,"27":null,"28":null,"29":0.00694,"30":null,"31":0.02082,"32":null,"33":0.04164,"34":0.05552,"35":0.12492,"36":0.0347,"37":0.00694,"38":0.04164,"39":0.02776,"40":0.01388,"41":0.01388,"42":0.00694,"43":0.06246,"44":0.13186,"45":0.0347,"46":0.02082,"47":0.04164,"48":0.11104,"49":1.61008,"50":0.12492,"51":0.22208,"52":0.18738,"53":0.21514,"54":22.78402,"55":18.4604,"56":0.08328,"57":0.0347,"58":null},"firefox":{"2":null,"3":null,"3.5":null,"3.6":0.01388,"4":null,"5":null,"6":null,"7":null,"8":null,"9":null,"10":null,"11":null,"12":null,"13":0.00694,"14":null,"15":null,"16":0.01388,"17":null,"18":null,"19":null,"20":null,"21":null,"22":null,"23":null,"24":null,"25":null,"26":null,"27":null,"28":null,"29":null,"30":null,"31":null,"32":null,"33":null,"34":null,"35":0.05552,"36":0.02776,"37":0.00694,"38":0.04858,"39":0.02082,"40":0.01388,"41":0.07634,"42":0.01388,"43":0.0347,"44":0.02082,"45":0.1041,"46":0.05552,"47":0.16656,"48":0.22902,"49":0.27066,"50":6.47502,"51":0.06246,"52":null,"53":null},"opera":{"9":null,"9.5-9.6":null,"10.0-10.1":0,"10.5":null,"10.6":null,"11":null,"11.1":null,"11.5":null,"11.6":null,"12":null,"12.1":0.15962,"15":null,"16":null,"17":null,"18":null,"19":null,"20":null,"21":null,"22":null,"23":null,"24":null,"25":0.00694,"26":null,"27":null,"28":0.00694,"29":null,"30":null,"31":null,"32":null,"33":null,"34":null,"35":null,"36":0.01388,"37":null,"38":0.01388,"39":null,"40":0.01388,"41":0.3123,"42":0.15268,"43":null,"44":null},"safari":{"3.1":null,"3.2":null,"4":0.02776,"5":0.06246,"5.1":0.08328,"6":null,"6.1":0.11104,"7":0.0347,"7.1":null,"8":0.31924,"9":0.42334,"9.1":1.6309,"10":3.3659,"0":null},"ios_saf":{"3.2":0,"4.0-4.1":0,"4.2-4.3":0,"5.0-5.1":0,"6.0-6.1":0,"7.0-7.1":0.227434643529,"8":0,"8.1-8.4":0.345262229935,"9.0-9.2":0.231544908171,"9.3":1.46736447722,"10.0-10.2":10.9922177411},"android":{"2.1":0,"2.2":0,"2.3":0,"3":0,"4":0.00734263344595,"4.1":0.0241257956081,"4.2-4.3":0.0690806942568,"4.4":0.159290190878,"4.4.3-4.4.4":0.0950046858108,"53":null},"op_mob":{"10":0,"11":0,"11.1":0,"11.5":0,"12":0,"12.1":0,"0":0.0101903821263},"ie":{"5.5":null,"6":null,"7":0.00701489208633,"8":0.161342517986,"9":0.063134028777,"10":0.0701489208633,"11":3.59863964029},"edge":{"12":0.0694,"13":0.26372,"14":2.37348,"15":null},"bb":{"7":0.00229425,"10":null},"ie_mob":{"10":0.055062,"11":0.220248},"and_ff":{"0":0.021413},"samsung":{"0":3.42608},"and_uc":{"0":0.015295},"op_mini":{"0":0.133582617874},"and_chr":{"0":12.93108}},"total":96.02385325}