{"id":"IT","name":"Italy","month":"2016-12","access_date":"2017-01-17","data":{"chrome":{"4":null,"5":null,"6":null,"7":null,"8":null,"9":null,"10":null,"11":0.025312,"12":null,"13":null,"14":null,"15":null,"16":null,"17":null,"18":null,"19":null,"20":null,"21":0.012656,"22":0.044296,"23":null,"24":null,"25":0.050624,"26":0.03164,"27":0.006328,"28":null,"29":0.012656,"30":0.006328,"31":0.025312,"32":0.139216,"33":0.012656,"34":0.09492,"35":0.170856,"36":0.75936,"37":0.025312,"38":0.056952,"39":0.044296,"40":0.025312,"41":0.069608,"42":0.037968,"43":0.215152,"44":0.044296,"45":0.06328,"46":0.050624,"47":0.09492,"48":0.09492,"49":2.550184,"50":0.145544,"51":0.582176,"52":0.177184,"53":0.423976,"54":15.40868,"55":14.155736,"56":0.075936,"57":0.03164,"58":null},"firefox":{"2":null,"3":null,"3.5":null,"3.6":0.025312,"4":null,"5":null,"6":null,"7":null,"8":null,"9":null,"10":null,"11":0.012656,"12":0.012656,"13":null,"14":null,"15":null,"16":0.025312,"17":null,"18":null,"19":null,"20":0.006328,"21":0.025312,"22":null,"23":null,"24":0.006328,"25":0.006328,"26":0.006328,"27":0.006328,"28":0.012656,"29":0.012656,"30":0.012656,"31":0.018984,"32":0.012656,"33":0.012656,"34":0.037968,"35":0.03164,"36":0.025312,"37":0.037968,"38":0.056952,"39":0.03164,"40":0.025312,"41":0.03164,"42":0.037968,"43":0.202496,"44":0.044296,"45":0.18984,"46":0.09492,"47":0.582176,"48":0.550536,"49":0.512568,"50":8.751624,"51":0.120232,"52":0.006328,"53":null},"opera":{"9":null,"9.5-9.6":null,"10.0-10.1":0,"10.5":null,"10.6":null,"11":null,"11.1":null,"11.5":null,"11.6":null,"12":null,"12.1":0.037968,"15":null,"16":null,"17":null,"18":null,"19":null,"20":null,"21":null,"22":null,"23":null,"24":null,"25":null,"26":null,"27":null,"28":0.037968,"29":null,"30":null,"31":null,"32":null,"33":null,"34":null,"35":null,"36":0.037968,"37":0.012656,"38":0.06328,"39":null,"40":null,"41":0.56952,"42":0.170856,"43":null,"44":null},"safari":{"3.1":null,"3.2":null,"4":0.025312,"5":0.069608,"5.1":0.202496,"6":0.012656,"6.1":0.107576,"7":0.037968,"7.1":0.012656,"8":0.177184,"9":0.265776,"9.1":0.88592,"10":2.834944,"0":null},"ios_saf":{"3.2":0,"4.0-4.1":0,"4.2-4.3":0,"5.0-5.1":0,"6.0-6.1":0,"7.0-7.1":0.15652786613,"8":0,"8.1-8.4":0.237620616052,"9.0-9.2":0.159356682987,"9.3":1.00988761822,"10.0-10.2":7.56519921661},"android":{"2.1":0,"2.2":0,"2.3":0,"3":0,"4":0.0395871993243,"4.1":0.130072226351,"4.2-4.3":0.372442834459,"4.4":0.85879985473,"4.4.3-4.4.4":0.512209885135,"53":null},"op_mob":{"10":0,"11":0,"11.1":0,"11.5":0,"12":0,"12.1":0,"0":0.0166569614792},"ie":{"5.5":null,"6":0.019156778157,"7":0.025542370876,"8":0.38313556314,"9":0.274580486917,"10":0.261809301479,"11":4.64871149943},"edge":{"12":0.12656,"13":0.367024,"14":2.176832,"15":null},"bb":{"7":0.016524,"10":null},"ie_mob":{"10":0.2548368,"11":1.0193472},"and_ff":{"0":0.058752},"samsung":{"0":3.719736},"and_uc":{"0":0.396576},"op_mini":{"0":0.218351038521},"and_chr":{"0":19.937376}},"total":97.877948}