{"id":"JE","name":"Jersey","month":"2016-12","access_date":"2017-01-17","data":{"chrome":{"4":null,"5":null,"6":null,"7":null,"8":null,"9":null,"10":null,"11":null,"12":null,"13":null,"14":null,"15":0.010658,"16":null,"17":null,"18":null,"19":null,"20":null,"21":null,"22":0.058619,"23":null,"24":null,"25":null,"26":0.005329,"27":null,"28":0.021316,"29":null,"30":null,"31":null,"32":0.042632,"33":0.005329,"34":0.005329,"35":null,"36":null,"37":null,"38":0.05329,"39":0.010658,"40":null,"41":0.010658,"42":null,"43":0.015987,"44":0.021316,"45":null,"46":0.015987,"47":0.010658,"48":0.010658,"49":0.900601,"50":0.015987,"51":0.042632,"52":0.090593,"53":0.250463,"54":11.025701,"55":12.166107,"56":0.031974,"57":0.058619,"58":null},"firefox":{"2":null,"3":null,"3.5":null,"3.6":null,"4":null,"5":null,"6":null,"7":null,"8":null,"9":null,"10":null,"11":null,"12":0.010658,"13":0.021316,"14":null,"15":null,"16":0.015987,"17":null,"18":0.005329,"19":0.031974,"20":null,"21":0.021316,"22":null,"23":null,"24":null,"25":null,"26":0.010658,"27":null,"28":null,"29":null,"30":null,"31":null,"32":null,"33":0.047961,"34":null,"35":0.005329,"36":null,"37":null,"38":null,"39":null,"40":0.010658,"41":0.015987,"42":0.010658,"43":0.026645,"44":0.010658,"45":0.026645,"46":0.010658,"47":0.095922,"48":0.143883,"49":0.127896,"50":4.364451,"51":0.133225,"52":null,"53":null},"opera":{"9":null,"9.5-9.6":null,"10.0-10.1":0,"10.5":null,"10.6":null,"11":null,"11.1":null,"11.5":null,"11.6":null,"12":null,"12.1":0.010658,"15":null,"16":null,"17":0.010658,"18":null,"19":null,"20":null,"21":null,"22":null,"23":null,"24":null,"25":null,"26":null,"27":null,"28":0.005329,"29":null,"30":null,"31":null,"32":null,"33":null,"34":null,"35":null,"36":0.010658,"37":null,"38":null,"39":null,"40":null,"41":0.117238,"42":0.090593,"43":null,"44":null},"safari":{"3.1":null,"3.2":null,"4":0.021316,"5":0.031974,"5.1":0.341056,"6":0.015987,"6.1":0.175857,"7":0.037303,"7.1":0.021316,"8":0.490268,"9":0.31974,"9.1":1.742583,"10":4.63623,"0":null},"ios_saf":{"3.2":0,"4.0-4.1":0,"4.2-4.3":0,"5.0-5.1":0,"6.0-6.1":0,"7.0-7.1":0.48186605516,"8":0,"8.1-8.4":0.731507505423,"9.0-9.2":0.490574477843,"9.3":3.10890689805,"10.0-10.2":23.2892250635},"android":{"2.1":0,"2.2":0,"2.3":0,"3":0,"4":0.0134379189189,"4.1":0.0441531621622,"4.2-4.3":0.126426135135,"4.4":0.291520567568,"4.4.3-4.4.4":0.173870216216,"53":null},"op_mob":{"10":0,"11":0,"11.1":0,"11.5":0,"12":0,"12.1":0,"0":0.00529829275809},"ie":{"5.5":null,"6":null,"7":0.005329,"8":0.21316,"9":0.314411,"10":0.452965,"11":9.810689},"edge":{"12":0.090593,"13":0.357043,"14":2.909634,"15":null},"bb":{"7":0.074752,"10":null},"ie_mob":{"10":0.1560448,"11":0.6241792},"and_ff":{"0":0.037376},"samsung":{"0":4.774784},"and_uc":{"0":0.168192},"op_mini":{"0":0.0694537072419},"and_chr":{"0":11.556922}},"total":98.479993}