{"id":"JM","name":"Jamaica","month":"2016-12","access_date":"2017-01-17","data":{"chrome":{"4":null,"5":null,"6":null,"7":null,"8":null,"9":null,"10":0.011768,"11":0.017652,"12":0.011768,"13":null,"14":null,"15":null,"16":null,"17":null,"18":0.023536,"19":null,"20":null,"21":0.023536,"22":0.070608,"23":null,"24":0.005884,"25":null,"26":0.017652,"27":null,"28":0.02942,"29":0.005884,"30":null,"31":0.023536,"32":0.076492,"33":0.017652,"34":0.023536,"35":0.011768,"36":0.453068,"37":0.02942,"38":0.017652,"39":0.047072,"40":0.017652,"41":0.017652,"42":0.017652,"43":0.211824,"44":0.02942,"45":0.052956,"46":0.052956,"47":0.070608,"48":0.047072,"49":1.312132,"50":0.123564,"51":0.488372,"52":0.576632,"53":0.400112,"54":18.375732,"55":16.88708,"56":0.270664,"57":0.158868,"58":null},"firefox":{"2":null,"3":null,"3.5":0.011768,"3.6":0.005884,"4":null,"5":null,"6":null,"7":null,"8":null,"9":null,"10":0.005884,"11":0.005884,"12":null,"13":null,"14":null,"15":null,"16":0.005884,"17":null,"18":null,"19":null,"20":null,"21":null,"22":null,"23":null,"24":null,"25":0.005884,"26":null,"27":null,"28":0.005884,"29":null,"30":null,"31":null,"32":null,"33":null,"34":0.011768,"35":null,"36":null,"37":0.017652,"38":0.035304,"39":0.017652,"40":0.005884,"41":0.017652,"42":0.017652,"43":0.094144,"44":0.041188,"45":0.05884,"46":0.035304,"47":0.2942,"48":0.258896,"49":0.188288,"50":4.195292,"51":0.300084,"52":0.017652,"53":null},"opera":{"9":null,"9.5-9.6":null,"10.0-10.1":0,"10.5":null,"10.6":null,"11":null,"11.1":null,"11.5":null,"11.6":null,"12":null,"12.1":0.035304,"15":null,"16":null,"17":null,"18":null,"19":null,"20":null,"21":null,"22":null,"23":null,"24":null,"25":null,"26":null,"27":0.005884,"28":null,"29":0.05884,"30":null,"31":null,"32":null,"33":0.02942,"34":null,"35":null,"36":0.017652,"37":0.135332,"38":0.041188,"39":null,"40":0.005884,"41":0.370692,"42":0.152984,"43":null,"44":null},"safari":{"3.1":null,"3.2":null,"4":0.005884,"5":0.011768,"5.1":0.070608,"6":0.017652,"6.1":0.017652,"7":0.017652,"7.1":0.011768,"8":0.082376,"9":0.094144,"9.1":0.358924,"10":1.471,"0":null},"ios_saf":{"3.2":0,"4.0-4.1":0,"4.2-4.3":0,"5.0-5.1":0,"6.0-6.1":0,"7.0-7.1":0.0972314864167,"8":0,"8.1-8.4":0.147604425163,"9.0-9.2":0.0989886819543,"9.3":0.627318806941,"10.0-10.2":4.69932659952},"android":{"2.1":0,"2.2":0,"2.3":0,"3":0,"4":0.104564096284,"4.1":0.343567744932,"4.2-4.3":0.983756089527,"4.4":2.26840070101,"4.4.3-4.4.4":1.35293136824,"53":null},"op_mob":{"10":0,"11":0,"11.1":0,"11.5":0,"12":0,"12.1":0,"0":0.130082187982},"ie":{"5.5":null,"6":null,"7":0.0118208898876,"8":0.153671568539,"9":0.171402903371,"10":0.159582013483,"11":2.13367062472},"edge":{"12":0.188288,"13":0.517792,"14":2.330064,"15":null},"bb":{"7":0.12653625,"10":null},"ie_mob":{"10":0.095468,"11":0.381872},"and_ff":{"0":0.04938},"samsung":{"0":2.76528},"and_uc":{"0":1.864095},"op_mini":{"0":1.70520781202},"and_chr":{"0":25.708716}},"total":97.91260325}