{"id":"JO","name":"Jordan","month":"2016-12","access_date":"2017-01-17","data":{"chrome":{"4":null,"5":null,"6":0.004069,"7":0.004069,"8":0.008138,"9":null,"10":0.004069,"11":0.028483,"12":0.008138,"13":0.008138,"14":0.008138,"15":0.004069,"16":null,"17":0.012207,"18":0.020345,"19":0.020345,"20":0.008138,"21":0.008138,"22":0.024414,"23":0.020345,"24":0.016276,"25":0.012207,"26":0.012207,"27":0.024414,"28":0.032552,"29":0.024414,"30":0.048828,"31":0.048828,"32":0.04069,"33":0.069173,"34":0.012207,"35":0.020345,"36":0.069173,"37":0.016276,"38":0.036621,"39":0.036621,"40":0.036621,"41":0.028483,"42":0.016276,"43":0.231933,"44":0.073242,"45":0.028483,"46":0.024414,"47":0.089518,"48":0.073242,"49":1.444495,"50":0.08138,"51":0.288899,"52":0.382486,"53":0.264485,"54":11.747203,"55":13.26494,"56":0.089518,"57":0.048828,"58":null},"firefox":{"2":null,"3":0.008138,"3.5":null,"3.6":0.016276,"4":null,"5":null,"6":null,"7":null,"8":null,"9":null,"10":0.004069,"11":0.004069,"12":0.008138,"13":0.008138,"14":null,"15":null,"16":0.004069,"17":null,"18":0.008138,"19":null,"20":null,"21":0.004069,"22":null,"23":null,"24":0.004069,"25":null,"26":null,"27":0.004069,"28":null,"29":0.008138,"30":0.008138,"31":0.008138,"32":0.004069,"33":0.012207,"34":0.012207,"35":0.028483,"36":0.008138,"37":0.016276,"38":0.024414,"39":0.012207,"40":0.020345,"41":0.024414,"42":0.008138,"43":0.093587,"44":0.044759,"45":0.061035,"46":0.048828,"47":0.240071,"48":0.179036,"49":0.134277,"50":2.893059,"51":0.113932,"52":0.004069,"53":null},"opera":{"9":null,"9.5-9.6":null,"10.0-10.1":0,"10.5":null,"10.6":null,"11":null,"11.1":null,"11.5":null,"11.6":null,"12":null,"12.1":0.012207,"15":null,"16":null,"17":null,"18":null,"19":0.008138,"20":null,"21":null,"22":null,"23":null,"24":null,"25":null,"26":null,"27":null,"28":0.008138,"29":null,"30":null,"31":null,"32":null,"33":null,"34":null,"35":null,"36":0.016276,"37":0.012207,"38":0.04069,"39":null,"40":0.008138,"41":0.297037,"42":0.154622,"43":null,"44":null},"safari":{"3.1":null,"3.2":null,"4":0.008138,"5":0.016276,"5.1":0.04069,"6":0.008138,"6.1":0.012207,"7":0.024414,"7.1":null,"8":0.061035,"9":0.069173,"9.1":0.317382,"10":0.642902,"0":null},"ios_saf":{"3.2":0,"4.0-4.1":0,"4.2-4.3":0,"5.0-5.1":0,"6.0-6.1":0,"7.0-7.1":0.11807229687,"8":0,"8.1-8.4":0.179242281996,"9.0-9.2":0.120206133561,"9.3":0.761779698482,"10.0-10.2":5.70659058909},"android":{"2.1":0,"2.2":0,"2.3":0,"3":0,"4":0.119782155405,"4.1":0.393569939189,"4.2-4.3":1.12693007432,"4.4":2.59853941216,"4.4.3-4.4.4":1.54983441892,"53":null},"op_mob":{"10":0,"11":0,"11.1":0,"11.5":0,"12":0,"12.1":0,"0":0.117706132512},"ie":{"5.5":null,"6":0.0209126618304,"7":0.0167301294643,"8":0.631562387277,"9":0.309507395089,"10":0.33042005692,"11":2.43841636942},"edge":{"12":0.065104,"13":0.179036,"14":0.634764,"15":null},"bb":{"7":0.0148275,"10":null},"ie_mob":{"10":0.1459026,"11":0.5836104},"and_ff":{"0":0.029655},"samsung":{"0":5.272659},"and_uc":{"0":1.316682},"op_mini":{"0":1.54297386749},"and_chr":{"0":37.64151}},"total":98.7320625}