{"id":"JP","name":"Japan","month":"2016-12","access_date":"2017-01-17","data":{"chrome":{"4":null,"5":null,"6":null,"7":null,"8":null,"9":null,"10":null,"11":0.013474,"12":null,"13":null,"14":null,"15":null,"16":null,"17":0.020211,"18":null,"19":null,"20":null,"21":0.013474,"22":0.013474,"23":null,"24":null,"25":null,"26":null,"27":0.013474,"28":null,"29":0.040422,"30":null,"31":0.013474,"32":0.006737,"33":0.013474,"34":0.006737,"35":0.013474,"36":0.053896,"37":0.006737,"38":0.013474,"39":0.128003,"40":0.013474,"41":0.047159,"42":0.074107,"43":0.20211,"44":0.026948,"45":0.208847,"46":0.026948,"47":0.060633,"48":0.296428,"49":1.744883,"50":0.262743,"51":1.401296,"52":0.397483,"53":0.397483,"54":10.583827,"55":10.118974,"56":0.074107,"57":0.047159,"58":null},"firefox":{"2":null,"3":0.040422,"3.5":null,"3.6":0.026948,"4":null,"5":null,"6":null,"7":null,"8":null,"9":null,"10":0.013474,"11":null,"12":0.013474,"13":0.006737,"14":null,"15":null,"16":0.033685,"17":null,"18":null,"19":0.013474,"20":null,"21":0.013474,"22":null,"23":null,"24":0.013474,"25":0.006737,"26":null,"27":null,"28":0.013474,"29":0.006737,"30":null,"31":0.013474,"32":null,"33":0.020211,"34":0.020211,"35":0.047159,"36":0.040422,"37":0.026948,"38":0.080844,"39":0.033685,"40":0.026948,"41":0.026948,"42":0.033685,"43":0.175162,"44":0.047159,"45":0.242532,"46":0.154951,"47":0.660226,"48":0.714122,"49":0.262743,"50":8.791785,"51":0.053896,"52":0.013474,"53":null},"opera":{"9":null,"9.5-9.6":null,"10.0-10.1":0,"10.5":null,"10.6":0.026948,"11":null,"11.1":null,"11.5":null,"11.6":0.006737,"12":null,"12.1":0.188636,"15":null,"16":null,"17":null,"18":null,"19":null,"20":null,"21":null,"22":null,"23":null,"24":null,"25":null,"26":null,"27":null,"28":0.013474,"29":null,"30":null,"31":null,"32":null,"33":null,"34":null,"35":null,"36":0.026948,"37":0.026948,"38":0.208847,"39":0.013474,"40":0.006737,"41":0.20211,"42":0.121266,"43":null,"44":null},"safari":{"3.1":null,"3.2":null,"4":0.087581,"5":0.121266,"5.1":0.343587,"6":0.080844,"6.1":0.235795,"7":0.094318,"7.1":0.033685,"8":0.229058,"9":0.208847,"9.1":1.071183,"10":2.128892,"0":null},"ios_saf":{"3.2":0,"4.0-4.1":0,"4.2-4.3":0,"5.0-5.1":0,"6.0-6.1":0,"7.0-7.1":0.389024695176,"8":0,"8.1-8.4":0.590567609544,"9.0-9.2":0.396055261956,"9.3":2.50991234056,"10.0-10.2":18.8020790928},"android":{"2.1":0,"2.2":0,"2.3":0,"3":0,"4":0.0278181773649,"4.1":0.0914025827703,"4.2-4.3":0.261717954392,"4.4":0.603484133446,"4.4.3-4.4.4":0.359933152027,"53":null},"op_mob":{"10":0,"11":0,"11.1":0,"11.5":0,"12":0,"12.1":0,"0":0.0069382742681},"ie":{"5.5":null,"6":0.112118729494,"7":0.0981038883072,"8":1.06512793019,"9":0.742786582897,"10":0.574608488656,"11":13.4682623805},"edge":{"12":0.047159,"13":0.323376,"14":2.789118,"15":null},"bb":{"7":0.009789,"10":null},"ie_mob":{"10":0.0117468,"11":0.0469872},"and_ff":{"0":0.039156},"samsung":{"0":0.730912},"and_uc":{"0":0.212095},"op_mini":{"0":0.0909517257319},"and_chr":{"0":9.178562}},"total":97.100814}