{"id":"KE","name":"Kenya","month":"2016-12","access_date":"2017-01-17","data":{"chrome":{"4":null,"5":null,"6":null,"7":null,"8":null,"9":null,"10":null,"11":0.016392,"12":null,"13":null,"14":null,"15":null,"16":null,"17":null,"18":0.000683,"19":null,"20":null,"21":null,"22":0.001366,"23":null,"24":0.000683,"25":0.003415,"26":0.000683,"27":0.002049,"28":0.001366,"29":0.002732,"30":0.002049,"31":0.00683,"32":0.006147,"33":0.004781,"34":0.004781,"35":0.002049,"36":0.016392,"37":0.001366,"38":0.004098,"39":0.003415,"40":0.003415,"41":0.001366,"42":0.001366,"43":0.019124,"44":0.002732,"45":0.006147,"46":0.004098,"47":0.005464,"48":0.003415,"49":0.124306,"50":0.012294,"51":0.028003,"52":0.04098,"53":0.038248,"54":1.331167,"55":1.171345,"56":0.015026,"57":0.00683,"58":null},"firefox":{"2":null,"3":0.004098,"3.5":null,"3.6":0.002732,"4":0.001366,"5":0.000683,"6":null,"7":0.001366,"8":null,"9":0.000683,"10":0.002049,"11":0.002049,"12":0.004098,"13":0.002049,"14":0.003415,"15":0.002732,"16":0.004098,"17":0.001366,"18":0.003415,"19":0.002732,"20":0.010928,"21":0.002732,"22":0.001366,"23":0.001366,"24":0.002732,"25":0.002049,"26":0.001366,"27":0.002049,"28":0.002732,"29":0.005464,"30":0.009562,"31":0.006147,"32":0.006147,"33":0.00683,"34":0.010245,"35":0.007513,"36":0.00683,"37":0.010245,"38":0.012977,"39":0.010928,"40":0.008879,"41":0.014343,"42":0.010928,"43":0.062153,"44":0.077862,"45":0.03415,"46":0.028686,"47":0.137283,"48":0.060787,"49":0.128404,"50":1.456156,"51":0.201485,"52":0.002049,"53":null},"opera":{"9":null,"9.5-9.6":null,"10.0-10.1":0,"10.5":null,"10.6":null,"11":null,"11.1":null,"11.5":null,"11.6":0.001366,"12":null,"12.1":0.011611,"15":0.000683,"16":null,"17":null,"18":0.000683,"19":0.000683,"20":null,"21":null,"22":null,"23":null,"24":null,"25":null,"26":null,"27":0.000683,"28":0.002732,"29":0.005464,"30":0.002049,"31":0.000683,"32":0.004781,"33":0.015709,"34":0.005464,"35":0.006147,"36":0.008196,"37":0.121574,"38":0.007513,"39":0.002732,"40":0.003415,"41":0.091522,"42":0.038931,"43":0.000683,"44":null},"safari":{"3.1":null,"3.2":null,"4":0.001366,"5":0.001366,"5.1":0.002049,"6":0.000683,"6.1":0.000683,"7":0.001366,"7.1":0.003415,"8":0.008196,"9":0.00683,"9.1":0.019124,"10":0.079911,"0":null},"ios_saf":{"3.2":0,"4.0-4.1":0,"4.2-4.3":0,"5.0-5.1":0,"6.0-6.1":0,"7.0-7.1":0.00575068856523,"8":0,"8.1-8.4":0.00872996095445,"9.0-9.2":0.00585461667183,"9.3":0.0371023340564,"10.0-10.2":0.277938399752},"android":{"2.1":0,"2.2":0,"2.3":0,"3":0,"4":0.0506990253378,"4.1":0.166582511824,"4.2-4.3":0.47698470777,"4.4":1.09985844764,"4.4.3-4.4.4":0.655983307432,"53":null},"op_mob":{"10":0,"11":0,"11.1":0,"11.5":0,"12":0,"12.1":0,"0":5.65878816641},"ie":{"5.5":null,"6":null,"7":null,"8":0.0325563333333,"9":0.0137460074074,"10":0.0137460074074,"11":0.135289651852},"edge":{"12":0.017758,"13":0.021173,"14":0.062153,"15":null},"bb":{"7":0.027948,"10":null},"ie_mob":{"10":0.177004,"11":0.708016},"and_ff":{"0":0.018632},"samsung":{"0":0.74528},"and_uc":{"0":2.366264},"op_mini":{"0":74.1793318336},"and_chr":{"0":6.637235}},"total":99.337605}