{"id":"KG","name":"Kyrgyzstan","month":"2016-12","access_date":"2017-01-17","data":{"chrome":{"4":0.045843,"5":0.039294,"6":0.052392,"7":0.078588,"8":0.072039,"9":0.039294,"10":0.085137,"11":0.085137,"12":0.111333,"13":0.06549,"14":0.091686,"15":0.163725,"16":0.085137,"17":0.163725,"18":0.183372,"19":0.072039,"20":0.091686,"21":0.137529,"22":0.222666,"23":0.137529,"24":0.098235,"25":0.117882,"26":0.203019,"27":0.170274,"28":0.111333,"29":0.045843,"30":0.013098,"31":0.189921,"32":0.039294,"33":0.013098,"34":0.072039,"35":0.117882,"36":0.058941,"37":0.032745,"38":0.124431,"39":0.216117,"40":0.209568,"41":0.111333,"42":0.058941,"43":0.170274,"44":0.019647,"45":0.117882,"46":0.019647,"47":0.307803,"48":0.045843,"49":1.696191,"50":0.661449,"51":0.242313,"52":0.301254,"53":0.386391,"54":17.119086,"55":17.033949,"56":0.255411,"57":0.098235,"58":null},"firefox":{"2":0.06549,"3":0.216117,"3.5":0.360195,"3.6":1.316349,"4":0.032745,"5":0.019647,"6":0.006549,"7":0.013098,"8":0.013098,"9":0.032745,"10":0.058941,"11":0.026196,"12":0.052392,"13":0.026196,"14":0.026196,"15":0.058941,"16":0.039294,"17":0.052392,"18":0.026196,"19":0.052392,"20":0.052392,"21":0.045843,"22":0.019647,"23":0.019647,"24":0.045843,"25":0.052392,"26":null,"27":null,"28":0.006549,"29":null,"30":0.006549,"31":0.013098,"32":0.019647,"33":0.045843,"34":0.06549,"35":0.039294,"36":0.104784,"37":0.006549,"38":0.032745,"39":0.039294,"40":null,"41":0.006549,"42":0.019647,"43":0.06549,"44":0.013098,"45":0.032745,"46":0.019647,"47":0.222666,"48":0.104784,"49":0.085137,"50":2.68509,"51":0.045843,"52":null,"53":null},"opera":{"9":null,"9.5-9.6":null,"10.0-10.1":0.052392,"10.5":0.058941,"10.6":0.111333,"11":0.098235,"11.1":0.072039,"11.5":0.078588,"11.6":0.288156,"12":0.386391,"12.1":1.054389,"15":null,"16":0.006549,"17":0.019647,"18":0.045843,"19":0.026196,"20":0.072039,"21":0.026196,"22":0.026196,"23":null,"24":0.039294,"25":0.026196,"26":0.026196,"27":0.320901,"28":0.013098,"29":0.032745,"30":null,"31":null,"32":0.013098,"33":null,"34":0.006549,"35":0.006549,"36":0.235764,"37":0.039294,"38":0.091686,"39":0.026196,"40":0.013098,"41":2.010543,"42":0.903762,"43":null,"44":null},"safari":{"3.1":0.013098,"3.2":0.013098,"4":0.117882,"5":0.170274,"5.1":0.157176,"6":0.039294,"6.1":0.032745,"7":0.026196,"7.1":null,"8":0.039294,"9":0.013098,"9.1":0.111333,"10":0.726939,"0":null},"ios_saf":{"3.2":0,"4.0-4.1":0,"4.2-4.3":0,"5.0-5.1":0,"6.0-6.1":0,"7.0-7.1":0.0640857223427,"8":0,"8.1-8.4":0.0972867592191,"9.0-9.2":0.0652438980477,"9.3":0.413468726681,"10.0-10.2":3.09734789371},"android":{"2.1":0,"2.2":0,"2.3":0,"3":0,"4":0.0524863872466,"4.1":0.172455272382,"4.2-4.3":0.493800500422,"4.4":1.13863325802,"4.4.3-4.4.4":0.679109581926,"53":null},"op_mob":{"10":0,"11":0,"11.1":0,"11.5":0,"12":0,"12.1":0,"0":0.339506083205},"ie":{"5.5":null,"6":null,"7":0.0141508938907,"8":0.820751845659,"9":0.191037067524,"10":0.389149581994,"11":0.785374610932},"edge":{"12":0.019647,"13":0.052392,"14":0.373293,"15":null},"bb":{"7":0.006902,"10":null},"ie_mob":{"10":0.048314,"11":0.193256},"and_ff":{"0":null},"samsung":{"0":2.909193},"and_uc":{"0":3.647707},"op_mini":{"0":4.4504819168},"and_chr":{"0":16.747698}},"total":93.865779}