{"id":"KI","name":"Kiribati","month":"2016-12","access_date":"2017-01-17","data":{"chrome":{"4":null,"5":null,"6":null,"7":null,"8":null,"9":null,"10":null,"11":null,"12":0.024815,"13":null,"14":null,"15":null,"16":null,"17":null,"18":0.038995,"19":null,"20":null,"21":null,"22":null,"23":null,"24":null,"25":null,"26":null,"27":null,"28":0.053175,"29":null,"30":0.07799,"31":0.046085,"32":null,"33":null,"34":null,"35":null,"36":null,"37":null,"38":0.00709,"39":0.00709,"40":0.024815,"41":null,"42":null,"43":0.0709,"44":0.01418,"45":null,"46":0.08508,"47":0.01418,"48":0.031905,"49":0.053175,"50":null,"51":0.21979,"52":0.63101,"53":0.55302,"54":6.590155,"55":4.009395,"56":null,"57":null,"58":null},"firefox":{"2":null,"3":null,"3.5":0.046085,"3.6":null,"4":0.09217,"5":null,"6":null,"7":null,"8":null,"9":null,"10":null,"11":null,"12":null,"13":0.00709,"14":0.024815,"15":null,"16":null,"17":0.024815,"18":null,"19":0.01418,"20":null,"21":null,"22":0.00709,"23":null,"24":null,"25":null,"26":null,"27":null,"28":null,"29":null,"30":null,"31":null,"32":0.102805,"33":0.00709,"34":0.031905,"35":0.053175,"36":null,"37":0.01418,"38":0.07799,"39":0.024815,"40":0.32614,"41":null,"42":0.00709,"43":0.194975,"44":0.194975,"45":0.116985,"46":0.00709,"47":0.577835,"48":0.280055,"49":0.96424,"50":7.412595,"51":2.321975,"52":null,"53":null},"opera":{"9":null,"9.5-9.6":null,"10.0-10.1":0,"10.5":null,"10.6":null,"11":null,"11.1":null,"11.5":null,"11.6":null,"12":null,"12.1":null,"15":null,"16":null,"17":null,"18":null,"19":null,"20":null,"21":0.00709,"22":null,"23":null,"24":null,"25":null,"26":null,"27":null,"28":null,"29":0.046085,"30":null,"31":null,"32":null,"33":null,"34":0.00709,"35":null,"36":null,"37":null,"38":null,"39":null,"40":null,"41":3.456375,"42":0.428945,"43":null,"44":null},"safari":{"3.1":null,"3.2":null,"4":0,"5":0.00709,"5.1":null,"6":null,"6.1":0.031905,"7":null,"7.1":null,"8":null,"9":null,"9.1":0.031905,"10":0.287145,"0":null},"ios_saf":{"3.2":0,"4.0-4.1":0,"4.2-4.3":0,"5.0-5.1":0,"6.0-6.1":0,"7.0-7.1":0.0966269693214,"8":0,"8.1-8.4":0.146686724512,"9.0-9.2":0.0983732398513,"9.3":0.623418579176,"10.0-10.2":4.67010948714},"android":{"2.1":0,"2.2":0,"2.3":0,"3":0,"4":0.144122595017,"4.1":0.473545669341,"4.2-4.3":1.35592890414,"4.4":3.12657792863,"4.4.3-4.4.4":1.86476990287,"53":null},"op_mob":{"10":0,"11":0,"11.1":0,"11.5":0,"12":0,"12.1":0,"0":0.226929553159},"ie":{"5.5":null,"6":null,"7":0.0319806939502,"8":0.287826245552,"9":null,"10":0.16345688019,"11":2.50515435943},"edge":{"12":0.31905,"13":0.677095,"14":0.046085,"15":null},"bb":{"7":0,"10":null},"ie_mob":{"10":0.382136,"11":1.528544},"and_ff":{"0":null},"samsung":{"0":2.226975},"and_uc":{"0":2.05269},"op_mini":{"0":2.97475044684},"and_chr":{"0":43.692325}},"total":99.5037931791}