{"id":"KN","name":"Saint Kitts and Nevis","month":"2016-12","access_date":"2017-01-17","data":{"chrome":{"4":null,"5":null,"6":null,"7":null,"8":null,"9":null,"10":null,"11":0.012294,"12":null,"13":null,"14":null,"15":null,"16":null,"17":null,"18":0.006147,"19":null,"20":null,"21":null,"22":null,"23":null,"24":null,"25":null,"26":null,"27":null,"28":null,"29":null,"30":null,"31":null,"32":0.24588,"33":0.006147,"34":0.043029,"35":null,"36":null,"37":null,"38":null,"39":0.012294,"40":0.018441,"41":0.006147,"42":null,"43":0.049176,"44":0.006147,"45":null,"46":0.018441,"47":0.036882,"48":null,"49":1.241694,"50":0.036882,"51":0.153675,"52":0.178263,"53":0.190557,"54":21.45303,"55":16.848927,"56":0.055323,"57":0.036882,"58":null},"firefox":{"2":null,"3":null,"3.5":null,"3.6":0.006147,"4":null,"5":null,"6":null,"7":null,"8":null,"9":null,"10":null,"11":null,"12":0.006147,"13":null,"14":null,"15":null,"16":null,"17":null,"18":null,"19":null,"20":null,"21":null,"22":null,"23":null,"24":null,"25":null,"26":null,"27":null,"28":null,"29":null,"30":null,"31":0.006147,"32":null,"33":null,"34":0.030735,"35":null,"36":null,"37":null,"38":null,"39":0.018441,"40":null,"41":null,"42":0.030735,"43":0.012294,"44":0.024588,"45":0.043029,"46":0.006147,"47":0.092205,"48":0.12294,"49":0.227439,"50":3.952521,"51":0.086058,"52":null,"53":null},"opera":{"9":null,"9.5-9.6":null,"10.0-10.1":0,"10.5":null,"10.6":null,"11":null,"11.1":null,"11.5":null,"11.6":null,"12":null,"12.1":0.018441,"15":null,"16":null,"17":null,"18":null,"19":null,"20":null,"21":null,"22":null,"23":null,"24":null,"25":null,"26":null,"27":null,"28":null,"29":null,"30":null,"31":null,"32":null,"33":null,"34":null,"35":0.006147,"36":0.006147,"37":0.030735,"38":null,"39":null,"40":null,"41":0.497907,"42":0.110646,"43":null,"44":null},"safari":{"3.1":null,"3.2":null,"4":0,"5":0.036882,"5.1":0.055323,"6":0.012294,"6.1":0.049176,"7":0.012294,"7.1":null,"8":0.06147,"9":0.116793,"9.1":0.688464,"10":2.993589,"0":null},"ios_saf":{"3.2":0,"4.0-4.1":0,"4.2-4.3":0,"5.0-5.1":0,"6.0-6.1":0,"7.0-7.1":0.134214009297,"8":0,"8.1-8.4":0.20374656833,"9.0-9.2":0.136639563681,"9.3":0.865922915401,"10.0-10.2":6.48674094329},"android":{"2.1":0,"2.2":0,"2.3":0,"3":0,"4":0.0579475489865,"4.1":0.190399089527,"4.2-4.3":0.545180001689,"4.4":1.25710703209,"4.4.3-4.4.4":0.749770327703,"53":null},"op_mob":{"10":0,"11":0,"11.1":0,"11.5":0,"12":0,"12.1":0,"0":0.0106479013867},"ie":{"5.5":null,"6":null,"7":null,"8":0.055323,"9":0.06147,"10":0.12294,"11":3.159558},"edge":{"12":0.258174,"13":0.547083,"14":3.798846,"15":null},"bb":{"7":0.062595,"10":null},"ie_mob":{"10":0.0362088,"11":0.1448352},"and_ff":{"0":0.007704},"samsung":{"0":4.741812},"and_uc":{"0":0.496908},"op_mini":{"0":0.139580098613},"and_chr":{"0":24.021711}},"total":98.311203}