{"id":"KP","name":"North Korea","month":"2016-12","access_date":"2017-01-17","data":{"chrome":{"4":null,"5":null,"6":null,"7":null,"8":null,"9":null,"10":null,"11":0.019018,"12":0.114108,"13":null,"14":null,"15":null,"16":null,"17":null,"18":0.047545,"19":null,"20":null,"21":null,"22":6.076251,"23":null,"24":null,"25":null,"26":null,"27":0.066563,"28":0.684648,"29":0.313797,"30":0.152144,"31":6.190359,"32":null,"33":null,"34":0.085581,"35":0.047545,"36":null,"37":0.019018,"38":null,"39":0.019018,"40":5.458166,"41":0.019018,"42":null,"43":1.549967,"44":13.835595,"45":6.694336,"46":0.133126,"47":0.047545,"48":0.199689,"49":3.670474,"50":0.114108,"51":0.817774,"52":0.931882,"53":4.440703,"54":6.808444,"55":3.651456,"56":null,"57":null,"58":null},"firefox":{"2":null,"3":null,"3.5":null,"3.6":null,"4":null,"5":0.066563,"6":0.047545,"7":null,"8":null,"9":null,"10":null,"11":null,"12":null,"13":null,"14":null,"15":null,"16":null,"17":null,"18":null,"19":null,"20":null,"21":null,"22":null,"23":null,"24":0.066563,"25":null,"26":null,"27":null,"28":null,"29":null,"30":0.047545,"31":null,"32":null,"33":null,"34":null,"35":null,"36":null,"37":null,"38":0.199689,"39":0.180671,"40":0.085581,"41":null,"42":null,"43":0.465941,"44":0.133126,"45":0.532504,"46":0.085581,"47":1.217152,"48":1.131571,"49":4.202978,"50":14.196937,"51":0.066563,"52":null,"53":null},"opera":{"9":null,"9.5-9.6":null,"10.0-10.1":0,"10.5":null,"10.6":null,"11":null,"11.1":null,"11.5":null,"11.6":null,"12":null,"12.1":null,"15":null,"16":null,"17":null,"18":null,"19":null,"20":null,"21":null,"22":null,"23":null,"24":null,"25":null,"26":null,"27":null,"28":null,"29":null,"30":null,"31":null,"32":null,"33":null,"34":null,"35":null,"36":null,"37":null,"38":null,"39":null,"40":null,"41":0.399378,"42":0.903355,"43":null,"44":null},"safari":{"3.1":null,"3.2":null,"4":0,"5":null,"5.1":0.066563,"6":null,"6.1":null,"7":null,"7.1":null,"8":0.066563,"9":0.019018,"9.1":0.019018,"10":2.719574,"0":null},"ios_saf":{"3.2":0,"4.0-4.1":0,"4.2-4.3":0,"5.0-5.1":0,"6.0-6.1":0,"7.0-7.1":0.0261050903832,"8":0,"8.1-8.4":0.0396294143167,"9.0-9.2":0.0265768691251,"9.3":0.168425010846,"10.0-10.2":1.26169361533},"android":{"2.1":0,"2.2":0,"2.3":0,"3":0,"4":0.0073814527027,"4.1":0.0242533445946,"4.2-4.3":0.0694459121622,"4.4":0.160132331081,"4.4.3-4.4.4":0.0955069594595,"53":null},"op_mob":{"10":0,"11":0,"11.1":0,"11.5":0,"12":0,"12.1":0,"0":0.00170178736518},"ie":{"5.5":null,"6":0.0909298125,"7":null,"8":0.3738225625,"9":0.12123975,"10":0.12123975,"11":3.010787125},"edge":{"12":0.019018,"13":0.019018,"14":0.247234,"15":null},"bb":{"7":0.023765,"10":null},"ie_mob":{"10":0.004802,"11":0.019208},"and_ff":{"0":null},"samsung":{"0":0.26166},"and_uc":{"0":0.23765},"op_mini":{"0":0.0223082126348},"and_chr":{"0":2.464041}},"total":98.045432}