{"id":"KR","name":"South Korea","month":"2016-12","access_date":"2017-01-17","data":{"chrome":{"4":null,"5":null,"6":null,"7":null,"8":null,"9":null,"10":null,"11":0.01257,"12":null,"13":null,"14":null,"15":null,"16":null,"17":null,"18":0.018855,"19":null,"20":null,"21":null,"22":0.018855,"23":null,"24":null,"25":null,"26":0.006285,"27":0.06285,"28":null,"29":0.018855,"30":0.006285,"31":0.91761,"32":0.006285,"33":0.006285,"34":0.01257,"35":0.006285,"36":0.006285,"37":null,"38":0.02514,"39":0.01257,"40":0.006285,"41":0.006285,"42":0.16341,"43":0.094275,"44":0.03771,"45":0.069135,"46":0.031425,"47":0.031425,"48":0.10056,"49":1.275855,"50":0.10056,"51":0.21369,"52":0.194835,"53":0.207405,"54":14.084685,"55":14.68176,"56":0.05028,"57":0.03771,"58":null},"firefox":{"2":null,"3":0.006285,"3.5":null,"3.6":0.018855,"4":null,"5":null,"6":null,"7":null,"8":null,"9":null,"10":null,"11":null,"12":null,"13":null,"14":null,"15":null,"16":null,"17":null,"18":null,"19":null,"20":null,"21":null,"22":null,"23":null,"24":null,"25":null,"26":null,"27":null,"28":null,"29":null,"30":null,"31":null,"32":null,"33":null,"34":null,"35":null,"36":null,"37":null,"38":0.006285,"39":null,"40":null,"41":null,"42":null,"43":0.01257,"44":0.01257,"45":0.031425,"46":0.018855,"47":0.056565,"48":0.106845,"49":0.02514,"50":1.10616,"51":0.031425,"52":null,"53":null},"opera":{"9":null,"9.5-9.6":null,"10.0-10.1":0,"10.5":null,"10.6":null,"11":null,"11.1":null,"11.5":null,"11.6":null,"12":null,"12.1":0.01257,"15":null,"16":null,"17":null,"18":null,"19":null,"20":null,"21":null,"22":null,"23":null,"24":null,"25":null,"26":null,"27":null,"28":null,"29":null,"30":null,"31":null,"32":null,"33":null,"34":null,"35":null,"36":0.02514,"37":0.01257,"38":0.02514,"39":null,"40":null,"41":0.18855,"42":0.131985,"43":null,"44":null},"safari":{"3.1":null,"3.2":null,"4":0.018855,"5":0.01257,"5.1":0.043995,"6":0.02514,"6.1":0.02514,"7":0.031425,"7.1":0.006285,"8":0.1257,"9":0.10056,"9.1":0.358245,"10":0.961605,"0":null},"ios_saf":{"3.2":0,"4.0-4.1":0,"4.2-4.3":0,"5.0-5.1":0,"6.0-6.1":0,"7.0-7.1":0.106855439727,"8":0,"8.1-8.4":0.162214281996,"9.0-9.2":0.108786562132,"9.3":0.689410698482,"10.0-10.2":5.16446501766},"android":{"2.1":0,"2.2":0,"2.3":0,"3":0,"4":0.0314494746622,"4.1":0.103333988176,"4.2-4.3":0.29588179223,"4.4":0.682261052365,"4.4.3-4.4.4":0.406917692568,"53":null},"op_mob":{"10":0,"11":0,"11.1":0,"11.5":0,"12":0,"12.1":0,"0":0.00711135901387},"ie":{"5.5":null,"6":0.0378712457241,"7":0.0378712457241,"8":1.0477711317,"9":1.0477711317,"10":1.5464092004,"11":18.4243610448},"edge":{"12":0.02514,"13":0.15084,"14":1.363845,"15":null},"bb":{"7":0.003716,"10":null},"ie_mob":{"10":0.0014864,"11":0.0059456},"and_ff":{"0":0.011148},"samsung":{"0":10.036916},"and_uc":{"0":0.163504},"op_mini":{"0":0.0932206409861},"and_chr":{"0":20.593447}},"total":98.413281}