{"id":"KW","name":"Kuwait","month":"2016-12","access_date":"2017-01-17","data":{"chrome":{"4":null,"5":null,"6":null,"7":null,"8":null,"9":null,"10":null,"11":0.005242,"12":null,"13":null,"14":null,"15":null,"16":null,"17":null,"18":0.005242,"19":0.005242,"20":0.002621,"21":0.005242,"22":0.005242,"23":null,"24":null,"25":null,"26":0.007863,"27":0.005242,"28":0.010484,"29":0.005242,"30":0.015726,"31":0.060283,"32":0.02621,"33":0.020968,"34":0.015726,"35":0.007863,"36":0.02621,"37":0.002621,"38":0.018347,"39":0.020968,"40":0.007863,"41":0.013105,"42":0.007863,"43":0.196575,"44":0.034073,"45":0.023589,"46":0.020968,"47":0.023589,"48":0.020968,"49":0.720775,"50":0.028831,"51":0.162502,"52":0.107461,"53":0.141534,"54":6.628509,"55":6.903714,"56":0.083872,"57":0.044557,"58":null},"firefox":{"2":null,"3":0.005242,"3.5":0.002621,"3.6":0.013105,"4":null,"5":null,"6":0.002621,"7":null,"8":null,"9":null,"10":0.010484,"11":0.007863,"12":0.015726,"13":null,"14":null,"15":null,"16":0.005242,"17":null,"18":null,"19":null,"20":null,"21":null,"22":0.005242,"23":null,"24":null,"25":null,"26":null,"27":0.007863,"28":0.002621,"29":0.002621,"30":null,"31":null,"32":null,"33":0.002621,"34":0.002621,"35":0.002621,"36":null,"37":0.005242,"38":0.015726,"39":0.013105,"40":0.005242,"41":0.010484,"42":0.007863,"43":0.031452,"44":0.034073,"45":0.049799,"46":0.068146,"47":0.13105,"48":0.204438,"49":0.094356,"50":1.871394,"51":0.099598,"52":null,"53":null},"opera":{"9":null,"9.5-9.6":null,"10.0-10.1":0,"10.5":null,"10.6":null,"11":null,"11.1":null,"11.5":null,"11.6":null,"12":null,"12.1":0.005242,"15":null,"16":null,"17":null,"18":null,"19":null,"20":null,"21":null,"22":null,"23":null,"24":null,"25":null,"26":null,"27":null,"28":0.002621,"29":null,"30":null,"31":null,"32":null,"33":null,"34":null,"35":null,"36":0.007863,"37":0.005242,"38":0.015726,"39":0.007863,"40":0.002621,"41":0.193954,"42":0.110082,"43":null,"44":null},"safari":{"3.1":null,"3.2":null,"4":0.002621,"5":0.028831,"5.1":0.047178,"6":0.031452,"6.1":0.013105,"7":0.034073,"7.1":0.007863,"8":0.162502,"9":0.128429,"9.1":0.401013,"10":1.07461,"0":null},"ios_saf":{"3.2":0,"4.0-4.1":0,"4.2-4.3":0,"5.0-5.1":0,"6.0-6.1":0,"7.0-7.1":0.243153151121,"8":0,"8.1-8.4":0.369124060738,"9.0-9.2":0.247547485177,"9.3":1.56877725813,"10.0-10.2":11.7519140448},"android":{"2.1":0,"2.2":0,"2.3":0,"3":0,"4":0.0476329662162,"4.1":0.156508317568,"4.2-4.3":0.448138722973,"4.4":1.03334373649,"4.4.3-4.4.4":0.616312256757,"53":null},"op_mob":{"10":0,"11":0,"11.1":0,"11.5":0,"12":0,"12.1":0,"0":0.489471753467},"ie":{"5.5":null,"6":0.00263156854839,"7":0.0105262741935,"8":0.234209600806,"9":0.421050967742,"10":0.244735875,"11":2.99472500806},"edge":{"12":0.05242,"13":0.193954,"14":0.781058,"15":null},"bb":{"7":0.0092225,"10":null},"ie_mob":{"10":0.0383656,"11":0.1534624},"and_ff":{"0":0.022134},"samsung":{"0":4.773566},"and_uc":{"0":19.470542},"op_mini":{"0":6.41633624653},"and_chr":{"0":23.315729}},"total":96.5634977944}