{"id":"KY","name":"Cayman Islands","month":"2016-12","access_date":"2017-01-17","data":{"chrome":{"4":null,"5":null,"6":0.02723,"7":null,"8":null,"9":null,"10":null,"11":0.005446,"12":0.02723,"13":null,"14":null,"15":null,"16":null,"17":null,"18":null,"19":null,"20":null,"21":0.005446,"22":0.032676,"23":null,"24":null,"25":0.049014,"26":0.021784,"27":null,"28":0.005446,"29":null,"30":null,"31":0.010892,"32":null,"33":null,"34":0.032676,"35":0.049014,"36":0.185164,"37":0.103474,"38":0.032676,"39":null,"40":0.010892,"41":0.059906,"42":0.010892,"43":0.016338,"44":0.043568,"45":0.038122,"46":0.010892,"47":0.032676,"48":0.010892,"49":1.339716,"50":0.032676,"51":0.049014,"52":0.266854,"53":0.114366,"54":14.92204,"55":12.22627,"56":0.043568,"57":0.016338,"58":null},"firefox":{"2":null,"3":0.005446,"3.5":0.076244,"3.6":0.038122,"4":null,"5":null,"6":0.010892,"7":null,"8":0.049014,"9":null,"10":null,"11":null,"12":0.016338,"13":null,"14":null,"15":null,"16":0.010892,"17":null,"18":null,"19":null,"20":null,"21":null,"22":null,"23":null,"24":0.010892,"25":null,"26":null,"27":0.239624,"28":null,"29":0.076244,"30":null,"31":0.02723,"32":0.005446,"33":0.010892,"34":0.375774,"35":0.021784,"36":0.059906,"37":0.174272,"38":0.02723,"39":0.010892,"40":0.021784,"41":0.032676,"42":0.005446,"43":0.08169,"44":0.021784,"45":0.098028,"46":0.02723,"47":0.403004,"48":0.179718,"49":0.196056,"50":5.36431,"51":0.070798,"52":null,"53":null},"opera":{"9":null,"9.5-9.6":null,"10.0-10.1":0,"10.5":null,"10.6":null,"11":null,"11.1":null,"11.5":null,"11.6":null,"12":null,"12.1":0.005446,"15":null,"16":null,"17":null,"18":null,"19":null,"20":null,"21":null,"22":null,"23":null,"24":null,"25":null,"26":null,"27":0.005446,"28":null,"29":null,"30":null,"31":null,"32":null,"33":null,"34":null,"35":null,"36":null,"37":0.010892,"38":null,"39":null,"40":null,"41":0.16338,"42":0.141596,"43":null,"44":null},"safari":{"3.1":null,"3.2":null,"4":0,"5":0.005446,"5.1":0.076244,"6":0.010892,"6.1":0.065352,"7":0.076244,"7.1":0.043568,"8":0.32676,"9":0.152488,"9.1":1.27981,"10":3.381966,"0":null},"ios_saf":{"3.2":0,"4.0-4.1":0,"4.2-4.3":0,"5.0-5.1":0,"6.0-6.1":0,"7.0-7.1":0.357093280859,"8":0,"8.1-8.4":0.542093414317,"9.0-9.2":0.363546773887,"9.3":2.30389701085,"10.0-10.2":17.2587915201},"android":{"2.1":0,"2.2":0,"2.3":0,"3":0,"4":0.0291118973818,"4.1":0.0956533771115,"4.2-4.3":0.27388948353,"4.4":0.631549937078,"4.4.3-4.4.4":0.376672304899,"53":null},"op_mob":{"10":0,"11":0,"11.1":0,"11.5":0,"12":0,"12.1":0,"0":0.0209760708783},"ie":{"5.5":null,"6":null,"7":0.00545502402651,"8":0.174560768848,"9":0.305481345485,"10":0.256386129246,"11":5.84233073239},"edge":{"12":0.223286,"13":0.304976,"14":2.597742,"15":null},"bb":{"7":0.132037,"10":null},"ie_mob":{"10":0.0491724,"11":0.1966896},"and_ff":{"0":0.027318},"samsung":{"0":5.072042},"and_uc":{"0":0.54636},"op_mini":{"0":0.274968929122},"and_chr":{"0":17.310369}},"total":98.900826}