{"id":"KZ","name":"Kazakhstan","month":"2016-12","access_date":"2017-01-17","data":{"chrome":{"4":0.10815,"5":0.06489,"6":0.05768,"7":0.04326,"8":0.04326,"9":0.0721,"10":0.08652,"11":0.11536,"12":0.1442,"13":0.08652,"14":0.12978,"15":0.1442,"16":0.16583,"17":0.18025,"18":0.25956,"19":0.17304,"20":0.18025,"21":0.25956,"22":0.23793,"23":0.24514,"24":0.23072,"25":0.13699,"26":0.18746,"27":0.19467,"28":0.13699,"29":0.03605,"30":0.04326,"31":0.05768,"32":0.06489,"33":0.09373,"34":0.05768,"35":0.13699,"36":0.16583,"37":0.08652,"38":0.11536,"39":0.2163,"40":0.2884,"41":0.20909,"42":0.17304,"43":0.40376,"44":0.03605,"45":0.18746,"46":0.03605,"47":0.06489,"48":0.17304,"49":1.60062,"50":0.12978,"51":0.52633,"52":0.27398,"53":0.38213,"54":14.78771,"55":13.85041,"56":0.15862,"57":0.07931,"58":null},"firefox":{"2":0.12978,"3":0.31003,"3.5":0.54796,"3.6":1.93228,"4":0.08652,"5":0.02884,"6":0.03605,"7":0.01442,"8":0.02163,"9":0.04326,"10":0.05768,"11":0.04326,"12":0.05768,"13":0.04326,"14":0.06489,"15":0.06489,"16":0.06489,"17":0.04326,"18":0.02163,"19":0.05047,"20":0.05047,"21":0.06489,"22":0.03605,"23":0.04326,"24":0.05768,"25":0.0721,"26":0.02884,"27":null,"28":0.03605,"29":0.01442,"30":0.02163,"31":0.03605,"32":0.05768,"33":0.05047,"34":0.06489,"35":0.11536,"36":0.10094,"37":0.02163,"38":0.05047,"39":0.03605,"40":0.03605,"41":0.03605,"42":0.02884,"43":0.17304,"44":0.0721,"45":0.08652,"46":0.06489,"47":0.30282,"48":0.12257,"49":0.18025,"50":4.93885,"51":0.02163,"52":null,"53":null},"opera":{"9":null,"9.5-9.6":null,"10.0-10.1":0.0721,"10.5":0.10094,"10.6":0.19467,"11":0.0721,"11.1":0.0721,"11.5":0.1442,"11.6":0.48307,"12":0.61285,"12.1":1.80971,"15":0.02163,"16":0.01442,"17":0.03605,"18":0.06489,"19":0.02884,"20":0.09373,"21":0.03605,"22":0.00721,"23":0.02884,"24":0.05768,"25":0.04326,"26":0.06489,"27":0.41097,"28":0.02884,"29":0.03605,"30":0.03605,"31":0.00721,"32":null,"33":null,"34":0.01442,"35":0.02163,"36":0.22351,"37":0.03605,"38":0.08652,"39":0.0721,"40":0.06489,"41":2.28557,"42":1.01661,"43":0.01442,"44":null},"safari":{"3.1":0.03605,"3.2":0.01442,"4":0.19467,"5":0.31724,"5.1":0.20909,"6":0.06489,"6.1":0.02163,"7":0.03605,"7.1":0.00721,"8":0.06489,"9":0.04326,"9.1":0.23793,"10":0.60564,"0":null},"ios_saf":{"3.2":0,"4.0-4.1":0,"4.2-4.3":0,"5.0-5.1":0,"6.0-6.1":0,"7.0-7.1":0.092570591881,"8":0,"8.1-8.4":0.140528850325,"9.0-9.2":0.0942435543849,"9.3":0.597247613883,"10.0-10.2":4.47405938953},"android":{"2.1":0,"2.2":0,"2.3":0,"3":0,"4":0.036429058277,"4.1":0.119695477196,"4.2-4.3":0.342730527872,"4.4":0.790287529561,"4.4.3-4.4.4":0.471347407095,"53":null},"op_mob":{"10":0,"11":0,"11.1":0,"11.5":0,"12":0,"12.1":0,"0":0.059918366718},"ie":{"5.5":null,"6":0.0154294,"7":0.0154294,"8":0.6557495,"9":0.2931586,"10":0.4551673,"11":1.6509458},"edge":{"12":0.02884,"13":0.11536,"14":0.56959,"15":null},"bb":{"7":0.006975,"10":null},"ie_mob":{"10":0.041292,"11":0.165168},"and_ff":{"0":0.01395},"samsung":{"0":2.54448},"and_uc":{"0":1.39779},"op_mini":{"0":0.785451633282},"and_chr":{"0":15.34813}},"total":90.393495}