{"id":"LB","name":"Lebanon","month":"2016-12","access_date":"2017-01-17","data":{"chrome":{"4":0.00428,"5":0.00428,"6":null,"7":null,"8":0.00856,"9":null,"10":0.00428,"11":0.0214,"12":0.00428,"13":null,"14":0.00428,"15":0.01284,"16":0.01284,"17":0.01284,"18":null,"19":0.00856,"20":0.00428,"21":null,"22":0.00856,"23":null,"24":0.00428,"25":0.01284,"26":0.01712,"27":0.00856,"28":null,"29":0.01712,"30":0.00856,"31":0.04708,"32":0.0428,"33":0.04708,"34":0.01712,"35":0.03852,"36":0.19688,"37":0.01284,"38":0.03852,"39":0.01712,"40":0.0428,"41":0.01712,"42":0.01284,"43":0.14124,"44":0.03852,"45":0.01712,"46":0.03424,"47":0.03424,"48":0.08988,"49":1.11708,"50":0.08132,"51":0.19688,"52":0.27392,"53":0.31672,"54":12.53612,"55":11.50892,"56":0.13268,"57":0.03424,"58":null},"firefox":{"2":null,"3":0.01284,"3.5":null,"3.6":0.01712,"4":0.00428,"5":0.01712,"6":null,"7":null,"8":null,"9":null,"10":0.01712,"11":null,"12":0.01712,"13":0.00428,"14":null,"15":0.07276,"16":0.01284,"17":null,"18":0.00428,"19":null,"20":null,"21":0.01712,"22":null,"23":null,"24":0.00428,"25":null,"26":null,"27":0.00428,"28":null,"29":0.00856,"30":0.00428,"31":0.00856,"32":null,"33":0.01284,"34":0.00856,"35":0.00856,"36":0.00856,"37":0.0214,"38":0.02568,"39":0.03852,"40":0.0214,"41":0.0428,"42":0.01284,"43":0.09416,"44":0.03424,"45":0.0428,"46":0.04708,"47":0.3852,"48":0.428,"49":0.23112,"50":3.9162,"51":0.19688,"52":null,"53":null},"opera":{"9":null,"9.5-9.6":null,"10.0-10.1":0,"10.5":null,"10.6":null,"11":null,"11.1":null,"11.5":null,"11.6":0.02996,"12":null,"12.1":0.00428,"15":null,"16":null,"17":null,"18":null,"19":null,"20":null,"21":null,"22":null,"23":null,"24":null,"25":null,"26":null,"27":null,"28":null,"29":null,"30":null,"31":null,"32":null,"33":null,"34":null,"35":null,"36":0.00856,"37":0.00428,"38":0.13696,"39":null,"40":null,"41":0.19688,"42":0.09844,"43":0.00428,"44":null},"safari":{"3.1":null,"3.2":null,"4":0.00428,"5":0.0214,"5.1":0.12412,"6":0.03424,"6.1":0.05564,"7":0.08132,"7.1":0.01284,"8":0.35096,"9":0.46652,"9.1":1.15132,"10":1.5408,"0":null},"ios_saf":{"3.2":0,"4.0-4.1":0,"4.2-4.3":0,"5.0-5.1":0,"6.0-6.1":0,"7.0-7.1":0.233374960645,"8":0,"8.1-8.4":0.354280060738,"9.0-9.2":0.237592580415,"9.3":1.50569025813,"10.0-10.2":11.2793211401},"android":{"2.1":0,"2.2":0,"2.3":0,"3":0,"4":0.114593949324,"4.1":0.376522976351,"4.2-4.3":1.07811858446,"4.4":2.48598710473,"4.4.3-4.4.4":1.48270538514,"53":null},"op_mob":{"10":0,"11":0,"11.1":0,"11.5":0,"12":0,"12.1":0,"0":0.0977242003082},"ie":{"5.5":null,"6":0.00433376884422,"7":0.00866753768844,"8":0.437710653266,"9":0.27736120603,"10":0.234023517588,"11":2.48758331658},"edge":{"12":0.13696,"13":0.23968,"14":0.58208,"15":null},"bb":{"7":0.02717475,"10":null},"ie_mob":{"10":0.0137304,"11":0.0549216},"and_ff":{"0":0.017163},"samsung":{"0":8.592942},"and_uc":{"0":2.477193},"op_mini":{"0":1.28103679969},"and_chr":{"0":25.49226}},"total":99.00509275}