{"id":"LC","name":"Saint Lucia","month":"2016-12","access_date":"2017-01-17","data":{"chrome":{"4":null,"5":null,"6":null,"7":null,"8":null,"9":null,"10":null,"11":0.102357,"12":null,"13":null,"14":null,"15":null,"16":null,"17":null,"18":0.036126,"19":null,"20":null,"21":null,"22":0.048168,"23":null,"24":0.006021,"25":null,"26":null,"27":0.078273,"28":null,"29":0.030105,"30":0.018063,"31":null,"32":0.156546,"33":null,"34":0.06021,"35":0.024084,"36":0.084294,"37":0.054189,"38":0.036126,"39":0.030105,"40":0.042147,"41":0.012042,"42":0.012042,"43":0.210735,"44":0.018063,"45":0.012042,"46":0.096336,"47":0.024084,"48":0.042147,"49":0.776709,"50":0.054189,"51":0.198693,"52":0.493722,"53":0.295029,"54":17.870328,"55":16.786548,"56":0.084294,"57":0.054189,"58":null},"firefox":{"2":null,"3":null,"3.5":null,"3.6":0.030105,"4":null,"5":0.006021,"6":null,"7":null,"8":null,"9":null,"10":null,"11":0.006021,"12":0.012042,"13":null,"14":null,"15":null,"16":null,"17":null,"18":null,"19":null,"20":null,"21":null,"22":null,"23":null,"24":null,"25":0.006021,"26":null,"27":null,"28":null,"29":null,"30":null,"31":0.012042,"32":null,"33":null,"34":null,"35":null,"36":0.024084,"37":0.030105,"38":0.042147,"39":0.018063,"40":0.030105,"41":0.006021,"42":0.006021,"43":0.06021,"44":0.036126,"45":0.078273,"46":0.012042,"47":0.174609,"48":0.18063,"49":0.12042,"50":4.003965,"51":0.186651,"52":0.024084,"53":null},"opera":{"9":null,"9.5-9.6":null,"10.0-10.1":0,"10.5":null,"10.6":null,"11":null,"11.1":null,"11.5":null,"11.6":null,"12":null,"12.1":0.012042,"15":null,"16":null,"17":null,"18":null,"19":null,"20":null,"21":null,"22":null,"23":null,"24":null,"25":null,"26":null,"27":null,"28":null,"29":0.030105,"30":null,"31":null,"32":null,"33":null,"34":null,"35":null,"36":0.012042,"37":0.036126,"38":null,"39":null,"40":0.006021,"41":0.499743,"42":0.198693,"43":null,"44":null},"safari":{"3.1":null,"3.2":null,"4":0,"5":0.018063,"5.1":0.030105,"6":null,"6.1":0.012042,"7":null,"7.1":0.006021,"8":0.054189,"9":0.06021,"9.1":0.608121,"10":1.944783,"0":null},"ios_saf":{"3.2":0,"4.0-4.1":0,"4.2-4.3":0,"5.0-5.1":0,"6.0-6.1":0,"7.0-7.1":0.0852166084082,"8":0,"8.1-8.4":0.1293649718,"9.0-9.2":0.0867566675963,"9.3":0.549801130152,"10.0-10.2":4.11863162204},"android":{"2.1":0,"2.2":0,"2.3":0,"3":0,"4":0.0937803923142,"4.1":0.308135574747,"4.2-4.3":0.882301241976,"4.4":2.03446034755,"4.4.3-4.4.4":1.21340344341,"53":null},"op_mob":{"10":0,"11":0,"11.1":0,"11.5":0,"12":0,"12.1":0,"0":0.100682801233},"ie":{"5.5":null,"6":null,"7":0.012042,"8":0.132462,"9":0.06021,"10":0.072252,"11":3.43197},"edge":{"12":0.391365,"13":0.632205,"14":3.97386,"15":null},"bb":{"7":0.1134015,"10":null},"ie_mob":{"10":0.1464272,"11":0.5857088},"and_ff":{"0":0.011937},"samsung":{"0":3.02404},"and_uc":{"0":0.970876},"op_mini":{"0":1.31982019877},"and_chr":{"0":27.558233}},"total":98.5214645}