{"id":"LI","name":"Liechtenstein","month":"2016-12","access_date":"2017-01-17","data":{"chrome":{"4":null,"5":null,"6":null,"7":null,"8":null,"9":null,"10":null,"11":null,"12":null,"13":null,"14":null,"15":null,"16":null,"17":null,"18":null,"19":null,"20":null,"21":null,"22":0.013016,"23":null,"24":null,"25":null,"26":null,"27":null,"28":null,"29":0.006508,"30":null,"31":null,"32":null,"33":null,"34":0.006508,"35":null,"36":0.234288,"37":null,"38":0.006508,"39":0.006508,"40":0.019524,"41":null,"42":null,"43":0.019524,"44":null,"45":null,"46":null,"47":0.110636,"48":0.071588,"49":0.42302,"50":0.026032,"51":0.305876,"52":2.023988,"53":0.55318,"54":7.412612,"55":8.187064,"56":0.019524,"57":0.013016,"58":null},"firefox":{"2":null,"3":null,"3.5":null,"3.6":null,"4":null,"5":null,"6":null,"7":null,"8":null,"9":null,"10":null,"11":null,"12":null,"13":null,"14":null,"15":0.006508,"16":0.013016,"17":null,"18":0.006508,"19":null,"20":null,"21":null,"22":null,"23":null,"24":null,"25":null,"26":0.013016,"27":null,"28":null,"29":null,"30":0.045556,"31":null,"32":null,"33":null,"34":0.013016,"35":0.026032,"36":0.006508,"37":null,"38":0.279844,"39":0.019524,"40":0.019524,"41":null,"42":0.052064,"43":0.026032,"44":0.013016,"45":0.143176,"46":0.03254,"47":0.305876,"48":0.39048,"49":0.396988,"50":10.80328,"51":0.019524,"52":null,"53":null},"opera":{"9":null,"9.5-9.6":null,"10.0-10.1":0,"10.5":null,"10.6":null,"11":null,"11.1":null,"11.5":null,"11.6":null,"12":null,"12.1":0.026032,"15":null,"16":null,"17":null,"18":null,"19":null,"20":null,"21":null,"22":null,"23":null,"24":null,"25":null,"26":null,"27":null,"28":null,"29":null,"30":null,"31":null,"32":null,"33":null,"34":null,"35":null,"36":0.123652,"37":null,"38":null,"39":null,"40":null,"41":0.156192,"42":0.078096,"43":null,"44":null},"safari":{"3.1":null,"3.2":null,"4":0.006508,"5":0.175716,"5.1":0.175716,"6":0.013016,"6.1":0.091112,"7":0.084604,"7.1":0.019524,"8":0.234288,"9":0.253812,"9.1":1.581444,"10":5.551324,"0":null},"ios_saf":{"3.2":0,"4.0-4.1":0,"4.2-4.3":0,"5.0-5.1":0,"6.0-6.1":0,"7.0-7.1":0.337408503254,"8":0,"8.1-8.4":0.512210498915,"9.0-9.2":0.343506247289,"9.3":2.17689462039,"10.0-10.2":16.3074001302},"android":{"2.1":0,"2.2":0,"2.3":0,"3":0,"4":0.0097548902027,"4.1":0.0320517820946,"4.2-4.3":0.0917755996622,"4.4":0.211621393581,"4.4.3-4.4.4":0.126216334459,"53":null},"op_mob":{"10":0,"11":0,"11.1":0,"11.5":0,"12":0,"12.1":0,"0":0.00173254853621},"ie":{"5.5":null,"6":0.0391600861141,"7":0.0195800430571,"8":0.124006939361,"9":0.228433835666,"10":0.306754007894,"11":17.4719250879},"edge":{"12":0.123652,"13":0.481592,"14":4.444964,"15":null},"bb":{"7":0.001746,"10":null},"ie_mob":{"10":0.0544752,"11":0.2179008},"and_ff":{"0":0.055872},"samsung":{"0":4.490712},"and_uc":{"0":0.024444},"op_mini":{"0":0.0227114514638},"and_chr":{"0":8.751588}},"total":97.672074}