{"id":"LK","name":"Sri Lanka","month":"2016-12","access_date":"2017-01-17","data":{"chrome":{"4":0.005154,"5":0.007731,"6":0.007731,"7":0.007731,"8":0.002577,"9":0.005154,"10":0.007731,"11":0.074733,"12":0.015462,"13":0.007731,"14":0.005154,"15":0.005154,"16":0.010308,"17":0.007731,"18":0.010308,"19":0.012885,"20":0.012885,"21":0.023193,"22":0.012885,"23":0.010308,"24":0.005154,"25":0.018039,"26":0.015462,"27":0.012885,"28":0.033501,"29":0.02577,"30":0.036078,"31":0.064425,"32":0.030924,"33":0.038655,"34":0.010308,"35":0.015462,"36":0.059271,"37":0.007731,"38":0.02577,"39":0.02577,"40":0.015462,"41":0.005154,"42":0.041232,"43":0.087618,"44":0.02577,"45":0.028347,"46":0.023193,"47":0.05154,"48":0.030924,"49":0.5154,"50":0.033501,"51":0.157197,"52":0.298932,"53":0.172659,"54":7.11252,"55":7.609881,"56":0.067002,"57":0.023193,"58":null},"firefox":{"2":null,"3":0.012885,"3.5":0.005154,"3.6":0.02577,"4":0.007731,"5":0.007731,"6":0.005154,"7":0.005154,"8":0.005154,"9":0.005154,"10":0.010308,"11":0.015462,"12":0.02577,"13":0.015462,"14":0.015462,"15":0.012885,"16":0.012885,"17":0.012885,"18":0.010308,"19":0.010308,"20":0.012885,"21":0.018039,"22":0.010308,"23":0.010308,"24":0.010308,"25":0.010308,"26":0.007731,"27":0.007731,"28":0.007731,"29":0.015462,"30":0.023193,"31":0.015462,"32":0.015462,"33":0.012885,"34":0.012885,"35":0.018039,"36":0.015462,"37":0.015462,"38":0.038655,"39":0.023193,"40":0.023193,"41":0.02577,"42":0.018039,"43":0.159774,"44":0.085041,"45":0.048963,"46":0.043809,"47":0.319548,"48":0.131427,"49":0.224199,"50":3.035706,"51":0.152043,"52":0.005154,"53":null},"opera":{"9":null,"9.5-9.6":null,"10.0-10.1":0,"10.5":null,"10.6":null,"11":null,"11.1":null,"11.5":null,"11.6":0.005154,"12":null,"12.1":0.012885,"15":0.005154,"16":null,"17":0.002577,"18":null,"19":0.002577,"20":0.002577,"21":null,"22":0.005154,"23":null,"24":null,"25":null,"26":null,"27":null,"28":null,"29":0.002577,"30":0.005154,"31":null,"32":null,"33":0.002577,"34":0.005154,"35":0.002577,"36":0.015462,"37":0.038655,"38":0.007731,"39":0.005154,"40":0.010308,"41":0.36078,"42":0.182967,"43":null,"44":null},"safari":{"3.1":null,"3.2":null,"4":0,"5":0.002577,"5.1":0.010308,"6":0.007731,"6.1":0.002577,"7":0.005154,"7.1":null,"8":0.041232,"9":0.028347,"9.1":0.069579,"10":0.270585,"0":null},"ios_saf":{"3.2":0,"4.0-4.1":0,"4.2-4.3":0,"5.0-5.1":0,"6.0-6.1":0,"7.0-7.1":0.0524331602107,"8":0,"8.1-8.4":0.0795973275488,"9.0-9.2":0.0533807474434,"9.3":0.338288642082,"10.0-10.2":2.53416412271},"android":{"2.1":0,"2.2":0,"2.3":0,"3":0,"4":0.177845913851,"4.1":0.584350859797,"4.2-4.3":1.67320339358,"4.4":3.85816747804,"4.4.3-4.4.4":2.30110835473,"53":null},"op_mob":{"10":0,"11":0,"11.1":0,"11.5":0,"12":0,"12.1":0,"0":1.18100144838},"ie":{"5.5":null,"6":0.0131066093366,"7":0.00262132186732,"8":0.204463105651,"9":0.0393198280098,"10":0.0891249434889,"11":0.718242191646},"edge":{"12":0.082464,"13":0.118542,"14":0.208737,"15":null},"bb":{"7":0.018555,"10":null},"ie_mob":{"10":0.4883676,"11":1.9534704},"and_ff":{"0":0.014844},"samsung":{"0":7.874742},"and_uc":{"0":10.932606},"op_mini":{"0":15.4813885516},"and_chr":{"0":23.750895}},"total":97.711368}