{"id":"LR","name":"Liberia","month":"2016-12","access_date":"2017-01-17","data":{"chrome":{"4":null,"5":null,"6":null,"7":null,"8":null,"9":null,"10":0.004194,"11":0.044037,"12":null,"13":null,"14":null,"15":null,"16":null,"17":null,"18":0.004194,"19":0.004194,"20":null,"21":null,"22":0.002097,"23":null,"24":null,"25":0.012582,"26":0.008388,"27":0.002097,"28":null,"29":0.025164,"30":null,"31":0.010485,"32":0.044037,"33":0.090171,"34":0.010485,"35":0.012582,"36":0.008388,"37":0.002097,"38":0.006291,"39":0.006291,"40":0.014679,"41":0.008388,"42":0.029358,"43":0.138402,"44":0.127917,"45":0.054522,"46":0.004194,"47":0.023067,"48":0.010485,"49":0.404721,"50":0.056619,"51":0.213894,"52":0.476019,"53":0.123723,"54":4.120605,"55":3.539736,"56":0.037746,"57":0.014679,"58":null},"firefox":{"2":null,"3":0.006291,"3.5":0.004194,"3.6":0.016776,"4":0.025164,"5":null,"6":0.002097,"7":0.004194,"8":null,"9":null,"10":0.04194,"11":0.010485,"12":0.016776,"13":0.004194,"14":0.004194,"15":0.023067,"16":0.018873,"17":0.027261,"18":0.008388,"19":0.010485,"20":0.035649,"21":0.027261,"22":0.014679,"23":null,"24":0.056619,"25":0.027261,"26":0.010485,"27":0.006291,"28":0.016776,"29":0.050328,"30":0.006291,"31":0.004194,"32":0.010485,"33":0.018873,"34":0.012582,"35":0.004194,"36":0.002097,"37":0.04194,"38":0.02097,"39":0.027261,"40":0.02097,"41":0.006291,"42":0.016776,"43":0.138402,"44":0.192924,"45":0.048231,"46":0.06291,"47":0.473922,"48":0.205506,"49":0.348102,"50":2.715615,"51":0.270513,"52":0.002097,"53":null},"opera":{"9":null,"9.5-9.6":0.004194,"10.0-10.1":0,"10.5":null,"10.6":0.002097,"11":0.002097,"11.1":null,"11.5":0.035649,"11.6":0.006291,"12":null,"12.1":0.014679,"15":0.006291,"16":null,"17":null,"18":null,"19":null,"20":0.006291,"21":0.002097,"22":null,"23":null,"24":0.008388,"25":null,"26":null,"27":null,"28":0.016776,"29":0.039843,"30":null,"31":null,"32":null,"33":0.018873,"34":0.002097,"35":0.065007,"36":0.094365,"37":0.138402,"38":0.027261,"39":0.002097,"40":0.02097,"41":0.411012,"42":0.102753,"43":null,"44":null},"safari":{"3.1":null,"3.2":null,"4":0,"5":0.010485,"5.1":0.004194,"6":0.079686,"6.1":null,"7":null,"7.1":null,"8":0.02097,"9":0.018873,"9.1":0.142596,"10":0.215991,"0":null},"ios_saf":{"3.2":0,"4.0-4.1":0,"4.2-4.3":0,"5.0-5.1":0,"6.0-6.1":0,"7.0-7.1":0.0414668720174,"8":0,"8.1-8.4":0.0629497093275,"9.0-9.2":0.0422162733189,"9.3":0.267536264642,"10.0-10.2":2.00414888069},"android":{"2.1":0,"2.2":0,"2.3":0,"3":0,"4":0.217499370777,"4.1":0.714640789696,"4.2-4.3":2.04626959037,"4.4":4.71840471706,"4.4.3-4.4.4":2.81417553209,"53":null},"op_mob":{"10":0,"11":0,"11.1":0,"11.5":0,"12":0,"12.1":0,"0":2.18907011402},"ie":{"5.5":null,"6":null,"7":null,"8":0.346337697115,"9":0.0440793432692,"10":0.176317373077,"11":1.59105439038},"edge":{"12":0.241155,"13":0.199215,"14":0.383751,"15":null},"bb":{"7":0.01383025,"10":null},"ie_mob":{"10":0.1517376,"11":0.6069504},"and_ff":{"0":0.015806},"samsung":{"0":1.991556},"and_uc":{"0":7.563171},"op_mini":{"0":28.695853886},"and_chr":{"0":25.434262}},"total":98.9111820538}