{"id":"LT","name":"Lithuania","month":"2016-12","access_date":"2017-01-17","data":{"chrome":{"4":null,"5":null,"6":null,"7":null,"8":null,"9":null,"10":null,"11":0.016698,"12":0.016698,"13":0.008349,"14":0.008349,"15":null,"16":0.016698,"17":null,"18":0.091839,"19":0.016698,"20":0.016698,"21":0.016698,"22":0.041745,"23":0.008349,"24":0.008349,"25":0.008349,"26":0.033396,"27":0.008349,"28":null,"29":0.008349,"30":null,"31":0.033396,"32":0.025047,"33":0.008349,"34":0.066792,"35":0.041745,"36":0.258819,"37":0.041745,"38":0.050094,"39":0.100188,"40":0.025047,"41":0.025047,"42":0.033396,"43":0.66792,"44":0.041745,"45":0.033396,"46":0.025047,"47":0.075141,"48":0.075141,"49":2.137344,"50":0.935088,"51":6.128166,"52":0.208725,"53":0.400752,"54":17.566296,"55":17.374269,"56":0.125235,"57":0.050094,"58":null},"firefox":{"2":null,"3":0.025047,"3.5":0.033396,"3.6":0.125235,"4":null,"5":null,"6":null,"7":null,"8":null,"9":null,"10":0.008349,"11":0.016698,"12":0.008349,"13":null,"14":0.008349,"15":null,"16":0.008349,"17":null,"18":null,"19":null,"20":null,"21":null,"22":null,"23":null,"24":null,"25":null,"26":0.008349,"27":null,"28":null,"29":null,"30":null,"31":0.016698,"32":null,"33":0.016698,"34":0.016698,"35":0.033396,"36":0.016698,"37":0.025047,"38":0.359007,"39":0.025047,"40":0.041745,"41":0.058443,"42":0.025047,"43":0.634524,"44":0.050094,"45":0.718014,"46":0.626175,"47":2.571492,"48":0.759759,"49":0.776457,"50":11.580063,"51":0.150282,"52":0.016698,"53":null},"opera":{"9":null,"9.5-9.6":null,"10.0-10.1":0,"10.5":null,"10.6":0.025047,"11":null,"11.1":null,"11.5":null,"11.6":0.033396,"12":0.050094,"12.1":0.183678,"15":null,"16":null,"17":null,"18":null,"19":0.033396,"20":0.008349,"21":null,"22":null,"23":null,"24":null,"25":null,"26":null,"27":0.016698,"28":0.008349,"29":null,"30":null,"31":null,"32":null,"33":null,"34":null,"35":null,"36":0.150282,"37":0.033396,"38":1.177209,"39":0.008349,"40":0.016698,"41":1.736592,"42":0.951786,"43":null,"44":null},"safari":{"3.1":null,"3.2":null,"4":0.016698,"5":0.025047,"5.1":0.041745,"6":0.008349,"6.1":0.041745,"7":0.025047,"7.1":null,"8":0.066792,"9":0.158631,"9.1":0.50094,"10":1.377585,"0":null},"ios_saf":{"3.2":0,"4.0-4.1":0,"4.2-4.3":0,"5.0-5.1":0,"6.0-6.1":0,"7.0-7.1":0.0498533442826,"8":0,"8.1-8.4":0.0756809804772,"9.0-9.2":0.0507543083359,"9.3":0.321644167028,"10.0-10.2":2.40947819988},"android":{"2.1":0,"2.2":0,"2.3":0,"3":0,"4":0.0174233488176,"4.1":0.0572481461149,"4.2-4.3":0.163921710304,"4.4":0.377979995777,"4.4.3-4.4.4":0.225436798986,"53":null},"op_mob":{"10":0,"11":0,"11.1":0,"11.5":0,"12":0,"12.1":0,"0":0.0237550662558},"ie":{"5.5":null,"6":0.00842023720137,"7":null,"8":0.286288064846,"9":0.168404744027,"10":0.227346404437,"11":4.24379954949},"edge":{"12":0.075141,"13":0.601128,"14":1.636404,"15":null},"bb":{"7":0.00536575,"10":null},"ie_mob":{"10":0.0571246,"11":0.2284984},"and_ff":{"0":0.024765},"samsung":{"0":2.44348},"and_uc":{"0":0.084201},"op_mini":{"0":0.311397933744},"and_chr":{"0":9.678056}},"total":96.18873275}