{"id":"LV","name":"Latvia","month":"2016-12","access_date":"2017-01-17","data":{"chrome":{"4":null,"5":null,"6":null,"7":null,"8":null,"9":null,"10":null,"11":0.016274,"12":null,"13":0.008137,"14":null,"15":0.008137,"16":null,"17":0.016274,"18":0.032548,"19":0.008137,"20":0.008137,"21":0.016274,"22":0.048822,"23":0.008137,"24":0.024411,"25":0.016274,"26":0.032548,"27":0.008137,"28":null,"29":0.016274,"30":0.008137,"31":0.073233,"32":0.024411,"33":0.016274,"34":0.032548,"35":0.056959,"36":0.097644,"37":0.024411,"38":0.040685,"39":0.073233,"40":0.048822,"41":0.032548,"42":0.016274,"43":0.146466,"44":0.056959,"45":0.040685,"46":0.040685,"47":0.065096,"48":0.113918,"49":2.099346,"50":0.203425,"51":0.667234,"52":0.235973,"53":0.32548,"54":22.262832,"55":21.579324,"56":0.170877,"57":0.073233,"58":null},"firefox":{"2":0.008137,"3":0.016274,"3.5":0.032548,"3.6":0.130192,"4":0.008137,"5":null,"6":null,"7":null,"8":null,"9":null,"10":0.008137,"11":0.032548,"12":0.016274,"13":null,"14":null,"15":null,"16":0.016274,"17":null,"18":null,"19":0.008137,"20":0.016274,"21":0.008137,"22":null,"23":null,"24":0.016274,"25":null,"26":0.008137,"27":0.008137,"28":0.032548,"29":null,"30":null,"31":0.024411,"32":0.008137,"33":0.008137,"34":0.016274,"35":0.032548,"36":0.016274,"37":0.032548,"38":0.097644,"39":0.040685,"40":0.040685,"41":0.024411,"42":0.065096,"43":0.113918,"44":0.08137,"45":0.358028,"46":0.138329,"47":0.455672,"48":0.260384,"49":0.439398,"50":11.985801,"51":0.122055,"52":0.008137,"53":null},"opera":{"9":null,"9.5-9.6":null,"10.0-10.1":0,"10.5":null,"10.6":0.008137,"11":null,"11.1":0.008137,"11.5":0.016274,"11.6":0.040685,"12":0.032548,"12.1":0.219699,"15":null,"16":null,"17":null,"18":null,"19":null,"20":null,"21":null,"22":null,"23":null,"24":null,"25":null,"26":null,"27":0.016274,"28":0.008137,"29":null,"30":0.016274,"31":null,"32":null,"33":null,"34":0.008137,"35":0.024411,"36":0.122055,"37":0.040685,"38":0.130192,"39":0.032548,"40":0.024411,"41":1.196139,"42":0.56959,"43":null,"44":null},"safari":{"3.1":null,"3.2":null,"4":0.016274,"5":0.032548,"5.1":0.073233,"6":0.008137,"6.1":0.048822,"7":0.024411,"7.1":null,"8":0.097644,"9":0.138329,"9.1":0.504494,"10":1.822688,"0":null},"ios_saf":{"3.2":0,"4.0-4.1":0,"4.2-4.3":0,"5.0-5.1":0,"6.0-6.1":0,"7.0-7.1":0.0736009123024,"8":0,"8.1-8.4":0.111731505423,"9.0-9.2":0.0749310492718,"9.3":0.474858898048,"10.0-10.2":3.55722963496},"android":{"2.1":0,"2.2":0,"2.3":0,"3":0,"4":0.0164609581926,"4.1":0.0540860054899,"4.2-4.3":0.154867382179,"4.4":0.357102011402,"4.4.3-4.4.4":0.212984642736,"53":null},"op_mob":{"10":0,"11":0,"11.1":0,"11.5":0,"12":0,"12.1":0,"0":0.0157135007704},"ie":{"5.5":null,"6":null,"7":null,"8":0.357650679435,"9":0.149714237903,"10":0.166349153226,"11":3.45174492944},"edge":{"12":0.048822,"13":0.301069,"14":1.659948,"15":null},"bb":{"7":0.00419175,"10":null},"ie_mob":{"10":0.0812268,"11":0.3249072},"and_ff":{"0":0.020493},"samsung":{"0":2.75724},"and_uc":{"0":0.104328},"op_mini":{"0":0.20598349923},"and_chr":{"0":10.288861}},"total":93.93834875}