{"id":"LY","name":"Libya","month":"2016-12","access_date":"2017-01-17","data":{"chrome":{"4":0.009861,"5":0.013148,"6":0.009861,"7":0.003287,"8":0.013148,"9":0.013148,"10":0.006574,"11":0.026296,"12":0.009861,"13":0.036157,"14":0.059166,"15":0.108471,"16":0.023009,"17":0.029583,"18":0.009861,"19":0.023009,"20":0.016435,"21":0.006574,"22":0.029583,"23":0.03287,"24":0.029583,"25":0.019722,"26":0.029583,"27":0.03287,"28":0.019722,"29":0.039444,"30":0.023009,"31":0.069027,"32":0.13148,"33":0.213655,"34":0.026296,"35":0.013148,"36":0.059166,"37":0.006574,"38":0.075601,"39":0.026296,"40":0.036157,"41":0.026296,"42":0.023009,"43":0.775732,"44":0.029583,"45":0.03287,"46":0.03287,"47":0.138054,"48":0.042731,"49":0.686983,"50":0.16435,"51":0.900638,"52":0.516059,"53":0.364857,"54":7.540378,"55":8.657958,"56":0.052592,"57":0.03287,"58":null},"firefox":{"2":0.042731,"3":0.023009,"3.5":null,"3.6":0.042731,"4":0.009861,"5":0.009861,"6":0.009861,"7":0.013148,"8":0.006574,"9":0.006574,"10":0.013148,"11":0.013148,"12":0.052592,"13":0.009861,"14":0.006574,"15":0.016435,"16":0.006574,"17":null,"18":0.013148,"19":0.009861,"20":0.019722,"21":0.006574,"22":0.006574,"23":0.006574,"24":0.013148,"25":0.042731,"26":0.013148,"27":0.036157,"28":0.013148,"29":0.128193,"30":0.009861,"31":0.009861,"32":0.03287,"33":0.016435,"34":0.013148,"35":0.092036,"36":0.016435,"37":0.023009,"38":0.075601,"39":0.023009,"40":0.026296,"41":0.026296,"42":0.016435,"43":0.220229,"44":0.121619,"45":0.075601,"46":0.09861,"47":0.453606,"48":0.141341,"49":0.207081,"50":2.820246,"51":0.180785,"52":0.006574,"53":null},"opera":{"9":null,"9.5-9.6":null,"10.0-10.1":0,"10.5":null,"10.6":null,"11":null,"11.1":null,"11.5":0.006574,"11.6":0.009861,"12":0.006574,"12.1":0.036157,"15":0.006574,"16":null,"17":null,"18":0.006574,"19":null,"20":0.019722,"21":null,"22":null,"23":null,"24":null,"25":null,"26":null,"27":null,"28":null,"29":0.006574,"30":null,"31":null,"32":0.003287,"33":0.023009,"34":0.006574,"35":0.006574,"36":0.019722,"37":0.06574,"38":0.072314,"39":0.019722,"40":0.026296,"41":0.703418,"42":0.364857,"43":0.036157,"44":null},"safari":{"3.1":null,"3.2":null,"4":0,"5":null,"5.1":0.009861,"6":0.006574,"6.1":0.003287,"7":0.006574,"7.1":null,"8":0.023009,"9":0.082175,"9.1":0.06574,"10":0.210368,"0":null},"ios_saf":{"3.2":0,"4.0-4.1":0,"4.2-4.3":0,"5.0-5.1":0,"6.0-6.1":0,"7.0-7.1":0.0947195554178,"8":0,"8.1-8.4":0.143791132321,"9.0-9.2":0.0964313546121,"9.3":0.611112312364,"10.0-10.2":4.57792164528},"android":{"2.1":0,"2.2":0,"2.3":0,"3":0,"4":0.176110635135,"4.1":0.57864922973,"4.2-4.3":1.65687760811,"4.4":3.82052255405,"4.4.3-4.4.4":2.27865597297,"53":null},"op_mob":{"10":0,"11":0,"11.1":0,"11.5":0,"12":0,"12.1":0,"0":1.69551945763},"ie":{"5.5":0.00658968973747,"6":0.00658968973747,"7":0.0131793794749,"8":0.672148353222,"9":0.154857708831,"10":0.240523675418,"11":1.66719150358},"edge":{"12":0.052592,"13":0.085462,"14":0.193933,"15":null},"bb":{"7":0.003356,"10":null},"ie_mob":{"10":0.0187936,"11":0.0751744},"and_ff":{"0":0.026848},"samsung":{"0":2.537136},"and_uc":{"0":2.255232},"op_mini":{"0":22.2260485424},"and_chr":{"0":23.247997}},"total":97.715541}