{"id":"MA","name":"Morocco","month":"2016-12","access_date":"2017-01-17","data":{"chrome":{"4":0.011904,"5":0.011904,"6":0.023808,"7":0.011904,"8":0.017856,"9":null,"10":0.011904,"11":0.035712,"12":0.023808,"13":0.017856,"14":0.005952,"15":null,"16":0.017856,"17":0.023808,"18":0.005952,"19":0.017856,"20":0.005952,"21":0.02976,"22":0.041664,"23":0.023808,"24":0.017856,"25":0.02976,"26":0.065472,"27":0.035712,"28":0.041664,"29":0.05952,"30":0.047616,"31":0.077376,"32":0.065472,"33":0.095232,"34":0.047616,"35":0.041664,"36":0.077376,"37":0.053568,"38":0.08928,"39":0.172608,"40":0.20832,"41":0.065472,"42":0.053568,"43":0.815424,"44":0.11904,"45":0.11904,"46":0.154752,"47":0.184512,"48":0.273792,"49":4.833024,"50":0.279744,"51":1.470144,"52":0.708288,"53":0.672576,"54":13.017024,"55":15.213312,"56":0.113088,"57":0.047616,"58":null},"firefox":{"2":null,"3":0.05952,"3.5":0.011904,"3.6":0.053568,"4":0.005952,"5":0.005952,"6":null,"7":0.011904,"8":null,"9":null,"10":0.017856,"11":0.011904,"12":0.035712,"13":0.011904,"14":0.011904,"15":0.017856,"16":0.023808,"17":0.023808,"18":0.011904,"19":0.017856,"20":0.017856,"21":0.011904,"22":0.011904,"23":0.011904,"24":0.011904,"25":0.017856,"26":0.02976,"27":0.017856,"28":0.011904,"29":0.041664,"30":0.041664,"31":0.02976,"32":0.047616,"33":0.041664,"34":0.041664,"35":0.095232,"36":0.05952,"37":0.065472,"38":0.095232,"39":0.065472,"40":0.077376,"41":0.065472,"42":0.071424,"43":0.511872,"44":0.095232,"45":0.20832,"46":0.166656,"47":0.857088,"48":0.744,"49":0.470208,"50":6.273408,"51":0.095232,"52":0.017856,"53":null},"opera":{"9":null,"9.5-9.6":null,"10.0-10.1":0,"10.5":null,"10.6":null,"11":null,"11.1":null,"11.5":null,"11.6":null,"12":null,"12.1":0.023808,"15":null,"16":null,"17":null,"18":null,"19":null,"20":null,"21":null,"22":null,"23":null,"24":null,"25":null,"26":null,"27":null,"28":null,"29":null,"30":null,"31":null,"32":null,"33":null,"34":0.005952,"35":0.017856,"36":0.154752,"37":0.017856,"38":0.17856,"39":0.023808,"40":0.02976,"41":0.660672,"42":0.392832,"43":0.011904,"44":null},"safari":{"3.1":null,"3.2":null,"4":0.02976,"5":0.035712,"5.1":0.041664,"6":0.023808,"6.1":0.035712,"7":0.023808,"7.1":0.011904,"8":0.160704,"9":0.20832,"9.1":0.291648,"10":0.53568,"0":null},"ios_saf":{"3.2":0,"4.0-4.1":0,"4.2-4.3":0,"5.0-5.1":0,"6.0-6.1":0,"7.0-7.1":0.0540711777709,"8":0,"8.1-8.4":0.0820839566161,"9.0-9.2":0.0550483677306,"9.3":0.348856815618,"10.0-10.2":2.61333168226},"android":{"2.1":0,"2.2":0,"2.3":0,"3":0,"4":0.139717540541,"4.1":0.459071918919,"4.2-4.3":1.31448543243,"4.4":3.03101521622,"4.4.3-4.4.4":1.80777389189,"53":null},"op_mob":{"10":0,"11":0,"11.1":0,"11.5":0,"12":0,"12.1":0,"0":0.213464949153},"ie":{"5.5":null,"6":0.0462836485356,"7":0.0462836485356,"8":0.694254728033,"9":0.449612585774,"10":0.370269188285,"11":1.54058430126},"edge":{"12":0.047616,"13":0.130944,"14":0.261888,"15":null},"bb":{"7":0.028336,"10":null},"ie_mob":{"10":0.1586816,"11":0.6347264},"and_ff":{"0":0.028336},"samsung":{"0":5.391936},"and_uc":{"0":0.437184},"op_mini":{"0":2.79824705085},"and_chr":{"0":20.92352}},"total":97.4851601004}