{"id":"MC","name":"Monaco","month":"2016-12","access_date":"2017-01-17","data":{"chrome":{"4":null,"5":null,"6":null,"7":null,"8":null,"9":null,"10":null,"11":null,"12":null,"13":null,"14":null,"15":null,"16":null,"17":null,"18":null,"19":null,"20":null,"21":0.115005,"22":null,"23":null,"24":null,"25":null,"26":null,"27":null,"28":null,"29":0.053669,"30":null,"31":0.145673,"32":0.015334,"33":null,"34":null,"35":null,"36":null,"37":0.030668,"38":null,"39":0.023001,"40":null,"41":0.015334,"42":0.007667,"43":0.007667,"44":null,"45":0.015334,"46":0.015334,"47":0.659362,"48":0.061336,"49":1.472064,"50":0.038335,"51":0.176341,"52":0.644028,"53":0.214676,"54":17.212415,"55":13.907938,"56":0.314347,"57":0.053669,"58":null},"firefox":{"2":null,"3":null,"3.5":null,"3.6":null,"4":null,"5":null,"6":null,"7":null,"8":null,"9":0.015334,"10":null,"11":null,"12":null,"13":null,"14":null,"15":null,"16":null,"17":0.092004,"18":null,"19":null,"20":0.007667,"21":null,"22":null,"23":null,"24":null,"25":0.053669,"26":null,"27":0.015334,"28":null,"29":null,"30":0.015334,"31":0.015334,"32":null,"33":0.023001,"34":null,"35":0.015334,"36":0.053669,"37":0.015334,"38":0.053669,"39":null,"40":0.015334,"41":0.023001,"42":0.023001,"43":0.07667,"44":null,"45":0.053669,"46":0.023001,"47":0.214676,"48":0.529023,"49":0.552024,"50":8.702045,"51":0.030668,"52":0.030668,"53":null},"opera":{"9":null,"9.5-9.6":null,"10.0-10.1":0,"10.5":null,"10.6":null,"11":null,"11.1":null,"11.5":null,"11.6":null,"12":null,"12.1":null,"15":null,"16":null,"17":null,"18":null,"19":null,"20":null,"21":null,"22":null,"23":null,"24":null,"25":null,"26":null,"27":null,"28":null,"29":null,"30":null,"31":null,"32":null,"33":null,"34":null,"35":null,"36":null,"37":null,"38":null,"39":null,"40":0.015334,"41":0.176341,"42":0.030668,"43":null,"44":null},"safari":{"3.1":null,"3.2":null,"4":0,"5":0.130339,"5.1":0.437019,"6":0.15334,"6.1":0.782034,"7":0.038335,"7.1":0.023001,"8":0.598026,"9":1.257388,"9.1":3.327478,"10":9.936432,"0":null},"ios_saf":{"3.2":0,"4.0-4.1":0,"4.2-4.3":0,"5.0-5.1":0,"6.0-6.1":0,"7.0-7.1":0.245129067245,"8":0,"8.1-8.4":0.372123644252,"9.0-9.2":0.249559110629,"9.3":1.58152548807,"10.0-10.2":11.8474126898},"android":{"2.1":0,"2.2":0,"2.3":0,"3":0,"4":0.00589216722973,"4.1":0.0193599780405,"4.2-4.3":0.0554344712838,"4.4":0.127823954392,"4.4.3-4.4.4":0.0762374290541,"53":null},"op_mob":{"10":0,"11":0,"11.1":0,"11.5":0,"12":0,"12.1":0,"0":0.00562461633282},"ie":{"5.5":null,"6":null,"7":null,"8":0.115005,"9":0.46002,"10":0.360349,"11":9.238735},"edge":{"12":0.030668,"13":0.237677,"14":2.614447,"15":null},"bb":{"7":0.019839,"10":null},"ie_mob":{"10":0.0177384,"11":0.0709536},"and_ff":{"0":0.065352},"samsung":{"0":2.611746},"and_uc":{"0":0.016338},"op_mini":{"0":0.0737313836672},"and_chr":{"0":5.756635}},"total":99.029752}