{"id":"MG","name":"Madagascar","month":"2016-12","access_date":"2017-01-17","data":{"chrome":{"4":null,"5":null,"6":0.002945,"7":null,"8":null,"9":null,"10":0.002945,"11":0.026505,"12":null,"13":null,"14":0.002945,"15":null,"16":0.01178,"17":0.008835,"18":null,"19":null,"20":0.002945,"21":null,"22":null,"23":null,"24":0.002945,"25":0.002945,"26":0.002945,"27":0.008835,"28":0.00589,"29":0.01178,"30":0.01178,"31":0.014725,"32":0.04123,"33":0.00589,"34":0.00589,"35":0.01767,"36":0.002945,"37":null,"38":0.032395,"39":0.01178,"40":0.01178,"41":0.00589,"42":0.00589,"43":0.10602,"44":0.014725,"45":0.02356,"46":0.008835,"47":0.061845,"48":0.014725,"49":0.827545,"50":0.032395,"51":0.1178,"52":0.20026,"53":0.09424,"54":5.510095,"55":5.71919,"56":0.061845,"57":0.038285,"58":null},"firefox":{"2":0.01767,"3":0.250325,"3.5":0.002945,"3.6":0.055955,"4":0.01178,"5":0.002945,"6":0.00589,"7":null,"8":0.00589,"9":0.00589,"10":0.01178,"11":0.00589,"12":0.026505,"13":0.008835,"14":0.01178,"15":0.01178,"16":0.020615,"17":0.014725,"18":0.014725,"19":0.01767,"20":0.01767,"21":0.03534,"22":0.026505,"23":0.02356,"24":0.00589,"25":0.01178,"26":0.02356,"27":0.055955,"28":0.020615,"29":0.026505,"30":0.07657,"31":0.09424,"32":0.04712,"33":0.055955,"34":0.02945,"35":0.103075,"36":0.06479,"37":0.08835,"38":0.12958,"39":0.079515,"40":0.16492,"41":0.09424,"42":0.0589,"43":1.233955,"44":0.15314,"45":0.150195,"46":0.091295,"47":0.78337,"48":0.409355,"49":0.4123,"50":6.917805,"51":0.120745,"52":0.03534,"53":0.008835},"opera":{"9":null,"9.5-9.6":null,"10.0-10.1":0.014725,"10.5":null,"10.6":null,"11":null,"11.1":null,"11.5":null,"11.6":0.00589,"12":null,"12.1":0.044175,"15":null,"16":null,"17":0.008835,"18":null,"19":0.00589,"20":0.00589,"21":null,"22":0.002945,"23":null,"24":null,"25":null,"26":null,"27":null,"28":null,"29":0.008835,"30":0.002945,"31":0.002945,"32":null,"33":0.00589,"34":0.00589,"35":0.00589,"36":0.04712,"37":0.03534,"38":0.01178,"39":0.00589,"40":0.01767,"41":0.51243,"42":0.203205,"43":null,"44":null},"safari":{"3.1":null,"3.2":null,"4":0,"5":0.01178,"5.1":0.05301,"6":0.01178,"6.1":0.00589,"7":0.00589,"7.1":null,"8":0.032395,"9":0.06479,"9.1":0.103075,"10":0.338675,"0":null},"ios_saf":{"3.2":0,"4.0-4.1":0,"4.2-4.3":0,"5.0-5.1":0,"6.0-6.1":0,"7.0-7.1":0.0114923406673,"8":0,"8.1-8.4":0.0174462039046,"9.0-9.2":0.0117000335709,"9.3":0.0741463665944,"10.0-10.2":0.555440055263},"android":{"2.1":0,"2.2":0,"2.3":0,"3":0,"4":0.0973727048142,"4.1":0.319938887247,"4.2-4.3":0.916098304476,"4.4":2.11239153505,"4.4.3-4.4.4":1.25988356841,"53":null},"op_mob":{"10":0,"11":0,"11.1":0,"11.5":0,"12":0,"12.1":0,"0":3.23379893683},"ie":{"5.5":null,"6":0.00300136363636,"7":0.0270122727273,"8":0.138062727273,"9":0.0540245454545,"10":0.0420190909091,"11":0.363165},"edge":{"12":0.050065,"13":0.34162,"14":0.385795,"15":null},"bb":{"7":0.063495,"10":null},"ie_mob":{"10":0.077605,"11":0.31042},"and_ff":{"0":0.45152},"samsung":{"0":0.444465},"and_uc":{"0":10.59661},"op_mini":{"0":42.3908860632},"and_chr":{"0":5.224265}},"total":96.40269}