{"id":"MH","name":"Marshall Islands","month":"2016-12","access_date":"2017-01-17","data":{"chrome":{"4":null,"5":null,"6":null,"7":null,"8":null,"9":null,"10":null,"11":null,"12":null,"13":null,"14":null,"15":null,"16":null,"17":null,"18":null,"19":null,"20":null,"21":null,"22":null,"23":null,"24":null,"25":null,"26":null,"27":0.004988,"28":null,"29":0.014964,"30":null,"31":0.009976,"32":null,"33":null,"34":null,"35":null,"36":null,"37":null,"38":null,"39":0.019952,"40":0.004988,"41":0.02494,"42":0.019952,"43":0.17458,"44":null,"45":0.009976,"46":0.144652,"47":0.009976,"48":0.014964,"49":1.940332,"50":0.079808,"51":0.44892,"52":0.314244,"53":0.214484,"54":18.241116,"55":15.023856,"56":0.029928,"57":0.014964,"58":null},"firefox":{"2":null,"3":0.004988,"3.5":0.009976,"3.6":0.014964,"4":null,"5":null,"6":null,"7":null,"8":0.009976,"9":null,"10":null,"11":null,"12":null,"13":null,"14":null,"15":0.014964,"16":null,"17":null,"18":null,"19":null,"20":null,"21":0.009976,"22":0.004988,"23":null,"24":null,"25":null,"26":null,"27":null,"28":0.004988,"29":0.004988,"30":null,"31":0.009976,"32":null,"33":null,"34":null,"35":null,"36":null,"37":null,"38":null,"39":null,"40":0.019952,"41":0.07482,"42":0.009976,"43":null,"44":0.029928,"45":0.004988,"46":null,"47":0.04988,"48":0.094772,"49":0.154628,"50":3.731024,"51":0.194532,"52":0.014964,"53":null},"opera":{"9":null,"9.5-9.6":null,"10.0-10.1":0,"10.5":null,"10.6":null,"11":null,"11.1":null,"11.5":null,"11.6":null,"12":null,"12.1":0.004988,"15":null,"16":null,"17":null,"18":null,"19":null,"20":null,"21":null,"22":null,"23":null,"24":null,"25":null,"26":null,"27":null,"28":0.004988,"29":null,"30":null,"31":null,"32":null,"33":null,"34":null,"35":null,"36":null,"37":0.029928,"38":null,"39":null,"40":null,"41":0.079808,"42":0.004988,"43":null,"44":null},"safari":{"3.1":null,"3.2":null,"4":0,"5":0.034916,"5.1":0.259376,"6":null,"6.1":0.07482,"7":0.22446,"7.1":null,"8":0.054868,"9":0.034916,"9.1":0.239424,"10":2.025128,"0":null},"ios_saf":{"3.2":0,"4.0-4.1":0,"4.2-4.3":0,"5.0-5.1":0,"6.0-6.1":0,"7.0-7.1":0.266158374548,"8":0,"8.1-8.4":0.404047652928,"9.0-9.2":0.270968465654,"9.3":1.71720252495,"10.0-10.2":12.8637869819},"android":{"2.1":0,"2.2":0,"2.3":0,"3":0,"4":0.0990441469595,"4.1":0.325430768581,"4.2-4.3":0.931823505068,"4.4":2.14865159628,"4.4.3-4.4.4":1.28150998311,"53":null},"op_mob":{"10":0,"11":0,"11.1":0,"11.5":0,"12":0,"12.1":0,"0":0.0824161232666},"ie":{"5.5":null,"6":null,"7":null,"8":0.014964,"9":0.04988,"10":0.084796,"11":1.331796},"edge":{"12":0.79808,"13":0.713284,"14":1.227048,"15":null},"bb":{"7":0.015036,"10":null},"ie_mob":{"10":0.1463504,"11":0.5854016},"and_ff":{"0":0.030072},"samsung":{"0":1.087604},"and_uc":{"0":0.466116},"op_mini":{"0":1.08036787673},"and_chr":{"0":26.831128}},"total":99.15638}