{"id":"MK","name":"Macedonia","month":"2016-12","access_date":"2017-01-17","data":{"chrome":{"4":null,"5":null,"6":null,"7":null,"8":null,"9":null,"10":null,"11":0.013794,"12":null,"13":null,"14":null,"15":null,"16":null,"17":null,"18":0.020691,"19":null,"20":null,"21":null,"22":0.055176,"23":null,"24":null,"25":null,"26":0.034485,"27":0.013794,"28":null,"29":0.027588,"30":0.013794,"31":0.020691,"32":0.055176,"33":0.020691,"34":0.055176,"35":0.034485,"36":0.351747,"37":0.034485,"38":0.055176,"39":0.048279,"40":0.034485,"41":0.013794,"42":0.034485,"43":0.200013,"44":0.06897,"45":0.027588,"46":0.034485,"47":0.151734,"48":0.096558,"49":4.186479,"50":0.13794,"51":1.24146,"52":0.924198,"53":0.696597,"54":19.546098,"55":22.049709,"56":0.234498,"57":0.075867,"58":null},"firefox":{"2":0.020691,"3":0.006897,"3.5":null,"3.6":0.117249,"4":null,"5":null,"6":null,"7":null,"8":0.006897,"9":null,"10":null,"11":0.006897,"12":0.006897,"13":0.082764,"14":0.006897,"15":null,"16":0.006897,"17":0.055176,"18":0.013794,"19":null,"20":null,"21":null,"22":0.006897,"23":null,"24":0.013794,"25":null,"26":0.006897,"27":null,"28":null,"29":null,"30":0.013794,"31":0.020691,"32":0.006897,"33":0.013794,"34":null,"35":0.020691,"36":0.006897,"37":0.06897,"38":0.048279,"39":0.013794,"40":0.013794,"41":0.034485,"42":0.027588,"43":0.151734,"44":0.041382,"45":0.089661,"46":0.103455,"47":0.634524,"48":0.324159,"49":0.324159,"50":8.331576,"51":0.103455,"52":null,"53":0.020691},"opera":{"9":null,"9.5-9.6":null,"10.0-10.1":0,"10.5":null,"10.6":null,"11":null,"11.1":null,"11.5":null,"11.6":0.020691,"12":null,"12.1":0.062073,"15":null,"16":null,"17":null,"18":null,"19":0.117249,"20":null,"21":null,"22":null,"23":null,"24":null,"25":null,"26":0.006897,"27":null,"28":null,"29":null,"30":0.020691,"31":null,"32":null,"33":null,"34":0.020691,"35":null,"36":0.220704,"37":0.013794,"38":0.075867,"39":null,"40":0.013794,"41":0.675906,"42":0.372438,"43":0.006897,"44":null},"safari":{"3.1":null,"3.2":null,"4":0,"5":null,"5.1":0.020691,"6":null,"6.1":0.013794,"7":null,"7.1":null,"8":0.034485,"9":0.013794,"9.1":0.075867,"10":0.296571,"0":null},"ios_saf":{"3.2":0,"4.0-4.1":0,"4.2-4.3":0,"5.0-5.1":0,"6.0-6.1":0,"7.0-7.1":0.0908245311435,"8":0,"8.1-8.4":0.137878203905,"9.0-9.2":0.0924659383328,"9.3":0.585982366594,"10.0-10.2":4.38966996002},"android":{"2.1":0,"2.2":0,"2.3":0,"3":0,"4":0.0514314387669,"4.1":0.168989013091,"4.2-4.3":0.483875372889,"4.4":1.11574733488,"4.4.3-4.4.4":0.665459840372,"53":null},"op_mob":{"10":0,"11":0,"11.1":0,"11.5":0,"12":0,"12.1":0,"0":0.0193543050847},"ie":{"5.5":null,"6":0.0071643255814,"7":0.0143286511628,"8":0.458516837209,"9":0.121793534884,"10":0.114629209302,"11":1.13196344186},"edge":{"12":0.034485,"13":0.131043,"14":0.586245,"15":null},"bb":{"7":0.02094525,"10":null},"ie_mob":{"10":0.0800574,"11":0.3202296},"and_ff":{"0":0.009309},"samsung":{"0":1.672517},"and_uc":{"0":0.089987},"op_mini":{"0":0.253709694915},"and_chr":{"0":21.706423}},"total":98.02121925}