{"id":"ML","name":"Mali","month":"2016-12","access_date":"2017-01-17","data":{"chrome":{"4":null,"5":0.000479,"6":null,"7":null,"8":null,"9":0.002395,"10":null,"11":0.042152,"12":0.001437,"13":null,"14":0.000958,"15":null,"16":0.002874,"17":0.001916,"18":0.006227,"19":0.001916,"20":null,"21":null,"22":0.008143,"23":null,"24":null,"25":0.004311,"26":0.007185,"27":0.001437,"28":null,"29":0.002395,"30":0.001916,"31":0.004311,"32":0.012933,"33":0.001916,"34":0.000479,"35":0.000479,"36":0.022992,"37":null,"38":0.005269,"39":0.006706,"40":0.003353,"41":0.000958,"42":0.000958,"43":0.009101,"44":0.001437,"45":0.014849,"46":0.002874,"47":0.003353,"48":0.001437,"49":0.090531,"50":0.005748,"51":0.00958,"52":0.00958,"53":0.015807,"54":0.61791,"55":0.642818,"56":0.000958,"57":0.002395,"58":null},"firefox":{"2":null,"3":0.465109,"3.5":0.00479,"3.6":0.00479,"4":0.004311,"5":0.001437,"6":null,"7":0.001437,"8":0.006227,"9":0.000958,"10":0.002395,"11":0.005269,"12":0.007185,"13":0.006227,"14":0.006227,"15":0.002874,"16":0.00958,"17":0.003832,"18":0.002874,"19":0.001916,"20":0.011975,"21":0.003353,"22":0.010059,"23":0.000958,"24":0.003832,"25":0.002874,"26":0.003353,"27":0.000479,"28":0.002395,"29":0.003832,"30":0.022034,"31":0.013891,"32":0.006706,"33":0.003832,"34":0.004311,"35":0.003832,"36":0.004311,"37":0.00958,"38":0.011975,"39":0.005269,"40":0.011975,"41":0.008143,"42":0.014849,"43":0.054127,"44":0.031614,"45":0.024429,"46":0.010538,"47":0.113044,"48":0.042631,"49":0.092926,"50":0.849746,"51":0.011017,"52":0.004311,"53":null},"opera":{"9":null,"9.5-9.6":null,"10.0-10.1":0.004311,"10.5":null,"10.6":null,"11":null,"11.1":null,"11.5":null,"11.6":0.000479,"12":null,"12.1":0.004311,"15":null,"16":null,"17":0.000479,"18":null,"19":null,"20":null,"21":null,"22":0.000479,"23":null,"24":null,"25":null,"26":null,"27":null,"28":null,"29":0.001437,"30":0.000479,"31":null,"32":0.001916,"33":null,"34":0.000958,"35":0.011975,"36":0.002395,"37":0.001437,"38":null,"39":0.001916,"40":0.002874,"41":0.052211,"42":0.022992,"43":null,"44":null},"safari":{"3.1":null,"3.2":null,"4":0,"5":0.003353,"5.1":0.012933,"6":0.002395,"6.1":0.001916,"7":0.013891,"7.1":null,"8":0.055085,"9":0.016286,"9.1":0.030177,"10":0.06227,"0":null},"ios_saf":{"3.2":0,"4.0-4.1":0,"4.2-4.3":0,"5.0-5.1":0,"6.0-6.1":0,"7.0-7.1":0.00881585001549,"8":0,"8.1-8.4":0.0133830976139,"9.0-9.2":0.00897517260614,"9.3":0.056878164859,"10.0-10.2":0.426081714905},"android":{"2.1":0,"2.2":0,"2.3":0,"3":0,"4":0.0709250168919,"4.1":0.233039341216,"4.2-4.3":0.667274138514,"4.4":1.53863863176,"4.4.3-4.4.4":0.917682871622,"53":null},"op_mob":{"10":0,"11":0,"11.1":0,"11.5":0,"12":0,"12.1":0,"0":0.643114942989},"ie":{"5.5":null,"6":0.0014404626506,"7":0.00192061686747,"8":0.0552177349398,"9":0.0235275566265,"10":0.0374520289157,"11":0.2789696},"edge":{"12":0.035446,"13":0.01916,"14":0.033051,"15":null},"bb":{"7":0.00714075,"10":null},"ie_mob":{"10":0.0628386,"11":0.2513544},"and_ff":{"0":0.19042},"samsung":{"0":1.33294},"and_uc":{"0":69.674678},"op_mini":{"0":8.43039805701},"and_chr":{"0":9.834436}},"total":98.67426675}