{"id":"MO","name":"Macao","month":"2016-12","access_date":"2017-01-17","data":{"chrome":{"4":null,"5":null,"6":null,"7":null,"8":null,"9":null,"10":null,"11":0.047034,"12":0.010452,"13":null,"14":null,"15":null,"16":null,"17":0.010452,"18":0.020904,"19":null,"20":null,"21":null,"22":0.041808,"23":null,"24":null,"25":0.062712,"26":0.02613,"27":0.005226,"28":0.015678,"29":null,"30":0.036582,"31":0.041808,"32":0.010452,"33":0.02613,"34":0.02613,"35":0.020904,"36":0.120198,"37":0.010452,"38":0.07839,"39":0.057486,"40":0.057486,"41":0.015678,"42":0.214266,"43":0.13065,"44":0.083616,"45":1.25424,"46":0.067938,"47":0.198588,"48":0.109746,"49":1.640964,"50":0.428532,"51":0.663702,"52":1.186302,"53":0.877968,"54":14.183364,"55":12.49014,"56":0.057486,"57":0.031356,"58":null},"firefox":{"2":null,"3":null,"3.5":null,"3.6":0.005226,"4":null,"5":null,"6":0.005226,"7":null,"8":null,"9":null,"10":null,"11":0.005226,"12":null,"13":null,"14":null,"15":null,"16":null,"17":null,"18":null,"19":null,"20":null,"21":null,"22":null,"23":null,"24":null,"25":null,"26":0.015678,"27":null,"28":null,"29":null,"30":null,"31":0.010452,"32":0.010452,"33":0.010452,"34":0.005226,"35":null,"36":0.010452,"37":0.010452,"38":0.036582,"39":0.036582,"40":0.062712,"41":null,"42":0.010452,"43":0.062712,"44":0.015678,"45":0.041808,"46":0.041808,"47":0.135876,"48":0.114972,"49":0.135876,"50":3.417804,"51":0.036582,"52":null,"53":null},"opera":{"9":null,"9.5-9.6":null,"10.0-10.1":0,"10.5":null,"10.6":null,"11":null,"11.1":null,"11.5":null,"11.6":null,"12":null,"12.1":0.041808,"15":null,"16":null,"17":null,"18":null,"19":null,"20":null,"21":null,"22":null,"23":null,"24":null,"25":null,"26":null,"27":null,"28":null,"29":null,"30":null,"31":null,"32":null,"33":null,"34":null,"35":null,"36":0.015678,"37":0.031356,"38":0.041808,"39":null,"40":null,"41":0.088842,"42":0.10452,"43":null,"44":null},"safari":{"3.1":null,"3.2":null,"4":0,"5":0.015678,"5.1":0.088842,"6":0.062712,"6.1":0.10452,"7":0.13065,"7.1":0.010452,"8":0.33969,"9":0.219492,"9.1":0.925002,"10":1.897038,"0":null},"ios_saf":{"3.2":0,"4.0-4.1":0,"4.2-4.3":0,"5.0-5.1":0,"6.0-6.1":0,"7.0-7.1":0.434174877595,"8":0,"8.1-8.4":0.659108850325,"9.0-9.2":0.442021411528,"9.3":2.80121261388,"10.0-10.2":20.9842472467},"android":{"2.1":0,"2.2":0,"2.3":0,"3":0,"4":0.032098828125,"4.1":0.105467578125,"4.2-4.3":0.301991015625,"4.4":0.696348046875,"4.4.3-4.4.4":0.41531953125,"53":null},"op_mob":{"10":0,"11":0,"11.1":0,"11.5":0,"12":0,"12.1":0,"0":0.00947245608629},"ie":{"5.5":null,"6":0.0382589337861,"7":0.0163966859083,"8":0.519228387097,"9":0.552021758913,"10":0.475503891341,"11":4.82609121902},"edge":{"12":0.062712,"13":0.303108,"14":1.07133,"15":null},"bb":{"7":0.004773,"10":null},"ie_mob":{"10":0.0133644,"11":0.0534576},"and_ff":{"0":0.066822},"samsung":{"0":3.899541},"and_uc":{"0":1.121655},"op_mini":{"0":0.124171543914},"and_chr":{"0":15.872292}},"total":98.6195138761}