{"id":"MP","name":"Northern Mariana Islands","month":"2016-12","access_date":"2017-01-17","data":{"chrome":{"4":null,"5":null,"6":null,"7":null,"8":null,"9":null,"10":null,"11":null,"12":null,"13":null,"14":null,"15":null,"16":null,"17":null,"18":0.011922,"19":null,"20":0.023844,"21":null,"22":0.011922,"23":null,"24":null,"25":null,"26":0.023844,"27":null,"28":null,"29":null,"30":null,"31":0.309972,"32":null,"33":null,"34":0.029805,"35":null,"36":0.977604,"37":0.005961,"38":0.029805,"39":null,"40":0.041727,"41":0.005961,"42":0.011922,"43":0.029805,"44":0.041727,"45":0.184791,"46":0.053649,"47":0.011922,"48":null,"49":2.128077,"50":0.196713,"51":0.101337,"52":0.280167,"53":1.239888,"54":18.646008,"55":18.473139,"56":0.083454,"57":0.083454,"58":null},"firefox":{"2":null,"3":null,"3.5":null,"3.6":0.029805,"4":null,"5":null,"6":null,"7":null,"8":null,"9":null,"10":null,"11":null,"12":null,"13":null,"14":null,"15":null,"16":0.011922,"17":null,"18":null,"19":null,"20":null,"21":null,"22":null,"23":null,"24":null,"25":null,"26":null,"27":null,"28":null,"29":null,"30":null,"31":0.005961,"32":null,"33":null,"34":null,"35":null,"36":null,"37":null,"38":0.017883,"39":null,"40":0.035766,"41":0.011922,"42":0.041727,"43":0.053649,"44":null,"45":0.011922,"46":null,"47":0.23844,"48":0.262284,"49":0.101337,"50":2.956656,"51":0.011922,"52":null,"53":null},"opera":{"9":null,"9.5-9.6":null,"10.0-10.1":0,"10.5":null,"10.6":null,"11":null,"11.1":null,"11.5":null,"11.6":null,"12":null,"12.1":0.011922,"15":null,"16":null,"17":null,"18":null,"19":null,"20":null,"21":null,"22":null,"23":null,"24":null,"25":null,"26":null,"27":null,"28":null,"29":0.029805,"30":null,"31":null,"32":null,"33":null,"34":null,"35":null,"36":null,"37":0.220557,"38":null,"39":null,"40":null,"41":0.160947,"42":0.113259,"43":null,"44":null},"safari":{"3.1":null,"3.2":null,"4":0.095376,"5":0.011922,"5.1":0.053649,"6":null,"6.1":0.017883,"7":0.035766,"7.1":0.101337,"8":0.166908,"9":0.047688,"9.1":0.327855,"10":1.007409,"0":null},"ios_saf":{"3.2":0,"4.0-4.1":0,"4.2-4.3":0,"5.0-5.1":0,"6.0-6.1":0,"7.0-7.1":0.153334308026,"8":0,"8.1-8.4":0.232772563991,"9.0-9.2":0.156105409978,"9.3":0.989283396963,"10.0-10.2":7.41085032104},"android":{"2.1":0,"2.2":0,"2.3":0,"3":0,"4":0.0628501148649,"4.1":0.20650752027,"4.2-4.3":0.591304141892,"4.4":1.36346269595,"4.4.3-4.4.4":0.813203527027,"53":null},"op_mob":{"10":0,"11":0,"11.1":0,"11.5":0,"12":0,"12.1":0,"0":0.030917953775},"ie":{"5.5":null,"6":0.0119695453639,"7":0.00598477268195,"8":0.873776811565,"9":0.203482271186,"10":0.0837868175474,"11":4.82372678166},"edge":{"12":0.17883,"13":0.405348,"14":2.20557,"15":null},"bb":{"7":0,"10":null},"ie_mob":{"10":0.0137326,"11":0.0549304},"and_ff":{"0":0.008078},"samsung":{"0":7.726607},"and_uc":{"0":1.797355},"op_mini":{"0":0.405294046225},"and_chr":{"0":19.06848}},"total":99.109443}