{"id":"MQ","name":"Martinique","month":"2016-12","access_date":"2017-01-17","data":{"chrome":{"4":null,"5":null,"6":null,"7":null,"8":null,"9":null,"10":null,"11":0.012522,"12":null,"13":null,"14":null,"15":null,"16":null,"17":0.006261,"18":0.012522,"19":null,"20":null,"21":null,"22":0.012522,"23":null,"24":null,"25":null,"26":null,"27":0.012522,"28":null,"29":null,"30":null,"31":0.025044,"32":0.037566,"33":0.006261,"34":0.037566,"35":0.018783,"36":0.294267,"37":0.012522,"38":0.050088,"39":0.012522,"40":0.018783,"41":0.012522,"42":0.018783,"43":0.131481,"44":0.018783,"45":0.037566,"46":0.031305,"47":0.212874,"48":0.018783,"49":1.114458,"50":0.106437,"51":0.450792,"52":0.294267,"53":0.175308,"54":15.984333,"55":14.732133,"56":0.300528,"57":0.262962,"58":null},"firefox":{"2":null,"3":0.012522,"3.5":null,"3.6":0.018783,"4":null,"5":null,"6":null,"7":null,"8":null,"9":null,"10":null,"11":null,"12":null,"13":null,"14":null,"15":null,"16":null,"17":null,"18":null,"19":null,"20":null,"21":null,"22":null,"23":0.006261,"24":null,"25":null,"26":null,"27":0.012522,"28":null,"29":null,"30":null,"31":0.006261,"32":null,"33":0.025044,"34":0.018783,"35":null,"36":0.018783,"37":0.018783,"38":0.025044,"39":0.031305,"40":0.018783,"41":0.025044,"42":0.012522,"43":0.169047,"44":0.012522,"45":0.156525,"46":0.031305,"47":0.356877,"48":0.450792,"49":0.256701,"50":7.650942,"51":0.181569,"52":null,"53":0.012522},"opera":{"9":null,"9.5-9.6":null,"10.0-10.1":0,"10.5":null,"10.6":null,"11":null,"11.1":null,"11.5":null,"11.6":null,"12":null,"12.1":0.043827,"15":null,"16":null,"17":null,"18":null,"19":null,"20":null,"21":null,"22":null,"23":null,"24":null,"25":null,"26":null,"27":null,"28":null,"29":null,"30":null,"31":null,"32":null,"33":null,"34":null,"35":null,"36":null,"37":null,"38":0.087654,"39":null,"40":null,"41":0.394443,"42":0.131481,"43":null,"44":null},"safari":{"3.1":null,"3.2":null,"4":0.012522,"5":0.075132,"5.1":0.269223,"6":0.012522,"6.1":0.175308,"7":0.031305,"7.1":0.012522,"8":0.237918,"9":0.469575,"9.1":1.18959,"10":3.211893,"0":null},"ios_saf":{"3.2":0,"4.0-4.1":0,"4.2-4.3":0,"5.0-5.1":0,"6.0-6.1":0,"7.0-7.1":0.111008577626,"8":0,"8.1-8.4":0.168519045553,"9.0-9.2":0.11301475674,"9.3":0.716205943601,"10.0-10.2":5.36519167648},"android":{"2.1":0,"2.2":0,"2.3":0,"3":0,"4":0.0398559543919,"4.1":0.130955278716,"4.2-4.3":0.374971326014,"4.4":0.864630194257,"4.4.3-4.4.4":0.515687246622,"53":null},"op_mob":{"10":0,"11":0,"11.1":0,"11.5":0,"12":0,"12.1":0,"0":0.0660061016949},"ie":{"5.5":null,"6":null,"7":0.0125881664465,"8":0.100705331572,"9":0.157352080581,"10":0.169940247028,"11":4.32403517437},"edge":{"12":0.269223,"13":0.538446,"14":3.462333,"15":null},"bb":{"7":0.00561,"10":null},"ie_mob":{"10":0.044132,"11":0.176528},"and_ff":{"0":0.0187},"samsung":{"0":4.7311},"and_uc":{"0":0.13838},"op_mini":{"0":0.865253898305},"and_chr":{"0":24.379831}},"total":98.217427}