{"id":"MS","name":"Montserrat","month":"2016-12","access_date":"2017-01-17","data":{"chrome":{"4":null,"5":null,"6":null,"7":null,"8":null,"9":null,"10":null,"11":null,"12":null,"13":null,"14":null,"15":null,"16":0.022251,"17":null,"18":0.07417,"19":null,"20":null,"21":null,"22":0.007417,"23":null,"24":null,"25":null,"26":null,"27":null,"28":0.044502,"29":0.007417,"30":null,"31":null,"32":null,"33":null,"34":null,"35":null,"36":null,"37":0.022251,"38":0.022251,"39":null,"40":null,"41":0.051919,"42":null,"43":0.170591,"44":0.044502,"45":null,"46":0.007417,"47":null,"48":0.044502,"49":0.155757,"50":0.126089,"51":0.155757,"52":0.378267,"53":2.981634,"54":21.983988,"55":25.165881,"56":1.268307,"57":5.362491,"58":null},"firefox":{"2":null,"3":null,"3.5":null,"3.6":null,"4":0.051919,"5":0.022251,"6":null,"7":null,"8":null,"9":null,"10":null,"11":null,"12":null,"13":null,"14":null,"15":null,"16":null,"17":null,"18":null,"19":null,"20":null,"21":null,"22":null,"23":null,"24":null,"25":null,"26":null,"27":null,"28":null,"29":null,"30":null,"31":null,"32":null,"33":0.029668,"34":null,"35":null,"36":null,"37":null,"38":null,"39":0.563692,"40":0.029668,"41":0.111255,"42":null,"43":0.007417,"44":null,"45":null,"46":0.089004,"47":0.029668,"48":0.192842,"49":0.534024,"50":2.877796,"51":null,"52":null,"53":null},"opera":{"9":null,"9.5-9.6":null,"10.0-10.1":0,"10.5":null,"10.6":null,"11":null,"11.1":null,"11.5":null,"11.6":null,"12":null,"12.1":0.07417,"15":null,"16":null,"17":null,"18":null,"19":null,"20":null,"21":null,"22":null,"23":null,"24":null,"25":null,"26":null,"27":null,"28":null,"29":null,"30":null,"31":null,"32":null,"33":null,"34":null,"35":null,"36":null,"37":null,"38":null,"39":null,"40":null,"41":0.155757,"42":0.133506,"43":null,"44":null},"safari":{"3.1":null,"3.2":null,"4":0,"5":null,"5.1":0.022251,"6":null,"6.1":null,"7":null,"7.1":null,"8":0.022251,"9":0.044502,"9.1":0.882623,"10":0.956793,"0":null},"ios_saf":{"3.2":0,"4.0-4.1":0,"4.2-4.3":0,"5.0-5.1":0,"6.0-6.1":0,"7.0-7.1":0.0822034880694,"8":0,"8.1-8.4":0.12479083731,"9.0-9.2":0.0836890932755,"9.3":0.530361058568,"10.0-10.2":3.97300352278},"android":{"2.1":0,"2.2":0,"2.3":0,"3":0,"4":0.0206312761824,"4.1":0.0677884788851,"4.2-4.3":0.194102414696,"4.4":0.447572379223,"4.4.3-4.4.4":0.266943451014,"53":null},"op_mob":{"10":0,"11":0,"11.1":0,"11.5":0,"12":0,"12.1":0,"0":0.00823853620955},"ie":{"5.5":null,"6":null,"7":0.051919,"8":0.051919,"9":null,"10":0.356016,"11":4.717212},"edge":{"12":0.07417,"13":1.082882,"14":1.431481,"15":null},"bb":{"7":0,"10":null},"ie_mob":{"10":0.0604422,"11":0.2417688},"and_ff":{"0":null},"samsung":{"0":3.680775},"and_uc":{"0":0.405531},"op_mini":{"0":0.10799646379},"and_chr":{"0":16.870477}},"total":99.860332}