{"id":"MT","name":"Malta","month":"2016-12","access_date":"2017-01-17","data":{"chrome":{"4":null,"5":null,"6":null,"7":null,"8":null,"9":null,"10":null,"11":0.013986,"12":null,"13":null,"14":null,"15":null,"16":null,"17":null,"18":0.006993,"19":null,"20":null,"21":null,"22":0.048951,"23":null,"24":null,"25":0.006993,"26":0.034965,"27":null,"28":0.006993,"29":null,"30":null,"31":0.013986,"32":0.062937,"33":0.006993,"34":0.013986,"35":0.048951,"36":0.916083,"37":0.034965,"38":0.013986,"39":0.160839,"40":0.062937,"41":0.006993,"42":0.027972,"43":0.06993,"44":0.034965,"45":0.055944,"46":0.020979,"47":0.034965,"48":0.062937,"49":2.160837,"50":0.104895,"51":0.552447,"52":0.237762,"53":0.293706,"54":23.027949,"55":19.461519,"56":0.104895,"57":0.041958,"58":null},"firefox":{"2":null,"3":null,"3.5":null,"3.6":0.013986,"4":null,"5":null,"6":null,"7":null,"8":null,"9":null,"10":null,"11":null,"12":0.006993,"13":null,"14":null,"15":null,"16":null,"17":null,"18":null,"19":null,"20":0.013986,"21":0.006993,"22":0.013986,"23":null,"24":null,"25":null,"26":0.006993,"27":null,"28":null,"29":0.013986,"30":0.020979,"31":null,"32":null,"33":0.006993,"34":0.020979,"35":0.034965,"36":0.020979,"37":0.027972,"38":0.118881,"39":0.048951,"40":0.06993,"41":0.027972,"42":0.027972,"43":0.104895,"44":0.020979,"45":0.06993,"46":0.062937,"47":0.370629,"48":0.265734,"49":0.293706,"50":6.391602,"51":0.202797,"52":null,"53":null},"opera":{"9":null,"9.5-9.6":null,"10.0-10.1":0,"10.5":null,"10.6":null,"11":null,"11.1":null,"11.5":null,"11.6":null,"12":null,"12.1":0.020979,"15":null,"16":null,"17":null,"18":null,"19":null,"20":null,"21":null,"22":null,"23":null,"24":null,"25":null,"26":null,"27":null,"28":null,"29":null,"30":null,"31":null,"32":null,"33":null,"34":null,"35":null,"36":0.013986,"37":null,"38":0.041958,"39":null,"40":null,"41":0.244755,"42":0.125874,"43":null,"44":null},"safari":{"3.1":null,"3.2":null,"4":0,"5":0.013986,"5.1":0.055944,"6":0.006993,"6.1":0.041958,"7":0.013986,"7.1":null,"8":0.230769,"9":0.188811,"9.1":0.678321,"10":2.384613,"0":null},"ios_saf":{"3.2":0,"4.0-4.1":0,"4.2-4.3":0,"5.0-5.1":0,"6.0-6.1":0,"7.0-7.1":0.132511759116,"8":0,"8.1-8.4":0.201162429501,"9.0-9.2":0.134906549943,"9.3":0.85494032538,"10.0-10.2":6.40446893606},"android":{"2.1":0,"2.2":0,"2.3":0,"3":0,"4":0.0273156997466,"4.1":0.0897515848818,"4.2-4.3":0.256990562922,"4.4":0.592583445524,"4.4.3-4.4.4":0.353431706926,"53":null},"op_mob":{"10":0,"11":0,"11.1":0,"11.5":0,"12":0,"12.1":0,"0":0.00682019106317},"ie":{"5.5":null,"6":null,"7":null,"8":0.398601,"9":0.195804,"10":0.132867,"11":4.188807},"edge":{"12":0.076923,"13":0.720279,"14":2.678319,"15":null},"bb":{"7":0.00826925,"10":null},"ie_mob":{"10":0.0944198,"11":0.3776792},"and_ff":{"0":0.021049},"samsung":{"0":3.677561},"and_uc":{"0":0.108252},"op_mini":{"0":0.0894038089368},"and_chr":{"0":16.818709}},"total":98.74666125}