{"id":"MU","name":"Mauritius","month":"2016-12","access_date":"2017-01-17","data":{"chrome":{"4":null,"5":null,"6":null,"7":null,"8":null,"9":null,"10":null,"11":0.01581,"12":null,"13":null,"14":null,"15":null,"16":null,"17":null,"18":0.02635,"19":null,"20":null,"21":null,"22":0.08432,"23":0.01054,"24":null,"25":null,"26":0.04743,"27":null,"28":0.01054,"29":0.01054,"30":null,"31":0.07378,"32":0.06851,"33":0.01581,"34":0.07905,"35":0.07378,"36":0.44268,"37":0.02108,"38":0.04216,"39":0.03162,"40":0.02108,"41":0.03689,"42":0.02108,"43":0.08959,"44":0.05797,"45":0.06324,"46":0.03162,"47":0.03689,"48":0.04216,"49":1.16994,"50":0.12121,"51":0.25296,"52":0.44268,"53":0.23715,"54":16.64266,"55":14.65587,"56":0.17391,"57":0.06851,"58":null},"firefox":{"2":null,"3":0.01054,"3.5":0.00527,"3.6":0.01054,"4":null,"5":null,"6":null,"7":null,"8":null,"9":0.00527,"10":0.00527,"11":0.00527,"12":0.01054,"13":null,"14":null,"15":null,"16":0.02108,"17":null,"18":0.00527,"19":0.01054,"20":0.00527,"21":0.00527,"22":0.01054,"23":null,"24":0.00527,"25":null,"26":null,"27":0.01054,"28":null,"29":0.00527,"30":0.01054,"31":0.03689,"32":null,"33":0.01054,"34":0.00527,"35":0.01054,"36":0.01581,"37":0.02635,"38":0.06324,"39":0.04216,"40":0.01581,"41":0.01581,"42":0.02108,"43":0.09486,"44":0.06851,"45":0.07378,"46":0.0527,"47":0.25296,"48":0.24242,"49":0.25296,"50":6.59804,"51":0.3689,"52":0.02635,"53":null},"opera":{"9":null,"9.5-9.6":null,"10.0-10.1":0,"10.5":null,"10.6":null,"11":null,"11.1":null,"11.5":null,"11.6":null,"12":null,"12.1":0.02635,"15":null,"16":null,"17":null,"18":null,"19":null,"20":null,"21":null,"22":null,"23":null,"24":null,"25":null,"26":null,"27":null,"28":null,"29":null,"30":null,"31":null,"32":null,"33":null,"34":null,"35":null,"36":0.02108,"37":0.02108,"38":0.02108,"39":null,"40":0.01581,"41":0.51646,"42":0.2108,"43":null,"44":null},"safari":{"3.1":null,"3.2":0.07378,"4":0,"5":0.06324,"5.1":0.04743,"6":0.03162,"6.1":0.01581,"7":0.03689,"7.1":0.03162,"8":0.17391,"9":0.15283,"9.1":0.45322,"10":1.10143,"0":null},"ios_saf":{"3.2":0,"4.0-4.1":0,"4.2-4.3":0,"5.0-5.1":0,"6.0-6.1":0,"7.0-7.1":0.0493224220638,"8":0,"8.1-8.4":0.0748750021692,"9.0-9.2":0.0502137911373,"9.3":0.318218759219,"10.0-10.2":2.38381802541},"android":{"2.1":0,"2.2":0,"2.3":0,"3":0,"4":0.0801772639358,"4.1":0.263439581503,"4.2-4.3":0.754320789274,"4.4":1.7393557462,"4.4.3-4.4.4":1.03739561909,"53":null},"op_mob":{"10":0,"11":0,"11.1":0,"11.5":0,"12":0,"12.1":0,"0":0.741403830508},"ie":{"5.5":null,"6":null,"7":0.00532866419295,"8":0.245118552876,"9":0.117230612245,"10":0.18117458256,"11":2.32329758813},"edge":{"12":0.13702,"13":0.30566,"14":1.15413,"15":null},"bb":{"7":0.0260205,"10":null},"ie_mob":{"10":0.156123,"11":0.624492},"and_ff":{"0":0.075696},"samsung":{"0":5.066901},"and_uc":{"0":2.715594},"op_mini":{"0":9.71883716949},"and_chr":{"0":21.794643}},"total":98.8109275}