{"id":"MV","name":"Maldives","month":"2016-12","access_date":"2017-01-17","data":{"chrome":{"4":null,"5":null,"6":null,"7":null,"8":null,"9":null,"10":null,"11":0.00348,"12":0.02088,"13":null,"14":null,"15":null,"16":0.00696,"17":0.00696,"18":0.01044,"19":0.00696,"20":null,"21":0.00348,"22":null,"23":0.01392,"24":null,"25":0.00348,"26":null,"27":0.00696,"28":0.00348,"29":0.00696,"30":0.02088,"31":0.02784,"32":0.0174,"33":0.02088,"34":0.02784,"35":0.01044,"36":0.02436,"37":null,"38":0.02436,"39":0.0174,"40":0.01392,"41":null,"42":0.0174,"43":0.07308,"44":0.0348,"45":0.02088,"46":0.02088,"47":0.03132,"48":0.30624,"49":0.41412,"50":0.07308,"51":0.087,"52":0.1914,"53":0.14616,"54":10.66272,"55":11.36916,"56":0.11484,"57":0.03132,"58":null},"firefox":{"2":null,"3":0.00696,"3.5":null,"3.6":0.00348,"4":0.01044,"5":null,"6":0.00348,"7":null,"8":0.01044,"9":null,"10":0.00696,"11":0.05568,"12":0.00696,"13":0.00348,"14":0.00696,"15":0.00348,"16":null,"17":0.00348,"18":0.01392,"19":0.00348,"20":null,"21":null,"22":null,"23":0.00348,"24":0.00348,"25":null,"26":null,"27":null,"28":0.00696,"29":0.01044,"30":0.02784,"31":null,"32":0.00348,"33":0.02088,"34":null,"35":null,"36":null,"37":0.02436,"38":0.02784,"39":0.03828,"40":0.00696,"41":0.02436,"42":0.0174,"43":0.09744,"44":0.14964,"45":0.09396,"46":0.0522,"47":0.2088,"48":0.16008,"49":0.29232,"50":3.90456,"51":0.42108,"52":null,"53":0.01044},"opera":{"9":null,"9.5-9.6":null,"10.0-10.1":0,"10.5":null,"10.6":null,"11":null,"11.1":null,"11.5":null,"11.6":null,"12":null,"12.1":0.00696,"15":null,"16":null,"17":null,"18":null,"19":null,"20":0.01044,"21":null,"22":null,"23":null,"24":null,"25":null,"26":null,"27":null,"28":null,"29":null,"30":null,"31":null,"32":null,"33":null,"34":null,"35":null,"36":null,"37":0.02088,"38":0.00348,"39":null,"40":0.02784,"41":0.1566,"42":0.09048,"43":null,"44":null},"safari":{"3.1":null,"3.2":null,"4":0,"5":0.0174,"5.1":null,"6":null,"6.1":0.0522,"7":null,"7.1":null,"8":0.04524,"9":0.04872,"9.1":0.22968,"10":0.85608,"0":null},"ios_saf":{"3.2":0,"4.0-4.1":0,"4.2-4.3":0,"5.0-5.1":0,"6.0-6.1":0,"7.0-7.1":0.170939704576,"8":0,"8.1-8.4":0.259498828633,"9.0-9.2":0.174028976345,"9.3":1.10287002169,"10.0-10.2":8.26174246875},"android":{"2.1":0,"2.2":0,"2.3":0,"3":0,"4":0.0754177871622,"4.1":0.247801300676,"4.2-4.3":0.70954285473,"4.4":1.63610423986,"4.4.3-4.4.4":0.975813817568,"53":null},"op_mob":{"10":0,"11":0,"11.1":0,"11.5":0,"12":0,"12.1":0,"0":0.500944961479},"ie":{"5.5":null,"6":0.00696,"7":null,"8":0.09048,"9":0.03828,"10":0.087,"11":0.68904},"edge":{"12":0.0696,"13":0.09396,"14":0.435,"15":null},"bb":{"7":0.00815,"10":null},"ie_mob":{"10":0.046944,"11":0.187776},"and_ff":{"0":0.07824},"samsung":{"0":4.7922},"and_uc":{"0":5.62024},"op_mini":{"0":6.56673503852},"and_chr":{"0":34.6822}},"total":98.81267}