{"id":"MW","name":"Malawi","month":"2016-12","access_date":"2017-01-17","data":{"chrome":{"4":null,"5":null,"6":null,"7":null,"8":null,"9":null,"10":null,"11":0.017119,"12":null,"13":null,"14":0.000901,"15":null,"16":null,"17":null,"18":0.002703,"19":0.002703,"20":0.001802,"21":0.001802,"22":null,"23":null,"24":null,"25":0.004505,"26":0.011713,"27":0.003604,"28":0.004505,"29":null,"30":0.000901,"31":0.024327,"32":0.009911,"33":0.005406,"34":0.003604,"35":0.001802,"36":0.021624,"37":0.000901,"38":0.006307,"39":0.006307,"40":0.017119,"41":0.003604,"42":0.008109,"43":0.053159,"44":0.00901,"45":0.031535,"46":0.004505,"47":0.00901,"48":0.00901,"49":0.074783,"50":0.031535,"51":0.06307,"52":0.050456,"53":0.069377,"54":1.49566,"55":1.19833,"56":0.01802,"57":0.012614,"58":null},"firefox":{"2":0.000901,"3":0.061268,"3.5":0.000901,"3.6":0.008109,"4":0.006307,"5":0.010812,"6":0.001802,"7":0.002703,"8":0.003604,"9":0.004505,"10":0.001802,"11":0.007208,"12":0.008109,"13":0.006307,"14":0.005406,"15":0.008109,"16":0.005406,"17":0.009911,"18":0.005406,"19":0.006307,"20":0.007208,"21":0.013515,"22":0.008109,"23":0.009911,"24":0.005406,"25":0.003604,"26":0.015317,"27":0.004505,"28":0.005406,"29":0.033337,"30":0.017119,"31":0.00901,"32":0.014416,"33":0.016218,"34":0.029733,"35":0.011713,"36":0.021624,"37":0.022525,"38":0.032436,"39":0.011713,"40":0.016218,"41":0.034238,"42":0.010812,"43":0.075684,"44":0.091001,"45":0.027931,"46":0.021624,"47":0.227052,"48":0.09911,"49":0.175695,"50":1.379431,"51":0.170289,"52":0.00901,"53":0.000901},"opera":{"9":null,"9.5-9.6":null,"10.0-10.1":0,"10.5":null,"10.6":0.001802,"11":0.002703,"11.1":0.001802,"11.5":0.002703,"11.6":0.006307,"12":0.005406,"12.1":0.014416,"15":0.002703,"16":0.000901,"17":0.007208,"18":0.002703,"19":0.000901,"20":0.003604,"21":0.003604,"22":0.005406,"23":0.000901,"24":null,"25":null,"26":null,"27":null,"28":0.001802,"29":0.010812,"30":0.001802,"31":0.001802,"32":null,"33":0.003604,"34":0.00901,"35":0.002703,"36":0.023426,"37":0.071179,"38":0.006307,"39":0.011713,"40":0.021624,"41":0.25228,"42":0.041446,"43":null,"44":null},"safari":{"3.1":null,"3.2":null,"4":0,"5":0.001802,"5.1":0.008109,"6":0.001802,"6.1":0.001802,"7":0.017119,"7.1":0.00901,"8":0.034238,"9":0.021624,"9.1":0.077486,"10":0.075684,"0":null},"ios_saf":{"3.2":0,"4.0-4.1":0,"4.2-4.3":0,"5.0-5.1":0,"6.0-6.1":0,"7.0-7.1":0.0138873463485,"8":0,"8.1-8.4":0.0210819956616,"9.0-9.2":0.0141383224873,"9.3":0.0895984815618,"10.0-10.2":0.671193853941},"android":{"2.1":0,"2.2":0,"2.3":0,"3":0,"4":0.0595035472973,"4.1":0.195511655405,"4.2-4.3":0.559819087838,"4.4":1.29086266892,"4.4.3-4.4.4":0.769903040541,"53":null},"op_mob":{"10":0,"11":0,"11.1":0,"11.5":0,"12":0,"12.1":0,"0":2.56513436055},"ie":{"5.5":null,"6":0.001802,"7":0.002703,"8":0.203626,"9":0.052258,"10":0.068476,"11":0.791979},"edge":{"12":0.12614,"13":0.080189,"14":0.109922,"15":null},"bb":{"7":0.1911,"10":null},"ie_mob":{"10":0.48048,"11":1.92192},"and_ff":{"0":0.0182},"samsung":{"0":0.8827},"and_uc":{"0":40.5678},"op_mini":{"0":33.6255656394},"and_chr":{"0":5.465229}},"total":97.700037}