{"id":"MY","name":"Malaysia","month":"2016-12","access_date":"2017-01-17","data":{"chrome":{"4":null,"5":null,"6":0.004237,"7":null,"8":null,"9":null,"10":0.016948,"11":0.025422,"12":0.008474,"13":null,"14":0.008474,"15":0.008474,"16":null,"17":null,"18":0.008474,"19":0.004237,"20":0.008474,"21":0.008474,"22":0.016948,"23":0.008474,"24":0.004237,"25":0.004237,"26":0.012711,"27":0.012711,"28":0.016948,"29":0.012711,"30":0.021185,"31":0.093214,"32":0.033896,"33":0.059318,"34":0.021185,"35":0.029659,"36":0.16948,"37":0.021185,"38":0.038133,"39":0.04237,"40":0.021185,"41":0.046607,"42":0.029659,"43":0.093214,"44":0.059318,"45":0.105925,"46":0.110162,"47":0.076266,"48":0.08474,"49":1.56769,"50":0.135584,"51":0.377093,"52":0.427937,"53":0.385567,"54":13.274521,"55":13.09233,"56":0.16948,"57":0.097451,"58":null},"firefox":{"2":null,"3":0.016948,"3.5":null,"3.6":0.012711,"4":null,"5":null,"6":null,"7":null,"8":null,"9":null,"10":0.004237,"11":0.008474,"12":0.012711,"13":0.004237,"14":0.004237,"15":0.004237,"16":0.012711,"17":0.004237,"18":null,"19":0.004237,"20":0.004237,"21":0.016948,"22":0.008474,"23":0.008474,"24":0.008474,"25":0.008474,"26":null,"27":0.016948,"28":0.004237,"29":0.021185,"30":0.008474,"31":0.012711,"32":0.008474,"33":0.012711,"34":0.008474,"35":0.016948,"36":0.021185,"37":0.029659,"38":0.038133,"39":0.033896,"40":0.029659,"41":0.021185,"42":0.025422,"43":0.101688,"44":0.063555,"45":0.097451,"46":0.055081,"47":0.245746,"48":0.199139,"49":0.21185,"50":3.826011,"51":0.288116,"52":null,"53":null},"opera":{"9":null,"9.5-9.6":null,"10.0-10.1":0,"10.5":null,"10.6":null,"11":null,"11.1":null,"11.5":null,"11.6":null,"12":null,"12.1":0.008474,"15":null,"16":null,"17":null,"18":null,"19":null,"20":null,"21":null,"22":null,"23":null,"24":null,"25":null,"26":null,"27":null,"28":0.025422,"29":null,"30":null,"31":null,"32":null,"33":null,"34":null,"35":null,"36":0.008474,"37":0.033896,"38":0.012711,"39":null,"40":null,"41":0.144058,"42":0.072029,"43":null,"44":null},"safari":{"3.1":null,"3.2":null,"4":0,"5":0.016948,"5.1":0.029659,"6":0.008474,"6.1":0.025422,"7":0.029659,"7.1":0.008474,"8":0.12711,"9":0.097451,"9.1":0.309301,"10":0.728764,"0":null},"ios_saf":{"3.2":0,"4.0-4.1":0,"4.2-4.3":0,"5.0-5.1":0,"6.0-6.1":0,"7.0-7.1":0.11672442351,"8":0,"8.1-8.4":0.177196112798,"9.0-9.2":0.118833901043,"9.3":0.753083479393,"10.0-10.2":5.64144608326},"android":{"2.1":0,"2.2":0,"2.3":0,"3":0,"4":0.109253114865,"4.1":0.35897452027,"4.2-4.3":1.02787114189,"4.4":2.37012369595,"4.4.3-4.4.4":1.41360152703,"53":null},"op_mob":{"10":0,"11":0,"11.1":0,"11.5":0,"12":0,"12.1":0,"0":0.254930440678},"ie":{"5.5":null,"6":0.0171901142857,"7":0.0128925857143,"8":0.279339357143,"9":0.176198671429,"10":0.133223385714,"11":1.47834982857},"edge":{"12":0.029659,"13":0.093214,"14":0.4237,"15":null},"bb":{"7":0.021615,"10":null},"ie_mob":{"10":0.0357368,"11":0.1429472},"and_ff":{"0":0.02882},"samsung":{"0":3.63132},"and_uc":{"0":7.26264},"op_mini":{"0":3.34180555932},"and_chr":{"0":31.202453}},"total":98.7564839429}