{"id":"NC","name":"New Caledonia","month":"2016-12","access_date":"2017-01-17","data":{"chrome":{"4":null,"5":null,"6":null,"7":null,"8":null,"9":null,"10":null,"11":null,"12":null,"13":null,"14":null,"15":0.013454,"16":null,"17":null,"18":0.006727,"19":null,"20":null,"21":null,"22":null,"23":0.020181,"24":null,"25":null,"26":null,"27":null,"28":null,"29":null,"30":null,"31":0.006727,"32":0.121086,"33":null,"34":0.013454,"35":null,"36":0.827421,"37":null,"38":0.013454,"39":null,"40":0.026908,"41":null,"42":null,"43":0.147994,"44":0.013454,"45":0.033635,"46":0.047089,"47":0.020181,"48":0.033635,"49":2.314088,"50":0.026908,"51":0.073997,"52":0.188356,"53":0.248899,"54":14.765765,"55":13.11765,"56":0.080724,"57":null,"58":null},"firefox":{"2":null,"3":null,"3.5":null,"3.6":null,"4":0.006727,"5":null,"6":null,"7":null,"8":null,"9":null,"10":null,"11":null,"12":null,"13":null,"14":0.020181,"15":null,"16":0.033635,"17":0.047089,"18":null,"19":null,"20":0.006727,"21":0.013454,"22":null,"23":0.006727,"24":0.013454,"25":0.013454,"26":null,"27":null,"28":null,"29":0.013454,"30":null,"31":null,"32":0.013454,"33":0.006727,"34":null,"35":0.040362,"36":0.013454,"37":0.040362,"38":0.147994,"39":0.026908,"40":0.060543,"41":0.248899,"42":0.087451,"43":0.073997,"44":0.053816,"45":1.049412,"46":0.033635,"47":0.282534,"48":1.257949,"49":0.349804,"50":12.599671,"51":0.020181,"52":null,"53":null},"opera":{"9":null,"9.5-9.6":null,"10.0-10.1":0,"10.5":null,"10.6":null,"11":null,"11.1":null,"11.5":null,"11.6":null,"12":null,"12.1":0.060543,"15":null,"16":null,"17":null,"18":null,"19":null,"20":null,"21":null,"22":null,"23":null,"24":null,"25":null,"26":null,"27":null,"28":null,"29":null,"30":null,"31":null,"32":null,"33":null,"34":null,"35":null,"36":0.033635,"37":0.013454,"38":null,"39":null,"40":null,"41":0.161448,"42":0.114359,"43":null,"44":null},"safari":{"3.1":null,"3.2":null,"4":0.013454,"5":0.228718,"5.1":0.417074,"6":0.047089,"6.1":0.652519,"7":0.073997,"7.1":0.013454,"8":0.531433,"9":0.154721,"9.1":1.607753,"10":3.49804,"0":null},"ios_saf":{"3.2":0,"4.0-4.1":0,"4.2-4.3":0,"5.0-5.1":0,"6.0-6.1":0,"7.0-7.1":0.169320360087,"8":0,"8.1-8.4":0.257040546638,"9.0-9.2":0.172380366594,"9.3":1.09242232321,"10.0-10.2":8.18347740347},"android":{"2.1":0,"2.2":0,"2.3":0,"3":0,"4":0.0501855392736,"4.1":0.164895343328,"4.2-4.3":0.472153747044,"4.4":1.08871894383,"4.4.3-4.4.4":0.64933942652,"53":null},"op_mob":{"10":0,"11":0,"11.1":0,"11.5":0,"12":0,"12.1":0,"0":0.00835144530046},"ie":{"5.5":null,"6":null,"7":null,"8":0.423801,"9":0.100905,"10":0.289261,"11":4.903983},"edge":{"12":0.094178,"13":0.322896,"14":2.89261,"15":null},"bb":{"7":0.00409125,"10":null},"ie_mob":{"10":0.055641,"11":0.222564},"and_ff":{"0":0.160377},"samsung":{"0":4.664025},"and_uc":{"0":0.232383},"op_mini":{"0":0.1094765547},"and_chr":{"0":15.177912}},"total":98.32792225}