{"id":"NG","name":"Nigeria","month":"2016-12","access_date":"2017-01-17","data":{"chrome":{"4":0.001596,"5":null,"6":null,"7":null,"8":null,"9":0.001596,"10":null,"11":0.01596,"12":null,"13":null,"14":null,"15":0.02394,"16":null,"17":null,"18":0.001596,"19":0.006384,"20":0.006384,"21":0.014364,"22":0.012768,"23":0.043092,"24":0.003192,"25":0.004788,"26":0.027132,"27":0.00798,"28":0.01596,"29":0.011172,"30":0.00798,"31":0.05586,"32":0.017556,"33":0.020748,"34":0.004788,"35":0.003192,"36":0.009576,"37":0.004788,"38":0.006384,"39":0.011172,"40":0.00798,"41":0.004788,"42":0.00798,"43":0.046284,"44":0.00798,"45":0.03192,"46":0.012768,"47":0.02394,"48":0.020748,"49":0.156408,"50":0.03192,"51":0.090972,"52":0.16758,"53":0.098952,"54":2.963772,"55":2.762676,"56":0.043092,"57":0.02394,"58":null},"firefox":{"2":null,"3":0.030324,"3.5":null,"3.6":0.022344,"4":0.017556,"5":0.003192,"6":0.003192,"7":0.02394,"8":0.003192,"9":0.003192,"10":0.01596,"11":0.017556,"12":0.014364,"13":0.035112,"14":0.00798,"15":0.059052,"16":0.009576,"17":0.004788,"18":0.011172,"19":0.028728,"20":0.006384,"21":0.00798,"22":0.006384,"23":0.004788,"24":0.003192,"25":0.00798,"26":0.004788,"27":0.00798,"28":0.006384,"29":0.027132,"30":0.017556,"31":0.014364,"32":0.00798,"33":0.014364,"34":0.019152,"35":0.027132,"36":0.017556,"37":0.020748,"38":0.028728,"39":0.033516,"40":0.0399,"41":0.0399,"42":0.035112,"43":0.213864,"44":0.229824,"45":0.082992,"46":0.086184,"47":0.437304,"48":0.186732,"49":0.44688,"50":2.550408,"51":0.35112,"52":0.006384,"53":null},"opera":{"9":null,"9.5-9.6":0.004788,"10.0-10.1":0,"10.5":0.001596,"10.6":null,"11":null,"11.1":null,"11.5":0.004788,"11.6":0.003192,"12":0.011172,"12.1":0.022344,"15":0.003192,"16":null,"17":null,"18":0.004788,"19":0.004788,"20":0.001596,"21":null,"22":0.001596,"23":null,"24":null,"25":0.003192,"26":null,"27":0.001596,"28":0.003192,"29":0.006384,"30":0.009576,"31":null,"32":0.006384,"33":0.009576,"34":0.00798,"35":0.012768,"36":0.00798,"37":0.134064,"38":0.006384,"39":0.00798,"40":0.009576,"41":0.261744,"42":0.106932,"43":null,"44":null},"safari":{"3.1":null,"3.2":null,"4":0.003192,"5":null,"5.1":0.006384,"6":null,"6.1":0.004788,"7":0.004788,"7.1":0.054264,"8":0.020748,"9":0.01596,"9.1":0.054264,"10":0.13566,"0":null},"ios_saf":{"3.2":0,"4.0-4.1":0,"4.2-4.3":0,"5.0-5.1":0,"6.0-6.1":0,"7.0-7.1":0.0210390810867,"8":0,"8.1-8.4":0.031938845987,"9.0-9.2":0.0214193054437,"9.3":0.135740095445,"10.0-10.2":1.01684667204},"android":{"2.1":0,"2.2":0,"2.3":0,"3":0,"4":0.0424316824324,"4.1":0.139418385135,"4.2-4.3":0.399204195946,"4.4":0.920507722973,"4.4.3-4.4.4":0.549014013514,"53":null},"op_mob":{"10":0,"11":0,"11.1":0,"11.5":0,"12":0,"12.1":0,"0":4.07729966102},"ie":{"5.5":null,"6":0.00503771428571,"7":0.00167923809524,"8":0.156169142857,"9":0.0403017142857,"10":0.0940373333333,"11":0.443318857143},"edge":{"12":0.065436,"13":0.060648,"14":0.138852,"15":null},"bb":{"7":0.661815,"10":null},"ie_mob":{"10":0.2487584,"11":0.9950336},"and_ff":{"0":0.075636},"samsung":{"0":0.773168},"and_uc":{"0":9.437692},"op_mini":{"0":53.448080339},"and_chr":{"0":9.614616}},"total":96.719895}