{"id":"NI","name":"Nicaragua","month":"2016-12","access_date":"2017-01-17","data":{"chrome":{"4":null,"5":null,"6":null,"7":null,"8":null,"9":null,"10":null,"11":0.034391,"12":null,"13":null,"14":null,"15":null,"16":null,"17":null,"18":0.029478,"19":null,"20":null,"21":0.009826,"22":0.014739,"23":0.009826,"24":null,"25":0.004913,"26":0.024565,"27":0.014739,"28":null,"29":0.024565,"30":0.014739,"31":0.024565,"32":0.009826,"33":0.004913,"34":0.024565,"35":0.024565,"36":0.029478,"37":0.024565,"38":0.04913,"39":0.024565,"40":0.068782,"41":0.029478,"42":0.014739,"43":0.137564,"44":0.039304,"45":0.112999,"46":0.058956,"47":0.09826,"48":0.063869,"49":1.085773,"50":0.103173,"51":0.284954,"52":0.309519,"53":0.363562,"54":18.246882,"55":15.028867,"56":0.073695,"57":0.024565,"58":null},"firefox":{"2":null,"3":0.014739,"3.5":null,"3.6":0.004913,"4":null,"5":null,"6":null,"7":null,"8":null,"9":null,"10":null,"11":null,"12":0.004913,"13":0.004913,"14":0.014739,"15":null,"16":null,"17":null,"18":null,"19":null,"20":null,"21":0.019652,"22":0.014739,"23":0.004913,"24":0.004913,"25":0.004913,"26":null,"27":null,"28":0.004913,"29":0.009826,"30":0.009826,"31":0.009826,"32":0.004913,"33":0.014739,"34":0.004913,"35":0.014739,"36":0.019652,"37":0.019652,"38":0.034391,"39":0.034391,"40":0.029478,"41":0.024565,"42":0.024565,"43":0.157216,"44":0.024565,"45":0.068782,"46":0.044217,"47":0.299693,"48":0.142477,"49":0.240737,"50":4.303788,"51":0.034391,"52":0.019652,"53":null},"opera":{"9":null,"9.5-9.6":null,"10.0-10.1":0,"10.5":null,"10.6":null,"11":null,"11.1":null,"11.5":null,"11.6":null,"12":null,"12.1":0.004913,"15":null,"16":null,"17":null,"18":null,"19":null,"20":null,"21":null,"22":null,"23":null,"24":null,"25":null,"26":null,"27":0.004913,"28":0.009826,"29":0.063869,"30":null,"31":null,"32":0.004913,"33":0.034391,"34":null,"35":null,"36":0.014739,"37":0.083521,"38":0.039304,"39":null,"40":0.004913,"41":0.280041,"42":0.127738,"43":null,"44":null},"safari":{"3.1":null,"3.2":null,"4":0.004913,"5":0.004913,"5.1":0.019652,"6":null,"6.1":0.014739,"7":0.009826,"7.1":0.034391,"8":0.04913,"9":0.132651,"9.1":0.319345,"10":0.530604,"0":null},"ios_saf":{"3.2":0,"4.0-4.1":0,"4.2-4.3":0,"5.0-5.1":0,"6.0-6.1":0,"7.0-7.1":0.0479652721826,"8":0,"8.1-8.4":0.0728147505423,"9.0-9.2":0.048832114451,"9.3":0.309462689805,"10.0-10.2":2.31822517302},"android":{"2.1":0,"2.2":0,"2.3":0,"3":0,"4":0.139446178209,"4.1":0.458180299831,"4.2-4.3":1.31193241132,"4.4":3.02512831503,"4.4.3-4.4.4":1.80426279561,"53":null},"op_mob":{"10":0,"11":0,"11.1":0,"11.5":0,"12":0,"12.1":0,"0":0.434747204931},"ie":{"5.5":null,"6":null,"7":null,"8":0.282513555556,"9":0.159913333333,"10":0.154582888889,"11":1.03410622222},"edge":{"12":0.083521,"13":0.127738,"14":0.348823,"15":null},"bb":{"7":0.0317875,"10":null},"ie_mob":{"10":0.2278528,"11":0.9114112},"and_ff":{"0":0.02543},"samsung":{"0":3.631404},"and_uc":{"0":1.825874},"op_mini":{"0":5.69896879507},"and_chr":{"0":30.322798}},"total":98.8631145}