{"id":"NP","name":"Nepal","month":"2016-12","access_date":"2017-01-17","data":{"chrome":{"4":0.003544,"5":0.007088,"6":0.007088,"7":0.003544,"8":0.007088,"9":0.007088,"10":0.007088,"11":0.028352,"12":0.042528,"13":0.007088,"14":0.010632,"15":0.007088,"16":0.014176,"17":0.046072,"18":0.007088,"19":0.060248,"20":0.024808,"21":0.010632,"22":0.028352,"23":0.014176,"24":0.03544,"25":0.028352,"26":0.021264,"27":0.031896,"28":0.046072,"29":0.031896,"30":0.102776,"31":0.1772,"32":0.3544,"33":0.134672,"34":0.014176,"35":0.003544,"36":0.077968,"37":null,"38":0.010632,"39":0.01772,"40":0.014176,"41":0.010632,"42":0.014176,"43":0.219728,"44":0.028352,"45":0.021264,"46":0.024808,"47":0.056704,"48":0.038984,"49":0.878912,"50":0.049616,"51":0.219728,"52":0.379208,"53":0.205552,"54":9.636136,"55":11.365608,"56":0.219728,"57":0.120496,"58":null},"firefox":{"2":null,"3":0.042528,"3.5":0.003544,"3.6":0.010632,"4":0.01772,"5":0.014176,"6":0.01772,"7":null,"8":0.003544,"9":0.010632,"10":0.007088,"11":0.014176,"12":0.028352,"13":0.010632,"14":0.01772,"15":0.010632,"16":0.007088,"17":0.010632,"18":0.007088,"19":0.007088,"20":0.003544,"21":0.010632,"22":0.010632,"23":0.014176,"24":0.003544,"25":0.010632,"26":0.003544,"27":0.007088,"28":0.007088,"29":0.024808,"30":0.01772,"31":0.03544,"32":0.024808,"33":0.024808,"34":0.01772,"35":0.021264,"36":0.024808,"37":0.021264,"38":0.042528,"39":0.03544,"40":0.021264,"41":0.021264,"42":0.024808,"43":0.1772,"44":0.237448,"45":0.077968,"46":0.060248,"47":0.3544,"48":0.134672,"49":0.226816,"50":4.210272,"51":0.694624,"52":0.010632,"53":null},"opera":{"9":null,"9.5-9.6":null,"10.0-10.1":0,"10.5":null,"10.6":null,"11":null,"11.1":null,"11.5":null,"11.6":0.010632,"12":null,"12.1":0.010632,"15":null,"16":null,"17":null,"18":0.003544,"19":null,"20":null,"21":null,"22":null,"23":null,"24":null,"25":null,"26":null,"27":null,"28":null,"29":null,"30":null,"31":null,"32":null,"33":null,"34":0.003544,"35":null,"36":0.021264,"37":0.021264,"38":0.014176,"39":0.010632,"40":0.007088,"41":0.365032,"42":0.202008,"43":null,"44":null},"safari":{"3.1":null,"3.2":null,"4":0,"5":null,"5.1":0.021264,"6":null,"6.1":0.007088,"7":0.007088,"7.1":0.003544,"8":0.031896,"9":0.028352,"9.1":0.092144,"10":0.28352,"0":null},"ios_saf":{"3.2":0,"4.0-4.1":0,"4.2-4.3":0,"5.0-5.1":0,"6.0-6.1":0,"7.0-7.1":0.0740589426712,"8":0,"8.1-8.4":0.112426828633,"9.0-9.2":0.0753973572978,"9.3":0.477814021692,"10.0-10.2":3.57936684971},"android":{"2.1":0,"2.2":0,"2.3":0,"3":0,"4":0.092044347973,"4.1":0.302431429054,"4.2-4.3":0.865968253378,"4.4":1.99679881419,"4.4.3-4.4.4":1.19094115541,"53":null},"op_mob":{"10":0,"11":0,"11.1":0,"11.5":0,"12":0,"12.1":0,"0":1.25105143914},"ie":{"5.5":null,"6":0.00741388505747,"7":0.0148277701149,"8":0.155691586207,"9":0.0444833103448,"10":0.0667249655172,"11":0.355866482759},"edge":{"12":0.092144,"13":0.074424,"14":0.187832,"15":null},"bb":{"7":0.00807,"10":null},"ie_mob":{"10":0.0619776,"11":0.2479104},"and_ff":{"0":0.012912},"samsung":{"0":2.136936},"and_uc":{"0":7.689096},"op_mini":{"0":16.3996525609},"and_chr":{"0":28.118832}},"total":98.627486}