{"id":"NR","name":"Nauru","month":"2016-12","access_date":"2017-01-17","data":{"chrome":{"4":null,"5":null,"6":null,"7":null,"8":null,"9":null,"10":null,"11":0.033028,"12":null,"13":null,"14":null,"15":null,"16":null,"17":null,"18":null,"19":null,"20":null,"21":null,"22":null,"23":null,"24":null,"25":null,"26":null,"27":0.016514,"28":0.008257,"29":null,"30":null,"31":null,"32":null,"33":null,"34":null,"35":0.074313,"36":null,"37":0.016514,"38":null,"39":null,"40":0.024771,"41":0.016514,"42":null,"43":null,"44":null,"45":null,"46":null,"47":null,"48":null,"49":0.024771,"50":0.008257,"51":0.024771,"52":0.066056,"53":0.189911,"54":1.956909,"55":1.056896,"56":null,"57":null,"58":null},"firefox":{"2":null,"3":0.024771,"3.5":null,"3.6":0.024771,"4":null,"5":0.016514,"6":0.008257,"7":null,"8":null,"9":null,"10":null,"11":null,"12":null,"13":null,"14":1.288092,"15":null,"16":null,"17":null,"18":null,"19":null,"20":null,"21":0.016514,"22":null,"23":null,"24":null,"25":null,"26":null,"27":null,"28":null,"29":null,"30":1.007354,"31":null,"32":null,"33":null,"34":null,"35":null,"36":null,"37":0.016514,"38":null,"39":null,"40":3.905561,"41":null,"42":0.033028,"43":null,"44":null,"45":null,"46":null,"47":0.016514,"48":0.033028,"49":0.066056,"50":1.213779,"51":null,"52":null,"53":null},"opera":{"9":null,"9.5-9.6":null,"10.0-10.1":0,"10.5":null,"10.6":null,"11":null,"11.1":null,"11.5":null,"11.6":null,"12":null,"12.1":null,"15":null,"16":null,"17":null,"18":null,"19":null,"20":null,"21":null,"22":null,"23":null,"24":null,"25":null,"26":null,"27":null,"28":0.016514,"29":null,"30":null,"31":null,"32":null,"33":null,"34":null,"35":null,"36":null,"37":null,"38":null,"39":null,"40":null,"41":0.033028,"42":null,"43":null,"44":null},"safari":{"3.1":null,"3.2":null,"4":0,"5":null,"5.1":0.016514,"6":null,"6.1":null,"7":null,"7.1":null,"8":null,"9":0.016514,"9.1":0.049542,"10":0.066056,"0":null},"ios_saf":{"3.2":0,"4.0-4.1":0,"4.2-4.3":0,"5.0-5.1":0,"6.0-6.1":0,"7.0-7.1":0.00173345770065,"8":0,"8.1-8.4":0.00263151409978,"9.0-9.2":0.00176478524946,"9.3":0.0111839349241,"10.0-10.2":0.083780308026},"android":{"2.1":0,"2.2":0,"2.3":0,"3":0,"4":0.0261486803209,"4.1":0.0859170924831,"4.2-4.3":0.246011053632,"4.4":0.567266269003,"4.4.3-4.4.4":0.338331904561,"53":null},"op_mob":{"10":0,"11":0,"11.1":0,"11.5":0,"12":0,"12.1":0,"0":0.0517636086287},"ie":{"5.5":null,"6":null,"7":null,"8":3.748678,"9":4.417495,"10":0.033028,"11":62.439434},"edge":{"12":null,"13":0.222939,"14":0.074313,"15":null},"bb":{"7":0.003486,"10":null},"ie_mob":{"10":0.1007454,"11":0.4029816},"and_ff":{"0":null},"samsung":{"0":0.604821},"and_uc":{"0":2.651103},"op_mini":{"0":0.678553391371},"and_chr":{"0":11.689945}},"total":99.870458}