{"id":"NU","name":"Niue","month":"2016-12","access_date":"2017-01-17","data":{"chrome":{"4":null,"5":null,"6":null,"7":null,"8":null,"9":null,"10":0.04713,"11":null,"12":null,"13":null,"14":null,"15":null,"16":0.102115,"17":null,"18":0.20423,"19":null,"20":null,"21":null,"22":0.102115,"23":null,"24":null,"25":null,"26":null,"27":null,"28":null,"29":null,"30":null,"31":null,"32":null,"33":null,"34":null,"35":null,"36":null,"37":0.20423,"38":null,"39":0.04713,"40":0.20423,"41":0.86405,"42":0.04713,"43":0.04713,"44":0.20423,"45":null,"46":null,"47":null,"48":null,"49":0.86405,"50":0.353475,"51":null,"52":0.809065,"53":1.06828,"54":16.833265,"55":15.16015,"56":null,"57":null,"58":null},"firefox":{"2":null,"3":null,"3.5":null,"3.6":null,"4":0.102115,"5":null,"6":null,"7":null,"8":null,"9":null,"10":null,"11":null,"12":null,"13":null,"14":null,"15":null,"16":null,"17":4.05318,"18":null,"19":null,"20":null,"21":null,"22":null,"23":null,"24":null,"25":null,"26":null,"27":null,"28":null,"29":0.149245,"30":null,"31":null,"32":null,"33":null,"34":0.04713,"35":null,"36":null,"37":null,"38":null,"39":null,"40":null,"41":null,"42":null,"43":0.149245,"44":0.149245,"45":null,"46":0.25136,"47":1.720245,"48":0.557705,"49":2.63928,"50":16.173445,"51":null,"52":null,"53":null},"opera":{"9":null,"9.5-9.6":null,"10.0-10.1":0,"10.5":null,"10.6":null,"11":null,"11.1":null,"11.5":null,"11.6":null,"12":null,"12.1":null,"15":null,"16":null,"17":null,"18":null,"19":null,"20":null,"21":null,"22":null,"23":null,"24":null,"25":null,"26":null,"27":null,"28":0.04713,"29":null,"30":null,"31":null,"32":null,"33":null,"34":null,"35":null,"36":null,"37":null,"38":null,"39":null,"40":null,"41":null,"42":null,"43":null,"44":null},"safari":{"3.1":null,"3.2":null,"4":0,"5":null,"5.1":null,"6":null,"6.1":null,"7":null,"7.1":null,"8":0.149245,"9":null,"9.1":0.86405,"10":1.468885,"0":null},"ios_saf":{"3.2":0,"4.0-4.1":0,"4.2-4.3":0,"5.0-5.1":0,"6.0-6.1":0,"7.0-7.1":0.093385159591,"8":0,"8.1-8.4":0.141765422993,"9.0-9.2":0.095072843198,"9.3":0.602503047722,"10.0-10.2":4.5134285265},"android":{"2.1":0,"2.2":0,"2.3":0,"3":0,"4":0.0123835705236,"4.1":0.0406888745777,"4.2-4.3":0.116506653294,"4.4":0.268647662584,"4.4.3-4.4.4":0.16022823902,"53":null},"op_mob":{"10":0,"11":0,"11.1":0,"11.5":0,"12":0,"12.1":0,"0":0.00471305084746},"ie":{"5.5":null,"6":null,"7":0.04713,"8":0.25136,"9":0.20423,"10":0.20423,"11":10.65138},"edge":{"12":0.149245,"13":0.149245,"14":0.149245,"15":null},"bb":{"7":0,"10":null},"ie_mob":{"10":0.106392,"11":0.425568},"and_ff":{"0":null},"samsung":{"0":1.52724},"and_uc":{"0":null},"op_mini":{"0":0.0617819491525},"and_chr":{"0":14.090905}},"total":99.750785}