{"id":"NZ","name":"New Zealand","month":"2016-12","access_date":"2017-01-17","data":{"chrome":{"4":null,"5":null,"6":null,"7":null,"8":null,"9":null,"10":null,"11":0.010848,"12":null,"13":null,"14":null,"15":null,"16":null,"17":null,"18":null,"19":null,"20":null,"21":0.005424,"22":0.021696,"23":null,"24":null,"25":null,"26":0.016272,"27":null,"28":null,"29":null,"30":null,"31":0.016272,"32":0.016272,"33":0.010848,"34":0.037968,"35":0.021696,"36":0.097632,"37":0.016272,"38":0.048816,"39":0.048816,"40":0.016272,"41":0.021696,"42":0.032544,"43":0.059664,"44":0.070512,"45":0.320016,"46":0.043392,"47":0.1356,"48":0.070512,"49":1.323456,"50":0.18984,"51":0.287472,"52":0.282048,"53":0.428496,"54":16.071312,"55":13.147776,"56":0.086784,"57":0.05424,"58":null},"firefox":{"2":null,"3":null,"3.5":null,"3.6":0.010848,"4":null,"5":null,"6":null,"7":null,"8":null,"9":null,"10":0.005424,"11":null,"12":0.005424,"13":null,"14":null,"15":null,"16":0.010848,"17":null,"18":null,"19":null,"20":null,"21":0.005424,"22":null,"23":null,"24":0.005424,"25":null,"26":null,"27":null,"28":0.010848,"29":0.010848,"30":null,"31":0.010848,"32":null,"33":null,"34":0.010848,"35":null,"36":0.010848,"37":0.021696,"38":0.037968,"39":0.037968,"40":0.010848,"41":0.032544,"42":0.021696,"43":0.037968,"44":0.021696,"45":0.130176,"46":0.02712,"47":0.16272,"48":0.195264,"49":0.16272,"50":5.434848,"51":0.059664,"52":0.005424,"53":null},"opera":{"9":null,"9.5-9.6":null,"10.0-10.1":0,"10.5":null,"10.6":null,"11":null,"11.1":null,"11.5":null,"11.6":null,"12":null,"12.1":0.021696,"15":null,"16":null,"17":null,"18":null,"19":null,"20":null,"21":null,"22":null,"23":null,"24":null,"25":null,"26":null,"27":null,"28":0.016272,"29":null,"30":null,"31":null,"32":null,"33":null,"34":null,"35":null,"36":0.016272,"37":0.010848,"38":0.016272,"39":null,"40":null,"41":0.1356,"42":0.059664,"43":null,"44":null},"safari":{"3.1":null,"3.2":null,"4":0.010848,"5":0.065088,"5.1":0.10848,"6":0.010848,"6.1":0.075936,"7":0.037968,"7.1":0.010848,"8":0.238656,"9":0.21696,"9.1":0.938352,"10":2.511312,"0":null},"ios_saf":{"3.2":0,"4.0-4.1":0,"4.2-4.3":0,"5.0-5.1":0,"6.0-6.1":0,"7.0-7.1":0.331283684537,"8":0,"8.1-8.4":0.502912581345,"9.0-9.2":0.337270739077,"9.3":2.13737847072,"10.0-10.2":16.0113795243},"android":{"2.1":0,"2.2":0,"2.3":0,"3":0,"4":0.0301045819257,"4.1":0.0989150548986,"4.2-4.3":0.283228821791,"4.4":0.65308511402,"4.4.3-4.4.4":0.389516427365,"53":null},"op_mob":{"10":0,"11":0,"11.1":0,"11.5":0,"12":0,"12.1":0,"0":0.0145920647149},"ie":{"5.5":null,"6":null,"7":0.005472,"8":0.158688,"9":0.186048,"10":0.1368,"11":5.072544},"edge":{"12":0.065088,"13":0.287472,"14":2.690304,"15":null},"bb":{"7":0.01029375,"10":null},"ie_mob":{"10":0.068625,"11":0.2745},"and_ff":{"0":0.0366},"samsung":{"0":3.46785},"and_uc":{"0":0.549},"op_mini":{"0":0.191282935285},"and_chr":{"0":20.83446}},"total":98.83503075}