{"id":"OM","name":"Oman","month":"2016-12","access_date":"2017-01-17","data":{"chrome":{"4":null,"5":0.001377,"6":null,"7":null,"8":0.001377,"9":0.002754,"10":0.001377,"11":0.008262,"12":0.002754,"13":0.001377,"14":0.002754,"15":0.005508,"16":0.001377,"17":0.001377,"18":0.002754,"19":0.002754,"20":0.005508,"21":0.004131,"22":0.006885,"23":0.004131,"24":0.002754,"25":0.011016,"26":0.002754,"27":0.005508,"28":0.017901,"29":0.008262,"30":0.011016,"31":0.009639,"32":0.009639,"33":0.017901,"34":0.009639,"35":0.008262,"36":0.037179,"37":0.002754,"38":0.019278,"39":0.009639,"40":0.008262,"41":0.005508,"42":0.009639,"43":0.077112,"44":0.020655,"45":0.008262,"46":0.011016,"47":0.01377,"48":0.011016,"49":0.400707,"50":0.031671,"51":0.042687,"52":0.119799,"53":0.08262,"54":3.554037,"55":3.803274,"56":0.05508,"57":0.016524,"58":null},"firefox":{"2":null,"3":null,"3.5":null,"3.6":0.005508,"4":null,"5":null,"6":null,"7":null,"8":null,"9":null,"10":0.002754,"11":null,"12":0.006885,"13":null,"14":null,"15":0.001377,"16":0.001377,"17":null,"18":null,"19":null,"20":null,"21":null,"22":null,"23":0.005508,"24":null,"25":null,"26":null,"27":0.001377,"28":0.004131,"29":null,"30":0.008262,"31":null,"32":null,"33":0.001377,"34":0.001377,"35":0.002754,"36":0.001377,"37":0.004131,"38":0.004131,"39":0.004131,"40":0.005508,"41":0.001377,"42":0.002754,"43":0.017901,"44":0.024786,"45":0.012393,"46":0.015147,"47":0.077112,"48":0.038556,"49":0.060588,"50":0.88128,"51":0.050949,"52":null,"53":null},"opera":{"9":null,"9.5-9.6":null,"10.0-10.1":0,"10.5":null,"10.6":null,"11":null,"11.1":null,"11.5":null,"11.6":null,"12":null,"12.1":null,"15":null,"16":null,"17":null,"18":null,"19":0.001377,"20":null,"21":null,"22":null,"23":null,"24":null,"25":null,"26":null,"27":null,"28":null,"29":null,"30":null,"31":null,"32":null,"33":0.012393,"34":null,"35":null,"36":0.001377,"37":0.004131,"38":0.004131,"39":0.001377,"40":0.002754,"41":0.086751,"42":0.034425,"43":null,"44":null},"safari":{"3.1":null,"3.2":null,"4":0.001377,"5":0.006885,"5.1":0.008262,"6":0.005508,"6.1":0.009639,"7":0.008262,"7.1":0.002754,"8":0.053703,"9":0.046818,"9.1":0.176256,"10":0.364905,"0":null},"ios_saf":{"3.2":0,"4.0-4.1":0,"4.2-4.3":0,"5.0-5.1":0,"6.0-6.1":0,"7.0-7.1":0.0542577713046,"8":0,"8.1-8.4":0.0823672190889,"9.0-9.2":0.0552383334366,"9.3":0.350060681128,"10.0-10.2":2.62234999504},"android":{"2.1":0,"2.2":0,"2.3":0,"3":0,"4":0.203032079392,"4.1":0.667105403716,"4.2-4.3":1.91015895101,"4.4":4.40455306926,"4.4.3-4.4.4":2.62698649662,"53":null},"op_mob":{"10":0,"11":0,"11.1":0,"11.5":0,"12":0,"12.1":0,"0":0.0128333620955},"ie":{"5.5":null,"6":0.00275893548387,"7":null,"8":0.166915596774,"9":0.172433467742,"10":0.245545258065,"11":1.72157574194},"edge":{"12":0.034425,"13":0.090882,"14":0.294678,"15":null},"bb":{"7":0.021555,"10":null},"ie_mob":{"10":0.0224172,"11":0.0896688},"and_ff":{"0":null},"samsung":{"0":4.259268},"and_uc":{"0":0.198306},"op_mini":{"0":0.168228637904},"and_chr":{"0":67.632687}},"total":98.699418}