{"id":"PA","name":"Panama","month":"2016-12","access_date":"2017-01-17","data":{"chrome":{"4":null,"5":null,"6":null,"7":null,"8":null,"9":null,"10":null,"11":0.020908,"12":null,"13":null,"14":null,"15":null,"16":null,"17":null,"18":0.005227,"19":null,"20":null,"21":0.020908,"22":0.015681,"23":null,"24":null,"25":null,"26":0.010454,"27":null,"28":null,"29":null,"30":null,"31":0.057497,"32":0.026135,"33":null,"34":0.015681,"35":0.067951,"36":0.130675,"37":0.015681,"38":0.041816,"39":0.026135,"40":0.020908,"41":0.031362,"42":0.015681,"43":0.073178,"44":0.078405,"45":0.05227,"46":0.057497,"47":0.078405,"48":0.041816,"49":1.740591,"50":0.10454,"51":0.475657,"52":0.229988,"53":0.329301,"54":17.332732,"55":14.985809,"56":0.067951,"57":0.015681,"58":null},"firefox":{"2":null,"3":0.005227,"3.5":null,"3.6":0.010454,"4":0.010454,"5":null,"6":null,"7":null,"8":null,"9":null,"10":null,"11":null,"12":null,"13":null,"14":null,"15":null,"16":0.010454,"17":null,"18":null,"19":null,"20":null,"21":null,"22":null,"23":null,"24":null,"25":null,"26":null,"27":null,"28":null,"29":null,"30":null,"31":0.010454,"32":null,"33":null,"34":null,"35":null,"36":0.010454,"37":0.015681,"38":0.026135,"39":0.031362,"40":0.005227,"41":0.010454,"42":0.010454,"43":0.109767,"44":0.015681,"45":0.099313,"46":0.041816,"47":0.203853,"48":0.31362,"49":0.20908,"50":3.800029,"51":0.020908,"52":null,"53":null},"opera":{"9":null,"9.5-9.6":null,"10.0-10.1":0,"10.5":null,"10.6":null,"11":null,"11.1":null,"11.5":null,"11.6":null,"12":null,"12.1":0.010454,"15":null,"16":null,"17":null,"18":null,"19":null,"20":null,"21":null,"22":null,"23":null,"24":null,"25":null,"26":null,"27":null,"28":null,"29":0.010454,"30":null,"31":null,"32":null,"33":null,"34":null,"35":null,"36":0.005227,"37":0.010454,"38":0.05227,"39":null,"40":0.005227,"41":0.198626,"42":0.120221,"43":null,"44":null},"safari":{"3.1":null,"3.2":null,"4":0.005227,"5":0.036589,"5.1":0.067951,"6":0.010454,"6.1":0.083632,"7":0.031362,"7.1":null,"8":0.344982,"9":0.31362,"9.1":1.040173,"10":2.446236,"0":null},"ios_saf":{"3.2":0,"4.0-4.1":0,"4.2-4.3":0,"5.0-5.1":0,"6.0-6.1":0,"7.0-7.1":0.0914181599008,"8":0,"8.1-8.4":0.138779375271,"9.0-9.2":0.0930702953207,"9.3":0.589812344902,"10.0-10.2":4.4183608246},"android":{"2.1":0,"2.2":0,"2.3":0,"3":0,"4":0.103605140625,"4.1":0.340416890625,"4.2-4.3":0.974734078125,"4.4":2.24759723437,"4.4.3-4.4.4":1.34052365625,"53":null},"op_mob":{"10":0,"11":0,"11.1":0,"11.5":0,"12":0,"12.1":0,"0":0.0707051186441},"ie":{"5.5":null,"6":null,"7":0.00526050641026,"8":0.263025320513,"9":0.194638737179,"10":0.163075698718,"11":2.60921117949},"edge":{"12":0.078405,"13":0.292712,"14":1.196983,"15":null},"bb":{"7":0.023865,"10":null},"ie_mob":{"10":0.0677766,"11":0.2711064},"and_ff":{"0":0.014319},"samsung":{"0":7.603389},"and_uc":{"0":0.233877},"op_mini":{"0":0.926851881356},"and_chr":{"0":28.654517}},"total":98.9585934423}