{"id":"PE","name":"Peru","month":"2016-12","access_date":"2017-01-17","data":{"chrome":{"4":null,"5":null,"6":null,"7":null,"8":null,"9":null,"10":null,"11":0.014414,"12":null,"13":0.007207,"14":null,"15":null,"16":null,"17":null,"18":0.014414,"19":null,"20":0.028828,"21":0.007207,"22":0.07207,"23":0.014414,"24":0.014414,"25":0.028828,"26":0.050449,"27":0.014414,"28":null,"29":0.064863,"30":0.014414,"31":0.057656,"32":0.028828,"33":0.050449,"34":0.064863,"35":0.057656,"36":0.172968,"37":0.036035,"38":0.086484,"39":0.100898,"40":0.057656,"41":0.043242,"42":0.043242,"43":0.158554,"44":0.108105,"45":0.100898,"46":0.165761,"47":0.158554,"48":0.158554,"49":2.911628,"50":0.273866,"51":0.850426,"52":0.641423,"53":1.22519,"54":27.285702,"55":26.334378,"56":0.108105,"57":0.036035,"58":null},"firefox":{"2":null,"3":0.014414,"3.5":null,"3.6":0.007207,"4":null,"5":null,"6":null,"7":null,"8":null,"9":null,"10":null,"11":null,"12":null,"13":null,"14":null,"15":null,"16":null,"17":0.014414,"18":null,"19":null,"20":null,"21":null,"22":null,"23":null,"24":null,"25":null,"26":null,"27":null,"28":null,"29":null,"30":0.007207,"31":0.014414,"32":null,"33":null,"34":0.014414,"35":0.014414,"36":0.014414,"37":0.028828,"38":0.021621,"39":0.021621,"40":0.028828,"41":0.021621,"42":0.014414,"43":0.100898,"44":0.021621,"45":0.07207,"46":0.043242,"47":0.230624,"48":0.136933,"49":0.14414,"50":2.926042,"51":0.021621,"52":null,"53":null},"opera":{"9":null,"9.5-9.6":null,"10.0-10.1":0,"10.5":null,"10.6":null,"11":null,"11.1":null,"11.5":null,"11.6":null,"12":null,"12.1":null,"15":null,"16":null,"17":null,"18":null,"19":null,"20":null,"21":null,"22":null,"23":null,"24":null,"25":null,"26":null,"27":null,"28":null,"29":null,"30":null,"31":null,"32":null,"33":null,"34":null,"35":null,"36":0.014414,"37":0.007207,"38":0.036035,"39":null,"40":null,"41":0.259452,"42":0.129726,"43":null,"44":null},"safari":{"3.1":null,"3.2":null,"4":0.007207,"5":null,"5.1":0.014414,"6":null,"6.1":null,"7":0.014414,"7.1":null,"8":0.086484,"9":0.093691,"9.1":0.245038,"10":0.468455,"0":null},"ios_saf":{"3.2":0,"4.0-4.1":0,"4.2-4.3":0,"5.0-5.1":0,"6.0-6.1":0,"7.0-7.1":0.0341344423097,"8":0,"8.1-8.4":0.0518185509761,"9.0-9.2":0.0347513298213,"9.3":0.220228841649,"10.0-10.2":1.64976283524},"android":{"2.1":0,"2.2":0,"2.3":0,"3":0,"4":0.0352419256757,"4.1":0.115794898649,"4.2-4.3":0.331561790541,"4.4":0.76453402027,"4.4.3-4.4.4":0.455987364865,"53":null},"op_mob":{"10":0,"11":0,"11.1":0,"11.5":0,"12":0,"12.1":0,"0":0.0953840123267},"ie":{"5.5":null,"6":0.00751697849462,"7":null,"8":0.353297989247,"9":0.127788634409,"10":0.202958419355,"11":1.40567497849},"edge":{"12":0.064863,"13":0.129726,"14":0.461248,"15":null},"bb":{"7":0.011866,"10":null},"ie_mob":{"10":0.1887392,"11":0.7549568},"and_ff":{"0":0.047464},"samsung":{"0":1.027456},"and_uc":{"0":0.187064},"op_mini":{"0":1.25035998767},"and_chr":{"0":21.332538}},"total":98.317369}