{"id":"PF","name":"French Polynesia","month":"2016-12","access_date":"2017-01-17","data":{"chrome":{"4":null,"5":null,"6":null,"7":null,"8":null,"9":null,"10":null,"11":null,"12":null,"13":null,"14":null,"15":null,"16":null,"17":null,"18":0.012652,"19":null,"20":null,"21":null,"22":0.012652,"23":null,"24":null,"25":null,"26":0.012652,"27":null,"28":null,"29":null,"30":null,"31":null,"32":0.12652,"33":null,"34":0.012652,"35":null,"36":0.866662,"37":null,"38":0.018978,"39":0.025304,"40":0.037956,"41":0.06326,"42":0.012652,"43":0.227736,"44":0.03163,"45":0.069586,"46":0.025304,"47":0.025304,"48":0.044282,"49":1.113376,"50":0.044282,"51":0.360582,"52":0.354256,"53":0.436494,"54":14.986294,"55":11.804316,"56":0.082238,"57":0.018978,"58":null},"firefox":{"2":null,"3":null,"3.5":null,"3.6":0.069586,"4":null,"5":0.044282,"6":null,"7":null,"8":0.196106,"9":0.044282,"10":0.018978,"11":null,"12":0.056934,"13":0.006326,"14":null,"15":0.006326,"16":0.044282,"17":0.12652,"18":null,"19":0.018978,"20":null,"21":0.006326,"22":null,"23":0.006326,"24":null,"25":null,"26":0.025304,"27":null,"28":0.101216,"29":null,"30":0.025304,"31":0.012652,"32":0.06326,"33":0.006326,"34":0.069586,"35":0.012652,"36":null,"37":0.012652,"38":0.34793,"39":0.025304,"40":0.037956,"41":0.037956,"42":0.025304,"43":0.139172,"44":0.056934,"45":0.227736,"46":0.12652,"47":0.37956,"48":0.809728,"49":0.398538,"50":13.461728,"51":0.037956,"52":0.044282,"53":null},"opera":{"9":null,"9.5-9.6":null,"10.0-10.1":0,"10.5":null,"10.6":null,"11":null,"11.1":null,"11.5":null,"11.6":null,"12":null,"12.1":0.012652,"15":null,"16":null,"17":null,"18":null,"19":null,"20":null,"21":null,"22":null,"23":null,"24":null,"25":null,"26":null,"27":null,"28":null,"29":null,"30":null,"31":null,"32":null,"33":null,"34":null,"35":null,"36":0.012652,"37":null,"38":0.03163,"39":null,"40":null,"41":0.955226,"42":0.22141,"43":0.012652,"44":null},"safari":{"3.1":null,"3.2":null,"4":0.025304,"5":0.151824,"5.1":0.487102,"6":0.044282,"6.1":0.240388,"7":0.113868,"7.1":0.012652,"8":0.227736,"9":0.392212,"9.1":1.157658,"10":3.270542,"0":null},"ios_saf":{"3.2":0,"4.0-4.1":0,"4.2-4.3":0,"5.0-5.1":0,"6.0-6.1":0,"7.0-7.1":0.167007797128,"8":0,"8.1-8.4":0.253529908894,"9.0-9.2":0.17002601033,"9.3":1.0775021128,"10.0-10.2":8.07170817085},"android":{"2.1":0,"2.2":0,"2.3":0,"3":0,"4":0.0513165329392,"4.1":0.168611465372,"4.2-4.3":0.482794320101,"4.4":1.11325458193,"4.4.3-4.4.4":0.663973099662,"53":null},"op_mob":{"10":0,"11":0,"11.1":0,"11.5":0,"12":0,"12.1":0,"0":0.00729138983051},"ie":{"5.5":null,"6":null,"7":0.006326,"8":0.107542,"9":0.069586,"10":0.208758,"11":3.675406},"edge":{"12":0.25304,"13":0.28467,"14":1.45498,"15":null},"bb":{"7":0.0009185,"10":null},"ie_mob":{"10":0.1917828,"11":0.7671312},"and_ff":{"0":0.069806},"samsung":{"0":3.901788},"and_uc":{"0":0.143286},"op_mini":{"0":0.0955806101695},"and_chr":{"0":19.728176}},"total":98.5129885}