{"id":"PG","name":"Papua New Guinea","month":"2016-12","access_date":"2017-01-17","data":{"chrome":{"4":0.00202,"5":null,"6":null,"7":null,"8":null,"9":null,"10":null,"11":0.00606,"12":null,"13":null,"14":null,"15":null,"16":null,"17":null,"18":0.0101,"19":null,"20":null,"21":null,"22":0.00101,"23":null,"24":null,"25":0.00505,"26":0.00101,"27":0.00909,"28":0.00202,"29":0.00101,"30":0.00404,"31":0.12423,"32":0.03232,"33":null,"34":null,"35":null,"36":0.61105,"37":0.0101,"38":0.00202,"39":0.02323,"40":0.0101,"41":0.02727,"42":null,"43":0.05656,"44":0.0101,"45":0.01616,"46":0.01111,"47":0.01414,"48":0.01111,"49":0.12827,"50":0.03434,"51":0.12524,"52":0.07676,"53":0.1212,"54":2.41289,"55":1.73821,"56":0.00909,"57":null,"58":null},"firefox":{"2":null,"3":0.04545,"3.5":0.00101,"3.6":0.00202,"4":0.00404,"5":0.00303,"6":0.00101,"7":0.00303,"8":null,"9":null,"10":null,"11":0.00202,"12":0.00202,"13":0.00404,"14":null,"15":0.00202,"16":0.00404,"17":0.00101,"18":0.00303,"19":null,"20":0.00303,"21":null,"22":0.00909,"23":null,"24":0.00202,"25":0.00202,"26":null,"27":null,"28":0.00808,"29":0.00202,"30":0.00606,"31":0.00202,"32":0.00303,"33":null,"34":0.00606,"35":0.00707,"36":0.00303,"37":0.00909,"38":0.0202,"39":0.0101,"40":0.01919,"41":0.00303,"42":0.00404,"43":0.03636,"44":0.03333,"45":0.00909,"46":0.04141,"47":0.13534,"48":0.03737,"49":0.07474,"50":1.15039,"51":0.03535,"52":null,"53":null},"opera":{"9":null,"9.5-9.6":null,"10.0-10.1":0,"10.5":null,"10.6":null,"11":null,"11.1":null,"11.5":null,"11.6":null,"12":null,"12.1":null,"15":null,"16":null,"17":null,"18":null,"19":0.00101,"20":null,"21":null,"22":null,"23":null,"24":null,"25":null,"26":null,"27":null,"28":null,"29":null,"30":0.00101,"31":null,"32":0.00404,"33":null,"34":null,"35":0.00303,"36":0.00101,"37":0.02929,"38":0.01616,"39":0.00202,"40":0.00101,"41":0.08686,"42":0.01313,"43":null,"44":null},"safari":{"3.1":null,"3.2":null,"4":0,"5":0.00505,"5.1":0.01717,"6":0.00404,"6.1":null,"7":0.01212,"7.1":null,"8":0.07171,"9":0.0101,"9.1":0.0404,"10":0.09999,"0":null},"ios_saf":{"3.2":0,"4.0-4.1":0,"4.2-4.3":0,"5.0-5.1":0,"6.0-6.1":0,"7.0-7.1":0.00693681437868,"8":0,"8.1-8.4":0.0105305856833,"9.0-9.2":0.00706217849396,"9.3":0.044754989154,"10.0-10.2":0.33526543229},"android":{"2.1":0,"2.2":0,"2.3":0,"3":0,"4":0.0520873310811,"4.1":0.171144087838,"4.2-4.3":0.490046114865,"4.4":1.12997618243,"4.4.3-4.4.4":0.673946283784,"53":null},"op_mob":{"10":0,"11":0,"11.1":0,"11.5":0,"12":0,"12.1":0,"0":0.212823359014},"ie":{"5.5":null,"6":null,"7":0.00305240295749,"8":0.222825415896,"9":0.148550277264,"10":0.0834323475046,"11":1.19348955638},"edge":{"12":0.03838,"13":0.08686,"14":0.09494,"15":null},"bb":{"7":0.0112375,"10":null},"ie_mob":{"10":0.04495,"11":0.1798},"and_ff":{"0":null},"samsung":{"0":1.04284},"and_uc":{"0":77.08925},"op_mini":{"0":2.78983664099},"and_chr":{"0":5.55781}},"total":99.5382175}