{"id":"PH","name":"Philippines","month":"2016-12","access_date":"2017-01-17","data":{"chrome":{"4":null,"5":null,"6":null,"7":0.005575,"8":null,"9":null,"10":0.01115,"11":0.0223,"12":0.016725,"13":0.005575,"14":0.005575,"15":null,"16":0.016725,"17":0.01115,"18":0.027875,"19":0.016725,"20":0.016725,"21":0.0223,"22":0.050175,"23":0.027875,"24":0.027875,"25":0.039025,"26":0.050175,"27":0.050175,"28":0.050175,"29":0.0446,"30":0.039025,"31":0.1784,"32":0.07805,"33":0.128225,"34":0.050175,"35":0.083625,"36":0.2453,"37":0.039025,"38":0.0446,"39":0.07805,"40":0.072475,"41":0.083625,"42":0.050175,"43":0.172825,"44":0.172825,"45":0.1561,"46":0.217425,"47":0.217425,"48":0.206275,"49":2.23,"50":0.30105,"51":0.886425,"52":0.68015,"53":1.05925,"54":19.56825,"55":16.106175,"56":0.295475,"57":0.1338,"58":null},"firefox":{"2":null,"3":0.01115,"3.5":null,"3.6":0.016725,"4":0.005575,"5":null,"6":null,"7":null,"8":null,"9":null,"10":0.005575,"11":0.005575,"12":0.01115,"13":0.005575,"14":null,"15":0.005575,"16":0.005575,"17":null,"18":0.005575,"19":0.005575,"20":0.01115,"21":0.027875,"22":0.016725,"23":0.016725,"24":0.01115,"25":0.01115,"26":0.01115,"27":0.01115,"28":0.01115,"29":0.016725,"30":0.0223,"31":0.016725,"32":0.016725,"33":0.0223,"34":0.016725,"35":0.027875,"36":0.0223,"37":0.050175,"38":0.0669,"39":0.0446,"40":0.05575,"41":0.061325,"42":0.039025,"43":0.16725,"44":0.094775,"45":0.12265,"46":0.0669,"47":0.295475,"48":0.16725,"49":0.250875,"50":3.33385,"51":0.2453,"52":0.005575,"53":null},"opera":{"9":null,"9.5-9.6":null,"10.0-10.1":0,"10.5":null,"10.6":null,"11":null,"11.1":null,"11.5":null,"11.6":null,"12":null,"12.1":0.01115,"15":null,"16":0.005575,"17":null,"18":null,"19":null,"20":null,"21":null,"22":null,"23":null,"24":null,"25":null,"26":null,"27":null,"28":0.039025,"29":null,"30":null,"31":null,"32":null,"33":null,"34":null,"35":null,"36":0.01115,"37":0.0223,"38":0.016725,"39":null,"40":null,"41":0.1784,"42":0.072475,"43":null,"44":null},"safari":{"3.1":null,"3.2":null,"4":0,"5":0.016725,"5.1":0.027875,"6":null,"6.1":0.01115,"7":0.0223,"7.1":null,"8":0.07805,"9":0.0892,"9.1":0.228575,"10":0.540775,"0":null},"ios_saf":{"3.2":0,"4.0-4.1":0,"4.2-4.3":0,"5.0-5.1":0,"6.0-6.1":0,"7.0-7.1":0.135012887512,"8":0,"8.1-8.4":0.20495932321,"9.0-9.2":0.137452879455,"9.3":0.871077123644,"10.0-10.2":6.52535178618},"android":{"2.1":0,"2.2":0,"2.3":0,"3":0,"4":0.076198972973,"4.1":0.250368054054,"4.2-4.3":0.716892378378,"4.4":1.65305118919,"4.4.3-4.4.4":0.985921405405,"53":null},"op_mob":{"10":0,"11":0,"11.1":0,"11.5":0,"12":0,"12.1":0,"0":0.434798237288},"ie":{"5.5":null,"6":null,"7":0.00565979087452,"8":0.356566825095,"9":0.0735772813688,"10":0.0962164448669,"11":0.95084486692},"edge":{"12":0.072475,"13":0.1338,"14":0.3791,"15":null},"bb":{"7":0.028769,"10":null},"ie_mob":{"10":0.0743568,"11":0.2974272},"and_ff":{"0":0.026556},"samsung":{"0":1.841216},"and_uc":{"0":1.743844},"op_mini":{"0":5.69963776271},"and_chr":{"0":24.089463}},"total":98.7659192091}