{"id":"PK","name":"Pakistan","month":"2016-12","access_date":"2017-01-17","data":{"chrome":{"4":null,"5":null,"6":null,"7":null,"8":null,"9":null,"10":0.005496,"11":0.01374,"12":0.01374,"13":0.005496,"14":0.008244,"15":0.002748,"16":0.010992,"17":0.01374,"18":0.008244,"19":0.010992,"20":0.019236,"21":0.010992,"22":0.021984,"23":0.038472,"24":0.030228,"25":0.060456,"26":0.016488,"27":0.030228,"28":0.02748,"29":0.04122,"30":0.032976,"31":0.098928,"32":0.046716,"33":0.093432,"34":0.032976,"35":0.016488,"36":0.01374,"37":0.008244,"38":0.019236,"39":0.030228,"40":0.016488,"41":0.021984,"42":0.01374,"43":0.2748,"44":0.030228,"45":0.030228,"46":0.032976,"47":0.04122,"48":0.05496,"49":1.206372,"50":0.043968,"51":0.175872,"52":0.203352,"53":0.167628,"54":7.18602,"55":8.680932,"56":0.269304,"57":0.118164,"58":null},"firefox":{"2":null,"3":0.085188,"3.5":0.002748,"3.6":0.010992,"4":0.002748,"5":0.002748,"6":null,"7":null,"8":0.002748,"9":null,"10":0.005496,"11":0.005496,"12":0.008244,"13":0.002748,"14":0.008244,"15":0.002748,"16":0.005496,"17":0.005496,"18":0.024732,"19":0.005496,"20":0.002748,"21":0.010992,"22":0.002748,"23":0.01374,"24":0.005496,"25":0.008244,"26":0.005496,"27":0.008244,"28":0.005496,"29":0.016488,"30":0.01374,"31":0.008244,"32":0.010992,"33":0.016488,"34":0.008244,"35":0.01374,"36":0.01374,"37":0.019236,"38":0.021984,"39":0.01374,"40":0.021984,"41":0.019236,"42":0.019236,"43":0.115416,"44":0.140148,"45":0.049464,"46":0.043968,"47":0.200604,"48":0.093432,"49":0.129156,"50":1.95108,"51":0.313272,"52":0.002748,"53":null},"opera":{"9":null,"9.5-9.6":null,"10.0-10.1":0,"10.5":null,"10.6":null,"11":null,"11.1":null,"11.5":null,"11.6":0.005496,"12":0.002748,"12.1":0.01374,"15":null,"16":null,"17":null,"18":null,"19":null,"20":null,"21":null,"22":null,"23":null,"24":null,"25":null,"26":0.005496,"27":null,"28":0.01374,"29":null,"30":null,"31":null,"32":null,"33":null,"34":null,"35":0.002748,"36":0.024732,"37":0.035724,"38":0.019236,"39":0.002748,"40":0.010992,"41":0.403956,"42":0.21984,"43":null,"44":null},"safari":{"3.1":null,"3.2":null,"4":0.008244,"5":0.002748,"5.1":0.005496,"6":null,"6.1":null,"7":0.005496,"7.1":null,"8":0.016488,"9":0.01374,"9.1":0.046716,"10":0.09618,"0":null},"ios_saf":{"3.2":0,"4.0-4.1":0,"4.2-4.3":0,"5.0-5.1":0,"6.0-6.1":0,"7.0-7.1":0.0540922342733,"8":0,"8.1-8.4":0.0821159219089,"9.0-9.2":0.0550698047722,"9.3":0.348992668113,"10.0-10.2":2.61434937093},"android":{"2.1":0,"2.2":0,"2.3":0,"3":0,"4":0.1260525,"4.1":0.4141725,"4.2-4.3":1.1859225,"4.4":2.7345675,"4.4.3-4.4.4":1.630965,"53":null},"op_mob":{"10":0,"11":0,"11.1":0,"11.5":0,"12":0,"12.1":0,"0":0.65895985208},"ie":{"5.5":null,"6":0.0362386431095,"7":0.00905966077739,"8":0.292929031802,"9":0.0422784169611,"10":0.0815369469965,"11":0.392585300353},"edge":{"12":0.049464,"13":0.052212,"14":0.1374,"15":null},"bb":{"7":0.030821,"10":null},"ie_mob":{"10":0.159544,"11":0.638176},"and_ff":{"0":0.03626},"samsung":{"0":1.718724},"and_uc":{"0":18.354812},"op_mini":{"0":8.63810414792},"and_chr":{"0":33.659596}},"total":98.043673}