{"id":"PL","name":"Poland","month":"2016-12","access_date":"2017-01-17","data":{"chrome":{"4":null,"5":null,"6":null,"7":null,"8":null,"9":null,"10":null,"11":0.020905,"12":null,"13":null,"14":null,"15":null,"16":null,"17":null,"18":0.008362,"19":null,"20":null,"21":null,"22":0.016724,"23":null,"24":null,"25":null,"26":0.012543,"27":null,"28":null,"29":null,"30":0.004181,"31":0.037629,"32":0.012543,"33":0.016724,"34":0.050172,"35":0.025086,"36":0.029267,"37":0.020905,"38":0.033448,"39":0.037629,"40":0.016724,"41":0.008362,"42":0.050172,"43":0.08362,"44":0.033448,"45":0.020905,"46":0.025086,"47":0.050172,"48":0.058534,"49":1.622228,"50":0.071077,"51":0.29267,"52":0.129611,"53":0.221593,"54":8.763376,"55":9.846255,"56":0.037629,"57":0.012543,"58":null},"firefox":{"2":null,"3":0.004181,"3.5":null,"3.6":0.008362,"4":null,"5":null,"6":null,"7":null,"8":null,"9":null,"10":0.004181,"11":null,"12":0.008362,"13":null,"14":null,"15":0.004181,"16":0.008362,"17":null,"18":0.008362,"19":null,"20":0.008362,"21":null,"22":null,"23":null,"24":0.004181,"25":null,"26":null,"27":0.004181,"28":0.008362,"29":0.004181,"30":0.004181,"31":0.016724,"32":0.004181,"33":0.008362,"34":0.008362,"35":0.012543,"36":0.016724,"37":0.016724,"38":0.062715,"39":0.025086,"40":0.025086,"41":0.029267,"42":0.037629,"43":0.121249,"44":0.050172,"45":0.137973,"46":0.050172,"47":0.397195,"48":0.20905,"49":0.372109,"50":9.670653,"51":0.062715,"52":0.008362,"53":null},"opera":{"9":null,"9.5-9.6":null,"10.0-10.1":0,"10.5":null,"10.6":null,"11":null,"11.1":null,"11.5":null,"11.6":0.004181,"12":0.004181,"12.1":0.12543,"15":null,"16":null,"17":null,"18":0.004181,"19":0.008362,"20":0.004181,"21":null,"22":null,"23":null,"24":null,"25":null,"26":0.008362,"27":null,"28":0.008362,"29":0.008362,"30":0.008362,"31":0.004181,"32":0.004181,"33":0.008362,"34":0.008362,"35":0.012543,"36":0.229955,"37":0.029267,"38":0.029267,"39":0.016724,"40":0.016724,"41":1.304472,"42":0.75258,"43":0.008362,"44":null},"safari":{"3.1":null,"3.2":null,"4":0,"5":0.004181,"5.1":0.012543,"6":null,"6.1":0.008362,"7":null,"7.1":null,"8":0.025086,"9":0.04181,"9.1":0.12543,"10":0.472453,"0":null},"ios_saf":{"3.2":0,"4.0-4.1":0,"4.2-4.3":0,"5.0-5.1":0,"6.0-6.1":0,"7.0-7.1":0.0173614291912,"8":0,"8.1-8.4":0.0263559045553,"9.0-9.2":0.0176751899597,"9.3":0.11201259436,"10.0-10.2":0.839100881934},"android":{"2.1":0,"2.2":0,"2.3":0,"3":0,"4":0.122095791385,"4.1":0.40117188598,"4.2-4.3":1.14869713936,"4.4":2.6487311478,"4.4.3-4.4.4":1.57977003547,"53":null},"op_mob":{"10":0,"11":0,"11.1":0,"11.5":0,"12":0,"12.1":0,"0":0.0993982033898},"ie":{"5.5":null,"6":null,"7":0.00844933159269,"8":0.0802686501305,"9":0.0549206553525,"10":0.0633699869452,"11":1.41103837598},"edge":{"12":0.054353,"13":0.16724,"14":0.79439,"15":null},"bb":{"7":0.00727375,"10":null},"ie_mob":{"10":0.4038386,"11":1.6153544},"and_ff":{"0":0.029095},"samsung":{"0":5.039254},"and_uc":{"0":0.075647},"op_mini":{"0":1.30298079661},"and_chr":{"0":43.78558}},"total":98.29684775}