{"id":"PM","name":"Saint Pierre and Miquelon","month":"2016-12","access_date":"2017-01-17","data":{"chrome":{"4":null,"5":null,"6":null,"7":null,"8":null,"9":null,"10":null,"11":0.021603,"12":null,"13":null,"14":null,"15":null,"16":null,"17":null,"18":0.036005,"19":null,"20":null,"21":null,"22":0.014402,"23":null,"24":null,"25":null,"26":null,"27":null,"28":null,"29":null,"30":null,"31":0.014402,"32":0.007201,"33":0.014402,"34":0.036005,"35":null,"36":0.043206,"37":0.036005,"38":0.014402,"39":0.028804,"40":0.064809,"41":null,"42":0.007201,"43":0.007201,"44":0.014402,"45":0.036005,"46":0.093613,"47":0.136819,"48":0.21603,"49":2.462742,"50":0.007201,"51":0.036005,"52":0.079211,"53":0.136819,"54":19.212268,"55":15.719783,"56":0.014402,"57":0.014402,"58":null},"firefox":{"2":null,"3":null,"3.5":null,"3.6":null,"4":null,"5":null,"6":0.043206,"7":null,"8":null,"9":null,"10":null,"11":null,"12":0.129618,"13":null,"14":null,"15":0.201628,"16":0.014402,"17":null,"18":null,"19":0.036005,"20":null,"21":null,"22":null,"23":0.014402,"24":0.021603,"25":0.014402,"26":null,"27":0.086412,"28":null,"29":0.064809,"30":0.014402,"31":0.086412,"32":null,"33":null,"34":0.021603,"35":0.028804,"36":0.057608,"37":0.021603,"38":0.014402,"39":null,"40":0.064809,"41":0.014402,"42":0.007201,"43":null,"44":null,"45":0.734502,"46":null,"47":0.093613,"48":0.626487,"49":0.194427,"50":16.483089,"51":0.021603,"52":null,"53":null},"opera":{"9":null,"9.5-9.6":null,"10.0-10.1":0,"10.5":null,"10.6":null,"11":null,"11.1":null,"11.5":null,"11.6":null,"12":null,"12.1":null,"15":null,"16":null,"17":null,"18":null,"19":null,"20":null,"21":null,"22":null,"23":null,"24":null,"25":null,"26":0.028804,"27":null,"28":null,"29":null,"30":null,"31":null,"32":null,"33":null,"34":null,"35":null,"36":null,"37":null,"38":null,"39":null,"40":null,"41":0.244834,"42":0.115216,"43":null,"44":null},"safari":{"3.1":null,"3.2":null,"4":0,"5":2.556355,"5.1":0.172824,"6":0.460864,"6.1":0.158422,"7":null,"7.1":null,"8":0.050407,"9":0.086412,"9.1":0.900125,"10":3.298058,"0":null},"ios_saf":{"3.2":0,"4.0-4.1":0,"4.2-4.3":0,"5.0-5.1":0,"6.0-6.1":0,"7.0-7.1":0.232724952588,"8":0,"8.1-8.4":0.353293301518,"9.0-9.2":0.236930825225,"9.3":1.50149653145,"10.0-10.2":11.2479053892},"android":{"2.1":0,"2.2":0,"2.3":0,"3":0,"4":0.0180126524493,"4.1":0.0591844294764,"4.2-4.3":0.169465975084,"4.4":0.390764276605,"4.4.3-4.4.4":0.233061666385,"53":null},"op_mob":{"10":0,"11":0,"11.1":0,"11.5":0,"12":0,"12.1":0,"0":0},"ie":{"5.5":null,"6":null,"7":null,"8":0.497646297352,"9":0.0365916395112,"10":0.0219549837067,"11":3.03710607943},"edge":{"12":null,"13":0.057608,"14":2.167501,"15":null},"bb":{"7":0,"10":null},"ie_mob":{"10":0.0403056,"11":0.1612224},"and_ff":{"0":null},"samsung":{"0":1.676601},"and_uc":{"0":0.013995},"op_mini":{"0":0},"and_chr":{"0":11.839106}},"total":99.701603}