{"id":"PN","name":"Pitcairn Islands","month":"2016-12","access_date":"2017-01-17","data":{"chrome":{"4":null,"5":null,"6":null,"7":null,"8":null,"9":null,"10":null,"11":null,"12":null,"13":null,"14":null,"15":null,"16":null,"17":null,"18":0.682344,"19":null,"20":null,"21":null,"22":null,"23":null,"24":null,"25":null,"26":null,"27":null,"28":null,"29":null,"30":null,"31":null,"32":null,"33":null,"34":null,"35":0.345384,"36":0.682344,"37":1.027728,"38":null,"39":null,"40":0.345384,"41":2.055456,"42":null,"43":null,"44":null,"45":null,"46":null,"47":null,"48":null,"49":2.7378,"50":null,"51":null,"52":3.083184,"53":5.13864,"54":11.296584,"55":13.35204,"56":null,"57":null,"58":null},"firefox":{"2":null,"3":null,"3.5":null,"3.6":null,"4":1.373112,"5":0.682344,"6":null,"7":null,"8":null,"9":null,"10":null,"11":null,"12":null,"13":null,"14":null,"15":null,"16":null,"17":null,"18":null,"19":null,"20":null,"21":null,"22":null,"23":null,"24":null,"25":null,"26":null,"27":null,"28":null,"29":null,"30":null,"31":null,"32":null,"33":null,"34":null,"35":null,"36":null,"37":null,"38":null,"39":null,"40":null,"41":null,"42":null,"43":null,"44":null,"45":null,"46":null,"47":null,"48":4.110912,"49":12.669696,"50":10.61424,"51":null,"52":null,"53":null},"opera":{"9":null,"9.5-9.6":null,"10.0-10.1":0,"10.5":null,"10.6":null,"11":null,"11.1":null,"11.5":null,"11.6":null,"12":null,"12.1":0.345384,"15":null,"16":null,"17":null,"18":null,"19":null,"20":null,"21":null,"22":null,"23":null,"24":null,"25":null,"26":0.682344,"27":null,"28":null,"29":null,"30":null,"31":null,"32":null,"33":null,"34":null,"35":null,"36":null,"37":null,"38":null,"39":null,"40":null,"41":null,"42":null,"43":null,"44":null},"safari":{"3.1":null,"3.2":null,"4":0,"5":null,"5.1":0.345384,"6":null,"6.1":null,"7":null,"7.1":null,"8":null,"9":null,"9.1":1.373112,"10":null,"0":null},"ios_saf":{"3.2":0,"4.0-4.1":0,"4.2-4.3":0,"5.0-5.1":0,"6.0-6.1":0,"7.0-7.1":0.0472613882863,"8":0,"8.1-8.4":0.0717462039046,"9.0-9.2":0.0481155097614,"9.3":0.304921366594,"10.0-10.2":2.28420553145},"android":{"2.1":0,"2.2":0,"2.3":0,"3":0,"4":0,"4.1":0,"4.2-4.3":0,"4.4":0,"4.4.3-4.4.4":0,"53":null},"op_mob":{"10":0,"11":0,"11.1":0,"11.5":0,"12":0,"12.1":0,"0":0},"ie":{"5.5":null,"6":null,"7":0.345384,"8":0.682344,"9":0.345384,"10":0.682344,"11":4.447872},"edge":{"12":null,"13":null,"14":1.373112,"15":null},"bb":{"7":0,"10":null},"ie_mob":{"10":0.07875,"11":0.315},"and_ff":{"0":1.575},"samsung":{"0":0.39375},"and_uc":{"0":null},"op_mini":{"0":0},"and_chr":{"0":10.976634}},"total":96.91524}