{"id":"PR","name":"Puerto Rico","month":"2016-12","access_date":"2017-01-17","data":{"chrome":{"4":null,"5":null,"6":null,"7":null,"8":null,"9":null,"10":null,"11":0.025902,"12":null,"13":null,"14":null,"15":null,"16":null,"17":null,"18":0.008634,"19":null,"20":0.004317,"21":0.008634,"22":0.004317,"23":null,"24":null,"25":0.017268,"26":null,"27":null,"28":null,"29":0.008634,"30":null,"31":0.008634,"32":0.034536,"33":0.012951,"34":0.021585,"35":0.194265,"36":0.358311,"37":0.012951,"38":0.04317,"39":0.034536,"40":0.017268,"41":0.025902,"42":0.021585,"43":0.060438,"44":0.064755,"45":0.017268,"46":0.021585,"47":0.038853,"48":0.04317,"49":0.854766,"50":0.051804,"51":0.211533,"52":0.133827,"53":0.138144,"54":11.250102,"55":9.268599,"56":0.04317,"57":0.025902,"58":null},"firefox":{"2":null,"3":null,"3.5":null,"3.6":0.008634,"4":null,"5":null,"6":null,"7":null,"8":null,"9":null,"10":null,"11":null,"12":null,"13":null,"14":null,"15":null,"16":0.017268,"17":null,"18":null,"19":null,"20":null,"21":null,"22":null,"23":null,"24":null,"25":null,"26":null,"27":null,"28":null,"29":null,"30":null,"31":0.004317,"32":null,"33":0.008634,"34":null,"35":0.004317,"36":null,"37":0.004317,"38":0.017268,"39":0.008634,"40":0.012951,"41":0.004317,"42":0.004317,"43":0.034536,"44":0.012951,"45":0.120876,"46":0.030219,"47":0.181314,"48":0.211533,"49":0.164046,"50":3.807594,"51":0.030219,"52":null,"53":null},"opera":{"9":null,"9.5-9.6":null,"10.0-10.1":0,"10.5":null,"10.6":null,"11":null,"11.1":null,"11.5":null,"11.6":null,"12":null,"12.1":0.004317,"15":null,"16":null,"17":null,"18":null,"19":null,"20":null,"21":null,"22":null,"23":null,"24":null,"25":null,"26":null,"27":null,"28":null,"29":0.021585,"30":null,"31":null,"32":null,"33":0.017268,"34":null,"35":null,"36":0.012951,"37":0.034536,"38":0.025902,"39":null,"40":null,"41":0.164046,"42":0.090657,"43":null,"44":null},"safari":{"3.1":null,"3.2":null,"4":0.008634,"5":0.034536,"5.1":0.099291,"6":0.004317,"6.1":0.069072,"7":0.012951,"7.1":0.008634,"8":0.133827,"9":0.198582,"9.1":0.915204,"10":2.352765,"0":null},"ios_saf":{"3.2":0,"4.0-4.1":0,"4.2-4.3":0,"5.0-5.1":0,"6.0-6.1":0,"7.0-7.1":0.260961293668,"8":0,"8.1-8.4":0.39615810846,"9.0-9.2":0.265677461626,"9.3":1.68367196095,"10.0-10.2":12.6126051753},"android":{"2.1":0,"2.2":0,"2.3":0,"3":0,"4":0.0600914852196,"4.1":0.197443451436,"4.2-4.3":0.565350503801,"4.4":1.30361732221,"4.4.3-4.4.4":0.777510237331,"53":null},"op_mob":{"10":0,"11":0,"11.1":0,"11.5":0,"12":0,"12.1":0,"0":0.010875633282},"ie":{"5.5":null,"6":null,"7":0.00866920489297,"8":0.177718700306,"9":0.286083761468,"10":0.173384097859,"11":3.60638923547},"edge":{"12":0.142461,"13":0.423066,"14":2.732661,"15":null},"bb":{"7":0.005683,"10":null},"ie_mob":{"10":0.0920646,"11":0.3682584},"and_ff":{"0":0.022732},"samsung":{"0":7.67205},"and_uc":{"0":0.051147},"op_mini":{"0":0.142565366718},"and_chr":{"0":32.863218}},"total":98.886767}