{"id":"PT","name":"Portugal","month":"2016-12","access_date":"2017-01-17","data":{"chrome":{"4":null,"5":null,"6":null,"7":null,"8":null,"9":null,"10":null,"11":0.01679,"12":null,"13":null,"14":null,"15":null,"16":null,"17":null,"18":null,"19":null,"20":null,"21":null,"22":0.15111,"23":null,"24":null,"25":null,"26":0.01679,"27":null,"28":null,"29":null,"30":null,"31":0.025185,"32":0.109135,"33":0.008395,"34":0.041975,"35":0.20148,"36":1.133325,"37":0.03358,"38":0.10074,"39":0.08395,"40":0.03358,"41":0.01679,"42":0.025185,"43":0.142715,"44":0.06716,"45":0.08395,"46":0.058765,"47":0.612835,"48":0.08395,"49":3.097755,"50":0.11753,"51":0.444935,"52":0.226665,"53":0.36938,"54":28.182015,"55":23.74106,"56":0.125925,"57":0.041975,"58":null},"firefox":{"2":null,"3":null,"3.5":null,"3.6":0.01679,"4":null,"5":null,"6":null,"7":null,"8":null,"9":null,"10":null,"11":null,"12":null,"13":null,"14":null,"15":null,"16":0.008395,"17":null,"18":null,"19":null,"20":null,"21":null,"22":null,"23":null,"24":null,"25":null,"26":null,"27":null,"28":null,"29":null,"30":null,"31":null,"32":null,"33":null,"34":0.008395,"35":0.008395,"36":0.008395,"37":0.01679,"38":0.041975,"39":0.025185,"40":0.01679,"41":0.025185,"42":0.01679,"43":0.092345,"44":0.03358,"45":0.10074,"46":0.109135,"47":0.310615,"48":0.260245,"49":0.243455,"50":8.168335,"51":0.041975,"52":0.008395,"53":null},"opera":{"9":null,"9.5-9.6":null,"10.0-10.1":0,"10.5":null,"10.6":null,"11":null,"11.1":null,"11.5":null,"11.6":null,"12":0.008395,"12.1":0.025185,"15":null,"16":null,"17":null,"18":null,"19":null,"20":null,"21":null,"22":null,"23":null,"24":null,"25":null,"26":null,"27":null,"28":0.008395,"29":null,"30":null,"31":null,"32":null,"33":null,"34":null,"35":null,"36":0.05037,"37":0.008395,"38":0.06716,"39":null,"40":null,"41":0.461725,"42":0.18469,"43":null,"44":null},"safari":{"3.1":null,"3.2":null,"4":0,"5":0.041975,"5.1":0.08395,"6":null,"6.1":0.05037,"7":0.01679,"7.1":null,"8":0.10074,"9":0.13432,"9.1":0.562465,"10":2.13233,"0":null},"ios_saf":{"3.2":0,"4.0-4.1":0,"4.2-4.3":0,"5.0-5.1":0,"6.0-6.1":0,"7.0-7.1":0.0590874093585,"8":0,"8.1-8.4":0.0896989587852,"9.0-9.2":0.060155254106,"9.3":0.381220574837,"10.0-10.2":2.85577280291},"android":{"2.1":0,"2.2":0,"2.3":0,"3":0,"4":0.0181003061655,"4.1":0.0594724345439,"4.2-4.3":0.170290635557,"4.4":0.392665825591,"4.4.3-4.4.4":0.234195798142,"53":null},"op_mob":{"10":0,"11":0,"11.1":0,"11.5":0,"12":0,"12.1":0,"0":0.00887325115562},"ie":{"5.5":null,"6":null,"7":0.0168392375367,"8":0.235749325513,"9":0.319945513196,"10":0.15155313783,"11":5.01809278592},"edge":{"12":0.109135,"13":0.35259,"14":2.70319,"15":null},"bb":{"7":0.00601875,"10":null},"ie_mob":{"10":0.066447,"11":0.265788},"and_ff":{"0":0.020865},"samsung":{"0":1.054485},"and_uc":{"0":0.178155},"op_mini":{"0":0.116316748844},"and_chr":{"0":10.28963}},"total":98.12811875}