{"id":"PW","name":"Palau","month":"2016-12","access_date":"2017-01-17","data":{"chrome":{"4":0.012972,"5":null,"6":null,"7":null,"8":0.038916,"9":null,"10":0.019458,"11":0.168636,"12":null,"13":null,"14":0.012972,"15":null,"16":null,"17":null,"18":0.03243,"19":null,"20":null,"21":0.019458,"22":null,"23":null,"24":null,"25":null,"26":0.03243,"27":null,"28":0.019458,"29":0.012972,"30":0.019458,"31":0.071346,"32":null,"33":0.382674,"34":null,"35":0.03243,"36":0.019458,"37":0.006486,"38":0.051888,"39":0.084318,"40":null,"41":0.051888,"42":0.012972,"43":null,"44":0.051888,"45":0.87561,"46":0.038916,"47":0.012972,"48":0.012972,"49":0.836694,"50":0.434562,"51":0.363216,"52":0.25944,"53":0.278898,"54":11.6748,"55":6.991908,"56":0.110262,"57":0.03243,"58":null},"firefox":{"2":null,"3":null,"3.5":null,"3.6":null,"4":null,"5":0.012972,"6":0.03243,"7":null,"8":0.149178,"9":null,"10":null,"11":null,"12":0.058374,"13":null,"14":0.012972,"15":null,"16":0.006486,"17":null,"18":0.012972,"19":3.398664,"20":null,"21":null,"22":null,"23":null,"24":0.019458,"25":null,"26":0.239982,"27":null,"28":0.045402,"29":null,"30":null,"31":null,"32":null,"33":0.077832,"34":null,"35":null,"36":0.019458,"37":0.006486,"38":0.006486,"39":0.35673,"40":0.025944,"41":0.025944,"42":0.012972,"43":0.499422,"44":0.019458,"45":2.036604,"46":0.06486,"47":1.16748,"48":8.78853,"49":0.25944,"50":9.184176,"51":1.433406,"52":null,"53":null},"opera":{"9":null,"9.5-9.6":null,"10.0-10.1":0,"10.5":null,"10.6":null,"11":null,"11.1":null,"11.5":null,"11.6":null,"12":null,"12.1":null,"15":null,"16":null,"17":null,"18":null,"19":null,"20":null,"21":null,"22":null,"23":null,"24":null,"25":null,"26":null,"27":null,"28":null,"29":0.03243,"30":null,"31":null,"32":null,"33":null,"34":null,"35":null,"36":null,"37":0.012972,"38":null,"39":null,"40":null,"41":0.051888,"42":0.051888,"43":null,"44":null},"safari":{"3.1":0.006486,"3.2":null,"4":0,"5":null,"5.1":0.025944,"6":0.071346,"6.1":null,"7":null,"7.1":null,"8":0.045402,"9":0.025944,"9.1":0.175122,"10":0.428076,"0":null},"ios_saf":{"3.2":0,"4.0-4.1":0,"4.2-4.3":0,"5.0-5.1":0,"6.0-6.1":0,"7.0-7.1":0.0681478611714,"8":0,"8.1-8.4":0.10345337961,"9.0-9.2":0.0693794490239,"9.3":0.439676863341,"10.0-10.2":3.29367644685},"android":{"2.1":0,"2.2":0,"2.3":0,"3":0,"4":0.0675510109797,"4.1":0.221953321791,"4.2-4.3":0.635530940034,"4.4":1.46544336064,"4.4.3-4.4.4":0.874027366554,"53":null},"op_mob":{"10":0,"11":0,"11.1":0,"11.5":0,"12":0,"12.1":0,"0":0.0764633405239},"ie":{"5.5":null,"6":null,"7":null,"8":0.869702259481,"9":2.41439731737,"10":1.99252681836,"11":4.47831760479},"edge":{"12":0.382674,"13":0.752376,"14":0.239982,"15":null},"bb":{"7":0.0008785,"10":null},"ie_mob":{"10":0.0407624,"11":0.1630496},"and_ff":{"0":0.014056},"samsung":{"0":1.890532},"and_uc":{"0":7.727286},"op_mini":{"0":1.00233465948},"and_chr":{"0":18.05711}},"total":99.3200925}