{"id":"PY","name":"Paraguay","month":"2016-12","access_date":"2017-01-17","data":{"chrome":{"4":null,"5":null,"6":null,"7":null,"8":null,"9":null,"10":0.006624,"11":0.036432,"12":null,"13":null,"14":null,"15":null,"16":null,"17":null,"18":0.013248,"19":null,"20":null,"21":null,"22":0.009936,"23":null,"24":null,"25":0.006624,"26":0.003312,"27":0.003312,"28":null,"29":0.006624,"30":0.006624,"31":0.036432,"32":0.019872,"33":0.013248,"34":0.026496,"35":0.019872,"36":0.317952,"37":0.01656,"38":0.019872,"39":0.023184,"40":0.023184,"41":0.036432,"42":0.009936,"43":0.04968,"44":0.04968,"45":0.019872,"46":0.01656,"47":0.072864,"48":0.026496,"49":1.003536,"50":0.04968,"51":0.185472,"52":0.152352,"53":0.245088,"54":10.843488,"55":11.2608,"56":0.046368,"57":0.013248,"58":null},"firefox":{"2":null,"3":0.01656,"3.5":0.006624,"3.6":0.013248,"4":0.009936,"5":null,"6":null,"7":null,"8":null,"9":null,"10":0.009936,"11":0.009936,"12":0.009936,"13":null,"14":0.006624,"15":0.009936,"16":0.003312,"17":0.009936,"18":null,"19":null,"20":null,"21":null,"22":0.013248,"23":null,"24":0.006624,"25":null,"26":0.009936,"27":0.003312,"28":0.003312,"29":null,"30":0.006624,"31":0.006624,"32":0.009936,"33":0.003312,"34":0.006624,"35":0.013248,"36":0.006624,"37":0.006624,"38":0.036432,"39":0.013248,"40":0.01656,"41":0.01656,"42":0.009936,"43":0.105984,"44":0.026496,"45":0.145728,"46":0.026496,"47":0.23184,"48":0.112608,"49":0.1656,"50":3.470976,"51":0.026496,"52":0.006624,"53":null},"opera":{"9":null,"9.5-9.6":null,"10.0-10.1":0,"10.5":null,"10.6":null,"11":null,"11.1":null,"11.5":null,"11.6":null,"12":null,"12.1":null,"15":null,"16":null,"17":null,"18":null,"19":null,"20":null,"21":null,"22":null,"23":null,"24":null,"25":null,"26":null,"27":null,"28":null,"29":0.013248,"30":null,"31":null,"32":null,"33":0.026496,"34":null,"35":null,"36":0.006624,"37":0.029808,"38":0.019872,"39":0.01656,"40":0.003312,"41":0.129168,"42":0.076176,"43":null,"44":null},"safari":{"3.1":null,"3.2":null,"4":0,"5":0.026496,"5.1":0.006624,"6":null,"6.1":0.009936,"7":0.003312,"7.1":0.003312,"8":0.026496,"9":0.04968,"9.1":0.14904,"10":0.374256,"0":null},"ios_saf":{"3.2":0,"4.0-4.1":0,"4.2-4.3":0,"5.0-5.1":0,"6.0-6.1":0,"7.0-7.1":0.0520642941845,"8":0,"8.1-8.4":0.079037362256,"9.0-9.2":0.0530052151637,"9.3":0.335908789588,"10.0-10.2":2.51633633881},"android":{"2.1":0,"2.2":0,"2.3":0,"3":0,"4":0.186829054054,"4.1":0.613866891892,"4.2-4.3":1.75771824324,"4.4":4.05304662162,"4.4.3-4.4.4":2.41733918919,"53":null},"op_mob":{"10":0,"11":0,"11.1":0,"11.5":0,"12":0,"12.1":0,"0":0.317602711864},"ie":{"5.5":null,"6":null,"7":null,"8":0.164084546125,"9":0.0669732841328,"10":0.0669732841328,"11":0.609456885609},"edge":{"12":0.026496,"13":0.052992,"14":0.228528,"15":null},"bb":{"7":0.020064,"10":null},"ie_mob":{"10":0.2033152,"11":0.8132608},"and_ff":{"0":0.006688},"samsung":{"0":5.470784},"and_uc":{"0":0.642048},"op_mini":{"0":4.16335728814},"and_chr":{"0":43.966352}},"total":99.15912}