{"id":"QA","name":"Qatar","month":"2016-12","access_date":"2017-01-17","data":{"chrome":{"4":null,"5":null,"6":null,"7":null,"8":null,"9":null,"10":null,"11":0.006586,"12":null,"13":null,"14":null,"15":null,"16":null,"17":null,"18":null,"19":0.003293,"20":0.003293,"21":0.003293,"22":0.026344,"23":null,"24":0.009879,"25":null,"26":0.006586,"27":0.003293,"28":0.006586,"29":0.013172,"30":0.006586,"31":0.049395,"32":0.055981,"33":0.029637,"34":0.026344,"35":0.023051,"36":0.177822,"37":0.009879,"38":0.03293,"39":0.03293,"40":0.016465,"41":0.023051,"42":0.016465,"43":0.148185,"44":0.03293,"45":0.042809,"46":0.042809,"47":0.055981,"48":0.03293,"49":0.82325,"50":0.046102,"51":0.319421,"52":0.204166,"53":0.184408,"54":9.493719,"55":10.096338,"56":0.095497,"57":0.085618,"58":null},"firefox":{"2":null,"3":0.013172,"3.5":null,"3.6":0.006586,"4":null,"5":null,"6":null,"7":null,"8":null,"9":null,"10":null,"11":null,"12":0.006586,"13":null,"14":null,"15":0.003293,"16":null,"17":0.003293,"18":null,"19":null,"20":null,"21":0.006586,"22":0.006586,"23":null,"24":0.003293,"25":null,"26":null,"27":null,"28":null,"29":null,"30":null,"31":0.003293,"32":null,"33":0.003293,"34":0.003293,"35":0.016465,"36":0.006586,"37":0.006586,"38":0.052688,"39":0.009879,"40":0.009879,"41":0.006586,"42":0.013172,"43":0.046102,"44":0.026344,"45":0.052688,"46":0.026344,"47":0.161357,"48":0.121841,"49":0.135013,"50":1.883596,"51":0.085618,"52":null,"53":null},"opera":{"9":null,"9.5-9.6":null,"10.0-10.1":0,"10.5":null,"10.6":null,"11":null,"11.1":null,"11.5":null,"11.6":null,"12":null,"12.1":0.003293,"15":null,"16":null,"17":null,"18":null,"19":null,"20":null,"21":null,"22":null,"23":null,"24":null,"25":null,"26":null,"27":null,"28":0.013172,"29":null,"30":null,"31":null,"32":null,"33":null,"34":null,"35":null,"36":0.003293,"37":0.019758,"38":0.042809,"39":null,"40":0.003293,"41":0.200873,"42":0.105376,"43":null,"44":null},"safari":{"3.1":null,"3.2":null,"4":0.003293,"5":0.006586,"5.1":0.026344,"6":0.009879,"6.1":0.023051,"7":0.023051,"7.1":0.013172,"8":0.105376,"9":0.111962,"9.1":0.345765,"10":0.928626,"0":null},"ios_saf":{"3.2":0,"4.0-4.1":0,"4.2-4.3":0,"5.0-5.1":0,"6.0-6.1":0,"7.0-7.1":0.147896243363,"8":0,"8.1-8.4":0.22451718872,"9.0-9.2":0.150569067039,"9.3":0.954198052061,"10.0-10.2":7.14802144882},"android":{"2.1":0,"2.2":0,"2.3":0,"3":0,"4":0.0444112162162,"4.1":0.145922567568,"4.2-4.3":0.417827972973,"4.4":0.963451486486,"4.4.3-4.4.4":0.574626756757,"53":null},"op_mob":{"10":0,"11":0,"11.1":0,"11.5":0,"12":0,"12.1":0,"0":0.844751300462},"ie":{"5.5":null,"6":0.00666862007168,"7":null,"8":0.170049811828,"9":0.226733082437,"10":0.346768243728,"11":2.9675359319},"edge":{"12":0.046102,"13":0.187701,"14":0.92204,"15":null},"bb":{"7":0.0301815,"10":null},"ie_mob":{"10":0.0549974,"11":0.2199896},"and_ff":{"0":0.020121},"samsung":{"0":3.038271},"and_uc":{"0":19.671631},"op_mini":{"0":11.0735876995},"and_chr":{"0":20.720032}},"total":98.31461719}