{"id":"RE","name":"Reunion","month":"2016-12","access_date":"2017-01-17","data":{"chrome":{"4":null,"5":null,"6":null,"7":null,"8":null,"9":null,"10":null,"11":0.006641,"12":null,"13":null,"14":null,"15":null,"16":null,"17":null,"18":0.013282,"19":null,"20":null,"21":null,"22":0.013282,"23":0.006641,"24":null,"25":null,"26":0.019923,"27":0.006641,"28":0.013282,"29":0.026564,"30":0.039846,"31":0.026564,"32":0.059769,"33":0.013282,"34":0.079692,"35":0.013282,"36":0.252358,"37":0.013282,"38":0.046487,"39":0.073051,"40":0.033205,"41":0.013282,"42":0.026564,"43":0.06641,"44":0.239076,"45":0.046487,"46":0.039846,"47":0.053128,"48":0.106256,"49":1.19538,"50":0.092974,"51":0.292204,"52":0.39846,"53":0.478152,"54":14.909045,"55":13.819921,"56":0.126179,"57":0.039846,"58":null},"firefox":{"2":null,"3":0.006641,"3.5":null,"3.6":0.046487,"4":0.013282,"5":null,"6":0.006641,"7":null,"8":null,"9":null,"10":0.006641,"11":0.033205,"12":0.006641,"13":0.019923,"14":0.019923,"15":0.033205,"16":0.019923,"17":0.019923,"18":0.013282,"19":null,"20":0.073051,"21":0.006641,"22":null,"23":0.092974,"24":0.06641,"25":0.019923,"26":0.019923,"27":null,"28":0.026564,"29":0.006641,"30":0.039846,"31":0.099615,"32":0.272281,"33":0.026564,"34":0.053128,"35":0.073051,"36":0.06641,"37":0.053128,"38":0.46487,"39":0.033205,"40":0.146102,"41":0.498075,"42":0.079692,"43":0.146102,"44":0.219153,"45":0.358614,"46":0.073051,"47":0.405101,"48":0.604331,"49":0.86333,"50":12.498362,"51":0.039846,"52":null,"53":null},"opera":{"9":null,"9.5-9.6":null,"10.0-10.1":0,"10.5":null,"10.6":null,"11":null,"11.1":null,"11.5":null,"11.6":null,"12":null,"12.1":0.026564,"15":null,"16":null,"17":null,"18":null,"19":null,"20":null,"21":null,"22":null,"23":null,"24":null,"25":null,"26":null,"27":null,"28":null,"29":null,"30":null,"31":null,"32":null,"33":null,"34":null,"35":null,"36":0.159384,"37":0.026564,"38":null,"39":null,"40":null,"41":0.325409,"42":0.179307,"43":null,"44":null},"safari":{"3.1":null,"3.2":null,"4":0.019923,"5":0.086333,"5.1":0.411742,"6":0.026564,"6.1":0.139461,"7":0.039846,"7.1":0.059769,"8":0.292204,"9":0.179307,"9.1":1.39461,"10":2.689605,"0":null},"ios_saf":{"3.2":0,"4.0-4.1":0,"4.2-4.3":0,"5.0-5.1":0,"6.0-6.1":0,"7.0-7.1":0.114478785249,"8":0,"8.1-8.4":0.173787071584,"9.0-9.2":0.116547678959,"9.3":0.73859505423,"10.0-10.2":5.53291140998},"android":{"2.1":0,"2.2":0,"2.3":0,"3":0,"4":0.041229527027,"4.1":0.135468445946,"4.2-4.3":0.387894121622,"4.4":0.894428310811,"4.4.3-4.4.4":0.533459594595,"53":null},"op_mob":{"10":0,"11":0,"11.1":0,"11.5":0,"12":0,"12.1":0,"0":0.0781135285054},"ie":{"5.5":null,"6":null,"7":null,"8":0.209629294118,"9":0.128482470588,"10":0.169055882353,"11":2.82661435294},"edge":{"12":0.152743,"13":0.405101,"14":2.616554,"15":null},"bb":{"7":0.01512,"10":null},"ie_mob":{"10":0.088704,"11":0.354816},"and_ff":{"0":0.06048},"samsung":{"0":4.25376},"and_uc":{"0":0.11088},"op_mini":{"0":1.02396647149},"and_chr":{"0":20.393598}},"total":97.984995}