{"id":"RS","name":"Serbia","month":"2016-12","access_date":"2017-01-17","data":{"chrome":{"4":null,"5":null,"6":null,"7":null,"8":null,"9":null,"10":null,"11":0.028096,"12":0.014048,"13":null,"14":0.007024,"15":null,"16":null,"17":null,"18":0.021072,"19":null,"20":null,"21":null,"22":0.056192,"23":null,"24":0.007024,"25":0.007024,"26":0.049168,"27":0.007024,"28":null,"29":0.028096,"30":0.014048,"31":0.049168,"32":0.021072,"33":0.03512,"34":0.091312,"35":0.028096,"36":0.077264,"37":0.021072,"38":0.03512,"39":0.063216,"40":0.03512,"41":0.014048,"42":0.028096,"43":0.112384,"44":0.063216,"45":0.03512,"46":0.042144,"47":0.091312,"48":0.063216,"49":4.242496,"50":0.084288,"51":0.337152,"52":0.31608,"53":0.28096,"54":18.480144,"55":20.798064,"56":0.189648,"57":0.084288,"58":null},"firefox":{"2":null,"3":0.021072,"3.5":0.007024,"3.6":0.042144,"4":null,"5":null,"6":null,"7":null,"8":null,"9":null,"10":0.007024,"11":0.007024,"12":0.021072,"13":null,"14":null,"15":0.014048,"16":0.007024,"17":null,"18":0.007024,"19":null,"20":0.014048,"21":null,"22":0.007024,"23":null,"24":0.007024,"25":null,"26":0.014048,"27":0.007024,"28":0.014048,"29":0.014048,"30":0.014048,"31":0.021072,"32":0.007024,"33":0.042144,"34":0.021072,"35":0.028096,"36":0.03512,"37":0.03512,"38":0.098336,"39":0.049168,"40":0.042144,"41":0.063216,"42":0.049168,"43":0.217744,"44":0.07024,"45":0.154528,"46":0.14048,"47":0.49168,"48":0.379296,"49":0.358224,"50":11.947824,"51":0.28096,"52":0.014048,"53":null},"opera":{"9":null,"9.5-9.6":null,"10.0-10.1":0,"10.5":null,"10.6":null,"11":null,"11.1":null,"11.5":null,"11.6":0.014048,"12":0.007024,"12.1":0.231792,"15":null,"16":null,"17":null,"18":0.007024,"19":null,"20":0.007024,"21":null,"22":null,"23":null,"24":null,"25":null,"26":0.007024,"27":null,"28":0.007024,"29":0.007024,"30":0.014048,"31":0.007024,"32":null,"33":null,"34":0.014048,"35":0.021072,"36":0.24584,"37":0.03512,"38":0.049168,"39":0.021072,"40":0.028096,"41":1.552304,"42":0.934192,"43":null,"44":null},"safari":{"3.1":null,"3.2":null,"4":0.007024,"5":0.007024,"5.1":0.03512,"6":null,"6.1":0.014048,"7":null,"7.1":0.007024,"8":0.028096,"9":0.028096,"9.1":0.133456,"10":0.379296,"0":null},"ios_saf":{"3.2":0,"4.0-4.1":0,"4.2-4.3":0,"5.0-5.1":0,"6.0-6.1":0,"7.0-7.1":0.0500088503254,"8":0,"8.1-8.4":0.0759170498915,"9.0-9.2":0.0509126247289,"9.3":0.322647462039,"10.0-10.2":2.41699401302},"android":{"2.1":0,"2.2":0,"2.3":0,"3":0,"4":0.0591794189189,"4.1":0.194446662162,"4.2-4.3":0.556769635135,"4.4":1.28383106757,"4.4.3-4.4.4":0.765709216216,"53":null},"op_mob":{"10":0,"11":0,"11.1":0,"11.5":0,"12":0,"12.1":0,"0":0.0852172326656},"ie":{"5.5":null,"6":0.0146623440233,"7":0.0146623440233,"8":0.410545632653,"9":0.190610472303,"10":0.109967580175,"11":1.77414362682},"edge":{"12":0.03512,"13":0.133456,"14":0.7024,"15":null},"bb":{"7":0.01116,"10":null},"ie_mob":{"10":0.1779648,"11":0.7118592},"and_ff":{"0":0.017856},"samsung":{"0":1.735008},"and_uc":{"0":0.101184},"op_mini":{"0":1.11708676733},"and_chr":{"0":20.341984}},"total":98.03996}