{"id":"RU","name":"Russian Federation","month":"2016-12","access_date":"2017-01-17","data":{"chrome":{"4":0.0159,"5":0.00795,"6":null,"7":null,"8":null,"9":null,"10":0.00795,"11":0.0318,"12":0.0159,"13":0.0159,"14":0.00795,"15":0.0159,"16":0.0159,"17":0.02385,"18":0.05565,"19":0.00795,"20":0.00795,"21":0.02385,"22":0.03975,"23":0.0159,"24":0.03975,"25":0.02385,"26":0.0318,"27":0.03975,"28":0.0477,"29":0.05565,"30":0.0159,"31":0.43725,"32":0.02385,"33":0.02385,"34":0.0318,"35":0.03975,"36":0.03975,"37":0.02385,"38":0.03975,"39":0.0795,"40":0.0636,"41":0.0795,"42":0.0477,"43":0.38955,"44":0.0636,"45":0.1749,"46":0.0795,"47":0.11925,"48":0.3975,"49":2.20215,"50":0.29415,"51":1.3674,"52":0.48495,"53":0.5565,"54":17.7285,"55":16.06695,"56":0.1431,"57":0.10335,"58":null},"firefox":{"2":0.00795,"3":0.0636,"3.5":0.03975,"3.6":0.0954,"4":0.0159,"5":null,"6":null,"7":null,"8":0.02385,"9":null,"10":null,"11":0.00795,"12":0.03975,"13":null,"14":null,"15":null,"16":0.00795,"17":0.00795,"18":null,"19":null,"20":0.00795,"21":0.0159,"22":0.00795,"23":0.00795,"24":0.02385,"25":0.2226,"26":0.02385,"27":null,"28":0.0159,"29":0.00795,"30":0.00795,"31":0.0318,"32":0.0159,"33":0.02385,"34":0.0477,"35":0.02385,"36":0.02385,"37":0.02385,"38":0.0795,"39":0.02385,"40":0.03975,"41":0.0318,"42":0.05565,"43":0.2226,"44":0.0636,"45":0.27825,"46":0.1431,"47":0.636,"48":0.3816,"49":0.2703,"50":6.84495,"51":0.0318,"52":0.00795,"53":null},"opera":{"9":null,"9.5-9.6":0.00795,"10.0-10.1":0,"10.5":0.00795,"10.6":0.0159,"11":0.00795,"11.1":0.00795,"11.5":0.02385,"11.6":0.05565,"12":0.07155,"12.1":0.795,"15":null,"16":0.00795,"17":0.0159,"18":0.0954,"19":0.00795,"20":0.0159,"21":0.00795,"22":null,"23":null,"24":null,"25":0.00795,"26":0.00795,"27":0.0159,"28":0.02385,"29":0.0159,"30":0.0318,"31":0.0159,"32":0.0159,"33":0.02385,"34":0.0318,"35":0.05565,"36":0.48495,"37":0.1272,"38":0.2226,"39":0.0477,"40":0.0636,"41":2.77455,"42":1.34355,"43":0.0159,"44":null},"safari":{"3.1":null,"3.2":null,"4":0.0477,"5":0.03975,"5.1":0.05565,"6":0.00795,"6.1":0.0318,"7":0.02385,"7.1":null,"8":0.0795,"9":0.0954,"9.1":0.4293,"10":1.40715,"0":null},"ios_saf":{"3.2":0,"4.0-4.1":0,"4.2-4.3":0,"5.0-5.1":0,"6.0-6.1":0,"7.0-7.1":0.0790553351926,"8":0,"8.1-8.4":0.120011713666,"9.0-9.2":0.0804840460696,"9.3":0.51004978308,"10.0-10.2":3.82084912199},"android":{"2.1":0,"2.2":0,"2.3":0,"3":0,"4":0.0267244510135,"4.1":0.087808910473,"4.2-4.3":0.251427998311,"4.4":0.579756967905,"4.4.3-4.4.4":0.345781672297,"53":null},"op_mob":{"10":0,"11":0,"11.1":0,"11.5":0,"12":0,"12.1":0,"0":0.0671288135593},"ie":{"5.5":null,"6":0.0434060665362,"7":0.0434060665362,"8":0.789990410959,"9":0.338567318982,"10":0.555597651663,"11":2.66513248532},"edge":{"12":0.0477,"13":0.21465,"14":0.93015,"15":null},"bb":{"7":0.0087125,"10":null},"ie_mob":{"10":0.09266,"11":0.37064},"and_ff":{"0":0.0246},"samsung":{"0":1.0168},"and_uc":{"0":0.97785},"op_mini":{"0":0.879971186441},"and_chr":{"0":10.7369}},"total":86.0145125}