{"id":"RW","name":"Rwanda","month":"2016-12","access_date":"2017-01-17","data":{"chrome":{"4":null,"5":null,"6":null,"7":0.003276,"8":null,"9":null,"10":0.003276,"11":0.011466,"12":0.003276,"13":null,"14":null,"15":0.003276,"16":0.003276,"17":0.001638,"18":null,"19":null,"20":0.003276,"21":0.001638,"22":0.006552,"23":0.004914,"24":null,"25":0.003276,"26":null,"27":0.001638,"28":0.018018,"29":0.026208,"30":null,"31":0.006552,"32":0.075348,"33":0.018018,"34":null,"35":null,"36":0.039312,"37":null,"38":0.001638,"39":0.001638,"40":0.009828,"41":0.001638,"42":0.006552,"43":0.226044,"44":0.006552,"45":0.075348,"46":0.009828,"47":0.045864,"48":0.018018,"49":0.140868,"50":0.014742,"51":0.04095,"52":0.167076,"53":0.062244,"54":4.391478,"55":3.012282,"56":0.02457,"57":0.042588,"58":null},"firefox":{"2":null,"3":0.019656,"3.5":0.003276,"3.6":0.022932,"4":0.018018,"5":0.021294,"6":0.00819,"7":0.001638,"8":0.006552,"9":0.006552,"10":0.00819,"11":0.013104,"12":0.026208,"13":0.011466,"14":0.019656,"15":0.021294,"16":0.011466,"17":0.013104,"18":0.009828,"19":0.01638,"20":0.088452,"21":0.009828,"22":0.004914,"23":0.009828,"24":0.006552,"25":0.009828,"26":null,"27":0.001638,"28":0.00819,"29":0.01638,"30":0.019656,"31":0.027846,"32":0.009828,"33":0.009828,"34":0.018018,"35":0.021294,"36":0.022932,"37":0.013104,"38":0.027846,"39":0.01638,"40":0.047502,"41":0.02457,"42":0.011466,"43":0.121212,"44":0.165438,"45":0.04914,"46":0.02457,"47":0.314496,"48":0.093366,"49":0.222768,"50":3.04668,"51":0.271908,"52":0.00819,"53":0.003276},"opera":{"9":null,"9.5-9.6":null,"10.0-10.1":0,"10.5":null,"10.6":null,"11":0.003276,"11.1":0.004914,"11.5":null,"11.6":0.022932,"12":null,"12.1":0.014742,"15":0.001638,"16":0.001638,"17":0.001638,"18":null,"19":null,"20":null,"21":null,"22":null,"23":null,"24":null,"25":null,"26":0.001638,"27":null,"28":null,"29":0.004914,"30":null,"31":null,"32":0.003276,"33":null,"34":0.003276,"35":0.006552,"36":0.004914,"37":0.15561,"38":0.006552,"39":0.001638,"40":0.006552,"41":0.209664,"42":0.068796,"43":null,"44":null},"safari":{"3.1":null,"3.2":null,"4":0,"5":null,"5.1":0.026208,"6":0.004914,"6.1":null,"7":0.003276,"7.1":0.004914,"8":0.045864,"9":0.014742,"9.1":0.078624,"10":0.271908,"0":null},"ios_saf":{"3.2":0,"4.0-4.1":0,"4.2-4.3":0,"5.0-5.1":0,"6.0-6.1":0,"7.0-7.1":0.0129044809421,"8":0,"8.1-8.4":0.0195899349241,"9.0-9.2":0.0131376944531,"9.3":0.0832572234273,"10.0-10.2":0.623690666253},"android":{"2.1":0,"2.2":0,"2.3":0,"3":0,"4":0.0321838125,"4.1":0.1057468125,"4.2-4.3":0.3027905625,"4.4":0.6981916875,"4.4.3-4.4.4":0.416419125,"53":null},"op_mob":{"10":0,"11":0,"11.1":0,"11.5":0,"12":0,"12.1":0,"0":5.01410773498},"ie":{"5.5":null,"6":null,"7":null,"8":0.104832,"9":0.034398,"10":0.091728,"11":0.478296},"edge":{"12":0.068796,"13":0.230958,"14":0.121212,"15":null},"bb":{"7":0.0480815,"10":null},"ie_mob":{"10":0.075258,"11":0.301032},"and_ff":{"0":0.008362},"samsung":{"0":0.719132},"and_uc":{"0":3.754538},"op_mini":{"0":65.728412265},"and_chr":{"0":5.486356}},"total":99.0877295}