{"id":"SB","name":"Solomon Islands","month":"2016-12","access_date":"2017-01-17","data":{"chrome":{"4":null,"5":null,"6":null,"7":null,"8":0.013632,"9":null,"10":null,"11":0.02556,"12":0.003408,"13":null,"14":null,"15":null,"16":0.003408,"17":null,"18":0.003408,"19":null,"20":null,"21":0.066456,"22":0.003408,"23":null,"24":null,"25":null,"26":null,"27":null,"28":null,"29":null,"30":null,"31":null,"32":0.109056,"33":0.00852,"34":0.001704,"35":0.01704,"36":0.001704,"37":0.001704,"38":0.006816,"39":null,"40":null,"41":0.00852,"42":0.011928,"43":0.015336,"44":0.001704,"45":0.010224,"46":0.01704,"47":0.06816,"48":0.00852,"49":0.071568,"50":0.020448,"51":0.054528,"52":0.040896,"53":0.163584,"54":2.702544,"55":2.474208,"56":0.054528,"57":0.011928,"58":null},"firefox":{"2":null,"3":0.131208,"3.5":null,"3.6":0.006816,"4":0.001704,"5":0.003408,"6":null,"7":null,"8":null,"9":null,"10":0.003408,"11":null,"12":null,"13":null,"14":0.003408,"15":0.00852,"16":null,"17":0.00852,"18":null,"19":0.011928,"20":null,"21":0.022152,"22":0.005112,"23":0.081792,"24":0.006816,"25":0.006816,"26":0.003408,"27":null,"28":null,"29":0.011928,"30":null,"31":null,"32":0.005112,"33":0.011928,"34":0.015336,"35":null,"36":0.003408,"37":0.00852,"38":0.011928,"39":0.015336,"40":0.003408,"41":0.00852,"42":null,"43":0.039192,"44":0.03408,"45":0.013632,"46":0.01704,"47":0.19596,"48":0.063048,"49":0.13632,"50":1.537008,"51":0.305016,"52":null,"53":null},"opera":{"9":null,"9.5-9.6":null,"10.0-10.1":0,"10.5":null,"10.6":null,"11":null,"11.1":null,"11.5":null,"11.6":null,"12":null,"12.1":null,"15":null,"16":null,"17":null,"18":null,"19":0.086904,"20":null,"21":0.006816,"22":null,"23":null,"24":null,"25":null,"26":null,"27":0.003408,"28":0.001704,"29":0.15336,"30":null,"31":null,"32":null,"33":0.117576,"34":0.013632,"35":null,"36":null,"37":0.129504,"38":null,"39":null,"40":0.011928,"41":0.151656,"42":0.081792,"43":null,"44":null},"safari":{"3.1":null,"3.2":null,"4":0.005112,"5":null,"5.1":0.01704,"6":0.013632,"6.1":0.049416,"7":null,"7.1":null,"8":0.109056,"9":0.011928,"9.1":0.086904,"10":0.192552,"0":null},"ios_saf":{"3.2":0,"4.0-4.1":0,"4.2-4.3":0,"5.0-5.1":0,"6.0-6.1":0,"7.0-7.1":0.0324333238302,"8":0,"8.1-8.4":0.0492361301518,"9.0-9.2":0.0330194682368,"9.3":0.209253553145,"10.0-10.2":1.56754552464},"android":{"2.1":0,"2.2":0,"2.3":0,"3":0,"4":0.0865194324324,"4.1":0.284278135135,"4.2-4.3":0.813988945946,"4.4":1.87694197297,"4.4.3-4.4.4":1.11945551351,"53":null},"op_mob":{"10":0,"11":0,"11.1":0,"11.5":0,"12":0,"12.1":0,"0":1.4141548228},"ie":{"5.5":null,"6":null,"7":0.03408,"8":0.233448,"9":0.114168,"10":0.318648,"11":4.420176},"edge":{"12":0.05112,"13":0.17892,"14":0.069864,"15":null},"bb":{"7":0,"10":null},"ie_mob":{"10":0.4446656,"11":1.7786624},"and_ff":{"0":0.091256},"samsung":{"0":3.426248},"and_uc":{"0":25.933296},"op_mini":{"0":18.5377251772},"and_chr":{"0":22.063024}},"total":95.169272}