{"id":"SC","name":"Seychelles","month":"2016-12","access_date":"2017-01-17","data":{"chrome":{"4":null,"5":null,"6":null,"7":null,"8":null,"9":null,"10":null,"11":0.009522,"12":0.180918,"13":0.009522,"14":null,"15":null,"16":null,"17":null,"18":0.014283,"19":null,"20":null,"21":null,"22":null,"23":null,"24":0.014283,"25":null,"26":0.004761,"27":0.009522,"28":0.004761,"29":0.019044,"30":0.019044,"31":0.033327,"32":0.019044,"33":0.033327,"34":0.004761,"35":null,"36":0.242811,"37":0.009522,"38":0.023805,"39":0.104742,"40":0.019044,"41":0.014283,"42":0.004761,"43":0.442773,"44":0.028566,"45":0.052371,"46":0.014283,"47":0.033327,"48":0.014283,"49":0.804609,"50":0.956961,"51":3.385071,"52":0.223767,"53":0.438012,"54":7.988958,"55":7.027236,"56":0.042849,"57":0.042849,"58":null},"firefox":{"2":null,"3":0.014283,"3.5":null,"3.6":null,"4":0.009522,"5":0.019044,"6":0.004761,"7":null,"8":null,"9":null,"10":null,"11":0.014283,"12":0.009522,"13":null,"14":0.009522,"15":0.004761,"16":null,"17":0.009522,"18":null,"19":null,"20":0.004761,"21":0.028566,"22":0.014283,"23":null,"24":0.009522,"25":null,"26":null,"27":null,"28":0.014283,"29":0.014283,"30":0.423729,"31":null,"32":0.023805,"33":0.023805,"34":0.009522,"35":0.014283,"36":0.404685,"37":0.019044,"38":0.261855,"39":0.109503,"40":0.076176,"41":0.014283,"42":0.33327,"43":0.423729,"44":0.119025,"45":0.28566,"46":0.447534,"47":2.071035,"48":0.647496,"49":0.628452,"50":5.070465,"51":0.395163,"52":null,"53":0.028566},"opera":{"9":null,"9.5-9.6":null,"10.0-10.1":0,"10.5":null,"10.6":null,"11":null,"11.1":null,"11.5":null,"11.6":0.004761,"12":null,"12.1":0.04761,"15":null,"16":null,"17":null,"18":null,"19":null,"20":null,"21":null,"22":null,"23":null,"24":null,"25":null,"26":null,"27":null,"28":null,"29":null,"30":null,"31":null,"32":null,"33":null,"34":0.023805,"35":0.009522,"36":null,"37":0.004761,"38":0.818892,"39":null,"40":0.023805,"41":0.138069,"42":0.104742,"43":null,"44":null},"safari":{"3.1":null,"3.2":null,"4":0,"5":null,"5.1":0.038088,"6":null,"6.1":0.014283,"7":0.028566,"7.1":null,"8":0.04761,"9":0.104742,"9.1":0.433251,"10":1.375929,"0":null},"ios_saf":{"3.2":0,"4.0-4.1":0,"4.2-4.3":0,"5.0-5.1":0,"6.0-6.1":0,"7.0-7.1":0.152327814069,"8":0,"8.1-8.4":0.231244633406,"9.0-9.2":0.155080726371,"9.3":0.982789691974,"10.0-10.2":7.36220513418},"android":{"2.1":0,"2.2":0,"2.3":0,"3":0,"4":0.0741371655405,"4.1":0.243593543919,"4.2-4.3":0.697494557432,"4.4":1.60832259122,"4.4.3-4.4.4":0.959244141892,"53":null},"op_mob":{"10":0,"11":0,"11.1":0,"11.5":0,"12":0,"12.1":0,"0":0.314828819723},"ie":{"5.5":null,"6":0.038088,"7":0.014283,"8":0.66654,"9":0.195201,"10":1.652067,"11":2.828034},"edge":{"12":0.257094,"13":0.461817,"14":0.733194,"15":null},"bb":{"7":0.041904,"10":null},"ie_mob":{"10":0.2032344,"11":0.8129376},"and_ff":{"0":0.047142},"samsung":{"0":4.656582},"and_uc":{"0":8.951742},"op_mini":{"0":4.12699518028},"and_chr":{"0":21.508398}},"total":97.497963}