{"id":"SD","name":"Sudan","month":"2016-12","access_date":"2017-01-17","data":{"chrome":{"4":0.00492,"5":0.0082,"6":0.00492,"7":null,"8":0.0082,"9":0.02788,"10":0.0082,"11":0.0656,"12":0.00656,"13":0.00984,"14":0.0164,"15":null,"16":0.01476,"17":0.0164,"18":0.00984,"19":0.0164,"20":0.00656,"21":0.00492,"22":0.04592,"23":0.02788,"24":0.01804,"25":0.04428,"26":0.05412,"27":0.09512,"28":0.03608,"29":0.1148,"30":0.04428,"31":0.10496,"32":0.1312,"33":0.123,"34":0.03608,"35":0.02788,"36":0.03444,"37":0.02132,"38":0.03116,"39":0.08528,"40":0.12464,"41":0.0492,"42":0.04428,"43":0.70028,"44":0.0656,"45":0.07052,"46":0.1148,"47":0.10824,"48":0.0902,"49":0.1886,"50":0.14432,"51":0.28536,"52":0.36408,"53":0.35588,"54":1.07584,"55":0.54448,"56":0.00656,"57":null,"58":null},"firefox":{"2":null,"3":0.06888,"3.5":0.00328,"3.6":0.02952,"4":0.0082,"5":0.01312,"6":0.0082,"7":0.0082,"8":0.00492,"9":0.01148,"10":0.01148,"11":0.02296,"12":0.01968,"13":0.01476,"14":0.00984,"15":0.00984,"16":0.02132,"17":0.00984,"18":0.01312,"19":0.01804,"20":0.0164,"21":0.01312,"22":0.00656,"23":0.01148,"24":0.0082,"25":0.02132,"26":0.01312,"27":0.00984,"28":0.0082,"29":0.03608,"30":0.03444,"31":0.01968,"32":0.02788,"33":0.02952,"34":0.02624,"35":0.05904,"36":0.082,"37":0.03116,"38":0.03772,"39":0.05248,"40":0.03936,"41":0.03772,"42":0.02132,"43":0.28044,"44":0.20008,"45":0.11644,"46":0.07216,"47":0.45756,"48":0.18368,"49":0.34112,"50":3.64244,"51":0.32308,"52":0.00328,"53":null},"opera":{"9":null,"9.5-9.6":null,"10.0-10.1":0,"10.5":null,"10.6":0.00656,"11":0.00328,"11.1":null,"11.5":0.05412,"11.6":0.01312,"12":0.00492,"12.1":0.03936,"15":null,"16":0.00328,"17":0.01312,"18":0.00328,"19":0.00492,"20":0.00656,"21":0.00328,"22":0.00328,"23":null,"24":null,"25":0.00164,"26":0.00328,"27":0.00328,"28":0.01312,"29":0.00656,"30":0.00492,"31":0.00164,"32":0.00492,"33":0.00656,"34":0.00984,"35":0.00656,"36":0.03444,"37":0.01312,"38":0.01148,"39":0.01148,"40":0.02296,"41":0.43624,"42":0.22796,"43":0.02296,"44":null},"safari":{"3.1":null,"3.2":null,"4":0.00328,"5":0.00492,"5.1":0.01312,"6":null,"6.1":null,"7":0.00492,"7.1":0.00164,"8":0.03608,"9":0.0164,"9.1":0.08692,"10":0.20828,"0":null},"ios_saf":{"3.2":0,"4.0-4.1":0,"4.2-4.3":0,"5.0-5.1":0,"6.0-6.1":0,"7.0-7.1":0.0285264166925,"8":0,"8.1-8.4":0.0433051626898,"9.0-9.2":0.0290419543436,"9.3":0.184046941432,"10.0-10.2":1.37871952484},"android":{"2.1":0,"2.2":0,"2.3":0,"3":0,"4":0.19201875,"4.1":0.63091875,"4.2-4.3":1.80654375,"4.4":4.16563125,"4.4.3-4.4.4":2.4844875,"53":null},"op_mob":{"10":0,"11":0,"11.1":0,"11.5":0,"12":0,"12.1":0,"0":2.59948338983},"ie":{"5.5":null,"6":0.00668628877005,"7":0.00334314438503,"8":0.322613433155,"9":0.0969511871658,"10":0.108652192513,"11":1.02467375401},"edge":{"12":0.082,"13":0.07544,"14":0.14596,"15":null},"bb":{"7":0.00836,"10":null},"ie_mob":{"10":0.048488,"11":0.193952},"and_ff":{"0":0.02508},"samsung":{"0":4.04624},"and_uc":{"0":14.3792},"op_mini":{"0":34.0758366102},"and_chr":{"0":16.60588}},"total":98.37784}