{"id":"SE","name":"Sweden","month":"2016-12","access_date":"2017-01-17","data":{"chrome":{"4":null,"5":null,"6":null,"7":null,"8":null,"9":null,"10":null,"11":0.011426,"12":null,"13":null,"14":null,"15":null,"16":null,"17":null,"18":null,"19":null,"20":null,"21":0.005713,"22":0.017139,"23":null,"24":null,"25":null,"26":null,"27":null,"28":null,"29":0.011426,"30":null,"31":0.011426,"32":null,"33":0.011426,"34":0.022852,"35":0.017139,"36":0.051417,"37":0.017139,"38":0.034278,"39":0.102834,"40":0.022852,"41":0.017139,"42":0.011426,"43":0.062843,"44":0.034278,"45":0.039991,"46":0.039991,"47":0.034278,"48":0.074269,"49":0.91408,"50":0.085695,"51":0.319928,"52":0.217094,"53":0.302789,"54":15.910705,"55":13.111335,"56":0.062843,"57":0.022852,"58":null},"firefox":{"2":null,"3":null,"3.5":null,"3.6":0.011426,"4":null,"5":null,"6":null,"7":null,"8":null,"9":null,"10":null,"11":0.005713,"12":null,"13":null,"14":null,"15":null,"16":0.005713,"17":null,"18":null,"19":null,"20":null,"21":null,"22":null,"23":0.005713,"24":0.005713,"25":null,"26":0.011426,"27":null,"28":null,"29":null,"30":null,"31":0.011426,"32":null,"33":0.051417,"34":0.05713,"35":0.005713,"36":0.005713,"37":0.022852,"38":0.045704,"39":0.017139,"40":0.011426,"41":0.017139,"42":0.022852,"43":0.045704,"44":0.034278,"45":0.119973,"46":0.045704,"47":0.159964,"48":0.22852,"49":0.211381,"50":5.570175,"51":0.028565,"52":null,"53":null},"opera":{"9":null,"9.5-9.6":null,"10.0-10.1":0,"10.5":null,"10.6":null,"11":null,"11.1":null,"11.5":null,"11.6":null,"12":null,"12.1":0.039991,"15":null,"16":null,"17":null,"18":null,"19":null,"20":null,"21":null,"22":null,"23":null,"24":null,"25":null,"26":null,"27":null,"28":null,"29":null,"30":null,"31":null,"32":null,"33":null,"34":null,"35":null,"36":0.011426,"37":0.005713,"38":0.028565,"39":null,"40":null,"41":0.211381,"42":0.108547,"43":null,"44":null},"safari":{"3.1":null,"3.2":null,"4":0,"5":0.028565,"5.1":0.091408,"6":0.022852,"6.1":0.108547,"7":0.079982,"7.1":0.011426,"8":0.668421,"9":0.502744,"9.1":1.251147,"10":2.993612,"0":null},"ios_saf":{"3.2":0,"4.0-4.1":0,"4.2-4.3":0,"5.0-5.1":0,"6.0-6.1":0,"7.0-7.1":0.368721854354,"8":0,"8.1-8.4":0.559746429501,"9.0-9.2":0.375385502324,"9.3":2.37892232538,"10.0-10.2":17.8208158884},"android":{"2.1":0,"2.2":0,"2.3":0,"3":0,"4":0.0166772989865,"4.1":0.054796839527,"4.2-4.3":0.156902751689,"4.4":0.361795282095,"4.4.3-4.4.4":0.215783827703,"53":null},"op_mob":{"10":0,"11":0,"11.1":0,"11.5":0,"12":0,"12.1":0,"0":0.0109387858243},"ie":{"5.5":null,"6":0.0114425354559,"7":0.0114425354559,"8":0.0972615513748,"9":0.200244370478,"10":0.183080567294,"11":7.40332043994},"edge":{"12":0.062843,"13":0.354206,"14":3.284975,"15":null},"bb":{"7":0.0021435,"10":null},"ie_mob":{"10":0.0368682,"11":0.1474728},"and_ff":{"0":0.047157},"samsung":{"0":5.135826},"and_uc":{"0":0.094314},"op_mini":{"0":0.143393214176},"and_chr":{"0":14.847244}},"total":98.9051305}