{"id":"SG","name":"Singapore","month":"2016-12","access_date":"2017-01-17","data":{"chrome":{"4":null,"5":null,"6":null,"7":null,"8":null,"9":null,"10":null,"11":0.014886,"12":null,"13":null,"14":null,"15":null,"16":null,"17":null,"18":null,"19":null,"20":null,"21":0.009924,"22":0.02481,"23":null,"24":null,"25":0.004962,"26":0.014886,"27":0.009924,"28":0.009924,"29":0.09924,"30":0.004962,"31":0.039696,"32":0.014886,"33":0.019848,"34":0.039696,"35":0.039696,"36":0.094278,"37":0.014886,"38":0.034734,"39":0.14886,"40":0.014886,"41":0.054582,"42":0.04962,"43":0.332454,"44":0.089316,"45":0.143898,"46":0.07443,"47":0.069468,"48":0.37215,"49":1.046982,"50":0.382074,"51":2.014572,"52":0.600402,"53":0.69468,"54":11.725206,"55":11.134728,"56":0.069468,"57":0.029772,"58":null},"firefox":{"2":0.004962,"3":0.079392,"3.5":null,"3.6":0.02481,"4":null,"5":null,"6":null,"7":null,"8":null,"9":null,"10":0.004962,"11":null,"12":null,"13":null,"14":null,"15":null,"16":0.009924,"17":null,"18":null,"19":null,"20":null,"21":0.019848,"22":null,"23":null,"24":0.004962,"25":0.004962,"26":null,"27":null,"28":0.004962,"29":0.004962,"30":null,"31":0.009924,"32":0.004962,"33":0.009924,"34":0.034734,"35":0.009924,"36":0.009924,"37":0.029772,"38":0.079392,"39":0.014886,"40":0.009924,"41":0.019848,"42":0.019848,"43":0.17367,"44":0.044658,"45":0.17367,"46":0.193518,"47":0.764148,"48":0.406884,"49":0.208404,"50":3.433704,"51":0.064506,"52":null,"53":null},"opera":{"9":null,"9.5-9.6":0.009924,"10.0-10.1":0,"10.5":null,"10.6":null,"11":null,"11.1":null,"11.5":null,"11.6":null,"12":0.004962,"12.1":0.02481,"15":null,"16":null,"17":null,"18":null,"19":null,"20":null,"21":null,"22":null,"23":null,"24":null,"25":null,"26":null,"27":null,"28":0.034734,"29":null,"30":null,"31":null,"32":null,"33":null,"34":null,"35":null,"36":0.019848,"37":0.014886,"38":0.292758,"39":0.014886,"40":0.009924,"41":0.168708,"42":0.089316,"43":0.004962,"44":null},"safari":{"3.1":null,"3.2":null,"4":0.089316,"5":0.02481,"5.1":0.054582,"6":0.009924,"6.1":0.04962,"7":0.029772,"7.1":0.004962,"8":0.188556,"9":0.193518,"9.1":0.66987,"10":1.548144,"0":null},"ios_saf":{"3.2":0,"4.0-4.1":0,"4.2-4.3":0,"5.0-5.1":0,"6.0-6.1":0,"7.0-7.1":0.259332364012,"8":0,"8.1-8.4":0.393685275488,"9.0-9.2":0.264019093482,"9.3":1.67316242082,"10.0-10.2":12.5338768462},"android":{"2.1":0,"2.2":0,"2.3":0,"3":0,"4":0.0265835346284,"4.1":0.0873458994932,"4.2-4.3":0.250102233953,"4.4":0.576699945101,"4.4.3-4.4.4":0.343958386824,"53":null},"op_mob":{"10":0,"11":0,"11.1":0,"11.5":0,"12":0,"12.1":0,"0":0.142833898305},"ie":{"5.5":null,"6":0.119645354134,"7":0.108250558502,"8":1.53260001248,"9":0.438699631825,"10":0.672292942278,"11":4.41548330733},"edge":{"12":0.044658,"13":0.262986,"14":1.200804,"15":null},"bb":{"7":1.3539625,"10":null},"ie_mob":{"10":0.0292204,"11":0.1168816},"and_ff":{"0":0.065494},"samsung":{"0":5.068228},"and_uc":{"0":4.907012},"op_mini":{"0":1.87236610169},"and_chr":{"0":16.422762}},"total":94.1544943066}