{"id":"SH","name":"Saint Helena","month":"2016-12","access_date":"2017-01-17","data":{"chrome":{"4":null,"5":null,"6":null,"7":null,"8":null,"9":null,"10":null,"11":null,"12":null,"13":null,"14":null,"15":null,"16":0.678375,"17":null,"18":1.365795,"19":null,"20":null,"21":null,"22":null,"23":null,"24":null,"25":null,"26":null,"27":null,"28":null,"29":null,"30":null,"31":null,"32":null,"33":0.678375,"34":null,"35":null,"36":null,"37":0.678375,"38":null,"39":null,"40":null,"41":3.409965,"42":null,"43":null,"44":0.34371,"45":null,"46":null,"47":null,"48":null,"49":null,"50":2.04417,"51":1.022085,"52":null,"53":5.11947,"54":16.380495,"55":9.89523,"56":null,"57":null,"58":null},"firefox":{"2":null,"3":null,"3.5":null,"3.6":null,"4":2.04417,"5":null,"6":0.678375,"7":null,"8":null,"9":null,"10":null,"11":null,"12":null,"13":null,"14":null,"15":null,"16":null,"17":null,"18":null,"19":null,"20":null,"21":null,"22":null,"23":null,"24":null,"25":null,"26":null,"27":null,"28":null,"29":null,"30":null,"31":null,"32":null,"33":null,"34":null,"35":null,"36":null,"37":null,"38":null,"39":null,"40":null,"41":null,"42":null,"43":null,"44":null,"45":null,"46":null,"47":0.34371,"48":3.0753,"49":9.89523,"50":14.680035,"51":null,"52":null,"53":null},"opera":{"9":null,"9.5-9.6":null,"10.0-10.1":0,"10.5":null,"10.6":null,"11":null,"11.1":null,"11.5":null,"11.6":null,"12":null,"12.1":null,"15":null,"16":null,"17":null,"18":null,"19":null,"20":null,"21":null,"22":null,"23":null,"24":null,"25":null,"26":null,"27":null,"28":null,"29":null,"30":null,"31":null,"32":null,"33":null,"34":null,"35":null,"36":null,"37":null,"38":null,"39":null,"40":null,"41":null,"42":null,"43":null,"44":null},"safari":{"3.1":null,"3.2":null,"4":0,"5":null,"5.1":0.678375,"6":null,"6.1":null,"7":null,"7.1":null,"8":null,"9":null,"9.1":null,"10":null,"0":null},"ios_saf":{"3.2":0,"4.0-4.1":0,"4.2-4.3":0,"5.0-5.1":0,"6.0-6.1":0,"7.0-7.1":0.0314898450573,"8":0,"8.1-8.4":0.0478038611714,"9.0-9.2":0.0320589386427,"9.3":0.203166409978,"10.0-10.2":1.52194594515},"android":{"2.1":0,"2.2":0,"2.3":0,"3":0,"4":0.0151965181588,"4.1":0.0499314168074,"4.2-4.3":0.142971323902,"4.4":0.329671404139,"4.4.3-4.4.4":0.196624336993,"53":null},"op_mob":{"10":0,"11":0,"11.1":0,"11.5":0,"12":0,"12.1":0,"0":0},"ie":{"5.5":null,"6":null,"7":null,"8":0.678375,"9":0.678375,"10":3.409965,"11":7.16364},"edge":{"12":null,"13":null,"14":3.409965,"15":null},"bb":{"7":0,"10":null},"ie_mob":{"10":0.073535,"11":0.29414},"and_ff":{"0":1.46879},"samsung":{"0":null},"and_uc":{"0":0.734395},"op_mini":{"0":0},"and_chr":{"0":4.407325}},"total":97.900605}