{"id":"SI","name":"Slovenia","month":"2016-12","access_date":"2017-01-17","data":{"chrome":{"4":null,"5":null,"6":null,"7":null,"8":null,"9":0.00754,"10":null,"11":0.02262,"12":0.00754,"13":null,"14":0.00754,"15":0.00754,"16":0.00754,"17":null,"18":null,"19":0.00754,"20":0.00754,"21":0.00754,"22":0.02262,"23":0.01508,"24":0.00754,"25":0.00754,"26":0.01508,"27":0.00754,"28":null,"29":0.02262,"30":0.02262,"31":0.06032,"32":0.03016,"33":0.00754,"34":0.03016,"35":0.21866,"36":0.25636,"37":0.01508,"38":0.05278,"39":0.06786,"40":0.02262,"41":0.03016,"42":0.02262,"43":0.08294,"44":0.05278,"45":0.02262,"46":0.0754,"47":0.06032,"48":0.05278,"49":1.9227,"50":0.1131,"51":0.5278,"52":0.27144,"53":0.32422,"54":18.52578,"55":18.03568,"56":0.08294,"57":0.05278,"58":null},"firefox":{"2":null,"3":null,"3.5":0.0377,"3.6":0.03016,"4":0.00754,"5":0.00754,"6":0.00754,"7":0.00754,"8":null,"9":0.01508,"10":0.00754,"11":0.00754,"12":null,"13":0.04524,"14":0.00754,"15":null,"16":0.00754,"17":0.06032,"18":0.00754,"19":0.01508,"20":0.02262,"21":0.00754,"22":0.00754,"23":0.00754,"24":0.01508,"25":null,"26":0.0377,"27":null,"28":0.01508,"29":0.01508,"30":0.01508,"31":0.04524,"32":0.01508,"33":0.02262,"34":0.01508,"35":0.01508,"36":0.01508,"37":0.13572,"38":0.06786,"39":0.04524,"40":0.03016,"41":0.1131,"42":0.03016,"43":0.12064,"44":0.04524,"45":0.2262,"46":0.06786,"47":0.45994,"48":0.27144,"49":0.36946,"50":16.69356,"51":0.0754,"52":0.00754,"53":0.01508},"opera":{"9":null,"9.5-9.6":null,"10.0-10.1":0,"10.5":null,"10.6":null,"11":null,"11.1":null,"11.5":null,"11.6":null,"12":null,"12.1":0.0754,"15":null,"16":null,"17":null,"18":null,"19":null,"20":null,"21":null,"22":null,"23":null,"24":null,"25":null,"26":null,"27":null,"28":null,"29":null,"30":null,"31":null,"32":null,"33":null,"34":null,"35":null,"36":0.0377,"37":0.01508,"38":0.06032,"39":null,"40":0.02262,"41":0.45994,"42":0.23374,"43":null,"44":null},"safari":{"3.1":null,"3.2":null,"4":0,"5":0.02262,"5.1":0.06032,"6":0.00754,"6.1":0.05278,"7":0.01508,"7.1":0.01508,"8":0.1131,"9":0.12818,"9.1":0.48256,"10":1.74928,"0":null},"ios_saf":{"3.2":0,"4.0-4.1":0,"4.2-4.3":0,"5.0-5.1":0,"6.0-6.1":0,"7.0-7.1":0.0796388472265,"8":0,"8.1-8.4":0.120897527115,"9.0-9.2":0.0810781035017,"9.3":0.513814490239,"10.0-10.2":3.84905103192},"android":{"2.1":0,"2.2":0,"2.3":0,"3":0,"4":0.0243828800676,"4.1":0.0801151773649,"4.2-4.3":0.229398116554,"4.4":0.528959214527,"4.4.3-4.4.4":0.315484611486,"53":null},"op_mob":{"10":0,"11":0,"11.1":0,"11.5":0,"12":0,"12.1":0,"0":0.0123795993837},"ie":{"5.5":null,"6":0.0151382239382,"7":0.00756911196911,"8":0.295195366795,"9":0.234642471042,"10":0.242211583012,"11":7.04684324324},"edge":{"12":0.06032,"13":0.31668,"14":2.00564,"15":null},"bb":{"7":0.010455,"10":null},"ie_mob":{"10":0.080688,"11":0.322752},"and_ff":{"0":0.02952},"samsung":{"0":2.89788},"and_uc":{"0":0.0369},"op_mini":{"0":0.162280400616},"and_chr":{"0":15.18744}},"total":98.877355}