{"id":"SK","name":"Slovakia (Slovak Republic)","month":"2016-12","access_date":"2017-01-17","data":{"chrome":{"4":null,"5":null,"6":null,"7":null,"8":null,"9":null,"10":null,"11":0.022935,"12":null,"13":null,"14":null,"15":null,"16":null,"17":null,"18":null,"19":null,"20":null,"21":null,"22":0.038225,"23":null,"24":null,"25":null,"26":0.022935,"27":0.007645,"28":null,"29":null,"30":null,"31":0.022935,"32":0.03058,"33":0.01529,"34":0.053515,"35":0.022935,"36":0.068805,"37":0.022935,"38":0.038225,"39":0.038225,"40":0.022935,"41":0.022935,"42":0.01529,"43":0.099385,"44":0.053515,"45":0.022935,"46":0.04587,"47":0.053515,"48":0.09174,"49":2.46169,"50":0.099385,"51":0.41283,"52":0.1529,"53":0.221705,"54":19.303625,"55":19.028405,"56":0.099385,"57":0.038225,"58":null},"firefox":{"2":null,"3":0.007645,"3.5":null,"3.6":0.03058,"4":null,"5":null,"6":0.007645,"7":null,"8":null,"9":null,"10":null,"11":null,"12":0.022935,"13":null,"14":null,"15":null,"16":0.007645,"17":null,"18":null,"19":null,"20":null,"21":null,"22":null,"23":null,"24":null,"25":null,"26":null,"27":null,"28":0.01529,"29":0.068805,"30":0.007645,"31":0.01529,"32":null,"33":0.04587,"34":0.04587,"35":0.01529,"36":0.053515,"37":1.139105,"38":0.07645,"39":0.04587,"40":0.022935,"41":0.038225,"42":0.129965,"43":0.16819,"44":0.04587,"45":0.328735,"46":0.06116,"47":0.4587,"48":0.25993,"49":0.35167,"50":13.997995,"51":0.038225,"52":null,"53":0.007645},"opera":{"9":null,"9.5-9.6":null,"10.0-10.1":0,"10.5":null,"10.6":0.022935,"11":null,"11.1":null,"11.5":null,"11.6":0.01529,"12":0.01529,"12.1":0.33638,"15":null,"16":null,"17":null,"18":null,"19":null,"20":null,"21":null,"22":null,"23":null,"24":null,"25":null,"26":0.01529,"27":null,"28":0.007645,"29":null,"30":0.007645,"31":0.007645,"32":0.007645,"33":null,"34":0.022935,"35":0.01529,"36":0.18348,"37":0.068805,"38":0.07645,"39":0.01529,"40":0.022935,"41":1.72777,"42":1.11617,"43":0.01529,"44":null},"safari":{"3.1":null,"3.2":null,"4":0,"5":0.007645,"5.1":0.04587,"6":null,"6.1":0.022935,"7":0.03058,"7.1":null,"8":0.09174,"9":0.07645,"9.1":0.389895,"10":1.597805,"0":null},"ios_saf":{"3.2":0,"4.0-4.1":0,"4.2-4.3":0,"5.0-5.1":0,"6.0-6.1":0,"7.0-7.1":0.059749094515,"8":0,"8.1-8.4":0.0907034446855,"9.0-9.2":0.060828897428,"9.3":0.385489639913,"10.0-10.2":2.88775292346},"android":{"2.1":0,"2.2":0,"2.3":0,"3":0,"4":0.0359787466216,"4.1":0.118215881757,"4.2-4.3":0.338493922297,"4.4":0.780518523649,"4.4.3-4.4.4":0.465520925676,"53":null},"op_mob":{"10":0,"11":0,"11.1":0,"11.5":0,"12":0,"12.1":0,"0":0.0395764437596},"ie":{"5.5":null,"6":null,"7":0.00768238386308,"8":0.238153899756,"9":0.130600525672,"10":0.138282909535,"11":5.76947028117},"edge":{"12":0.04587,"13":0.221705,"14":1.796575,"15":null},"bb":{"7":0.015903,"10":null},"ie_mob":{"10":0.0838736,"11":0.3354944},"and_ff":{"0":0.028272},"samsung":{"0":1.691608},"and_uc":{"0":0.09424},"op_mini":{"0":0.51879555624},"and_chr":{"0":15.611867}},"total":98.120472}