{"id":"SL","name":"Sierra Leone","month":"2016-12","access_date":"2017-01-17","data":{"chrome":{"4":null,"5":null,"6":null,"7":null,"8":null,"9":null,"10":null,"11":0.006688,"12":null,"13":null,"14":null,"15":null,"16":null,"17":null,"18":null,"19":null,"20":null,"21":null,"22":0.006688,"23":null,"24":0.011704,"25":0.006688,"26":0.020064,"27":null,"28":null,"29":0.015048,"30":null,"31":0.005016,"32":0.001672,"33":0.018392,"34":null,"35":null,"36":0.00836,"37":null,"38":null,"39":0.001672,"40":0.006688,"41":0.003344,"42":0.006688,"43":0.209,"44":0.051832,"45":0.065208,"46":0.00836,"47":0.021736,"48":0.010032,"49":0.076912,"50":0.048488,"51":0.043472,"52":0.219032,"53":0.120384,"54":3.04304,"55":2.737064,"56":0.060192,"57":0.001672,"58":null},"firefox":{"2":0.003344,"3":0.006688,"3.5":0.003344,"3.6":0.013376,"4":0.00836,"5":0.010032,"6":0.006688,"7":0.005016,"8":0.001672,"9":null,"10":0.015048,"11":0.013376,"12":0.045144,"13":0.021736,"14":0.006688,"15":0.005016,"16":0.006688,"17":0.005016,"18":0.013376,"19":null,"20":0.023408,"21":0.013376,"22":0.005016,"23":0.006688,"24":0.013376,"25":0.093632,"26":0.00836,"27":0.005016,"28":null,"29":0.038456,"30":0.00836,"31":0.003344,"32":0.00836,"33":0.020064,"34":0.003344,"35":0.01672,"36":0.00836,"37":0.00836,"38":0.020064,"39":0.01672,"40":0.020064,"41":0.026752,"42":0.013376,"43":0.088616,"44":0.361152,"45":0.038456,"46":0.020064,"47":0.361152,"48":0.140448,"49":0.411312,"50":2.640088,"51":0.546744,"52":null,"53":null},"opera":{"9":null,"9.5-9.6":null,"10.0-10.1":0,"10.5":null,"10.6":null,"11":null,"11.1":null,"11.5":null,"11.6":0.046816,"12":null,"12.1":0.00836,"15":0.026752,"16":0.031768,"17":null,"18":0.003344,"19":null,"20":0.001672,"21":0.003344,"22":0.005016,"23":null,"24":null,"25":null,"26":null,"27":0.010032,"28":0.00836,"29":0.00836,"30":null,"31":null,"32":null,"33":null,"34":0.005016,"35":0.003344,"36":0.013376,"37":0.046816,"38":null,"39":null,"40":0.005016,"41":0.285912,"42":0.122056,"43":0.045144,"44":null},"safari":{"3.1":null,"3.2":null,"4":0,"5":null,"5.1":0.003344,"6":0.001672,"6.1":null,"7":0.001672,"7.1":0.006688,"8":0.013376,"9":0.070224,"9.1":0.065208,"10":0.327712,"0":null},"ios_saf":{"3.2":0,"4.0-4.1":0,"4.2-4.3":0,"5.0-5.1":0,"6.0-6.1":0,"7.0-7.1":0.0302699911166,"8":0,"8.1-8.4":0.0459520347072,"9.0-9.2":0.0308170391488,"9.3":0.195296147505,"10.0-10.2":1.46298878752},"android":{"2.1":0,"2.2":0,"2.3":0,"3":0,"4":0.0373906211993,"4.1":0.122854898226,"4.2-4.3":0.351777068834,"4.4":0.811147557855,"4.4.3-4.4.4":0.483788853885,"53":null},"op_mob":{"10":0,"11":0,"11.1":0,"11.5":0,"12":0,"12.1":0,"0":4.51859715254},"ie":{"5.5":null,"6":0.006688,"7":0.190608,"8":0.377872,"9":0.05852,"10":0.135432,"11":1.218888},"edge":{"12":0.107008,"13":0.210672,"14":0.24244,"15":null},"bb":{"7":0.02289925,"10":null},"ie_mob":{"10":0.0866008,"11":0.3464032},"and_ff":{"0":null},"samsung":{"0":1.265704},"and_uc":{"0":6.16198},"op_mini":{"0":59.2329148475},"and_chr":{"0":7.758608}},"total":98.69951025}