{"id":"SM","name":"San Marino","month":"2016-12","access_date":"2017-01-17","data":{"chrome":{"4":null,"5":null,"6":null,"7":null,"8":null,"9":null,"10":null,"11":null,"12":0.016182,"13":0.032364,"14":0.032364,"15":null,"16":null,"17":null,"18":0.016182,"19":null,"20":null,"21":0.032364,"22":0.032364,"23":null,"24":null,"25":null,"26":0.016182,"27":0.016182,"28":null,"29":0.169911,"30":null,"31":0.008091,"32":0.097092,"33":null,"34":0.072819,"35":null,"36":0.024273,"37":null,"38":0.024273,"39":0.024273,"40":null,"41":null,"42":null,"43":0.016182,"44":null,"45":null,"46":0.016182,"47":0.008091,"48":0.137547,"49":3.390129,"50":0.024273,"51":0.105183,"52":0.040455,"53":0.129456,"54":24.208272,"55":16.627005,"56":0.032364,"57":0.016182,"58":null},"firefox":{"2":null,"3":null,"3.5":null,"3.6":0.072819,"4":null,"5":null,"6":null,"7":0.016182,"8":0.202275,"9":null,"10":0.024273,"11":0.024273,"12":0.024273,"13":0.008091,"14":0.016182,"15":0.008091,"16":null,"17":null,"18":null,"19":null,"20":null,"21":0.064728,"22":0.048546,"23":null,"24":0.105183,"25":null,"26":null,"27":null,"28":null,"29":null,"30":null,"31":null,"32":null,"33":null,"34":null,"35":null,"36":null,"37":0.048546,"38":null,"39":null,"40":0.16182,"41":null,"42":0.008091,"43":0.040455,"44":0.016182,"45":0.275094,"46":0.008091,"47":0.169911,"48":0.776736,"49":0.145638,"50":14.757984,"51":0.008091,"52":null,"53":0.121365},"opera":{"9":null,"9.5-9.6":null,"10.0-10.1":0,"10.5":null,"10.6":null,"11":null,"11.1":null,"11.5":null,"11.6":null,"12":null,"12.1":0.048546,"15":null,"16":null,"17":null,"18":null,"19":null,"20":null,"21":null,"22":null,"23":null,"24":null,"25":null,"26":null,"27":null,"28":null,"29":null,"30":null,"31":null,"32":null,"33":null,"34":null,"35":null,"36":0.016182,"37":null,"38":null,"39":null,"40":null,"41":0.315549,"42":0.40455,"43":null,"44":null},"safari":{"3.1":null,"3.2":null,"4":0,"5":0.137547,"5.1":0.291276,"6":null,"6.1":0.040455,"7":0.032364,"7.1":null,"8":0.218457,"9":0.186093,"9.1":1.173195,"10":5.153967,"0":null},"ios_saf":{"3.2":0,"4.0-4.1":0,"4.2-4.3":0,"5.0-5.1":0,"6.0-6.1":0,"7.0-7.1":0.104551124471,"8":0,"8.1-8.4":0.158716164859,"9.0-9.2":0.106440602624,"9.3":0.674543700651,"10.0-10.2":5.0530944074},"android":{"2.1":0,"2.2":0,"2.3":0,"3":0,"4":0.00920399197635,"4.1":0.0302416879223,"4.2-4.3":0.0865926592061,"4.4":0.199670274916,"4.4.3-4.4.4":0.11908838598,"53":null},"op_mob":{"10":0,"11":0,"11.1":0,"11.5":0,"12":0,"12.1":0,"0":0.00189429275809},"ie":{"5.5":null,"6":null,"7":null,"8":1.852839,"9":0.388368,"10":0.372186,"11":4.619961},"edge":{"12":0.016182,"13":0.113274,"14":2.055114,"15":null},"bb":{"7":0.00334075,"10":null},"ie_mob":{"10":0.0691058,"11":0.2764232},"and_ff":{"0":0.009545},"samsung":{"0":2.504608},"and_uc":{"0":0.007636},"op_mini":{"0":0.0248317072419},"and_chr":{"0":9.547275}},"total":98.94206475}