{"id":"SN","name":"Senegal","month":"2016-12","access_date":"2017-01-17","data":{"chrome":{"4":null,"5":0.021436,"6":0.026795,"7":0.005359,"8":0.005359,"9":0.016077,"10":0.016077,"11":0.101821,"12":0.058949,"13":0.032154,"14":0.032154,"15":0.010718,"16":0.05359,"17":0.026795,"18":0.021436,"19":0.048231,"20":null,"21":null,"22":0.010718,"23":0.005359,"24":0.005359,"25":0.010718,"26":0.016077,"27":0.016077,"28":0.021436,"29":0.048231,"30":0.026795,"31":0.05359,"32":0.080385,"33":0.05359,"34":0.021436,"35":0.021436,"36":0.032154,"37":0.010718,"38":0.021436,"39":0.032154,"40":0.05359,"41":0.037513,"42":0.021436,"43":0.337617,"44":0.064308,"45":0.096462,"46":0.026795,"47":0.209001,"48":0.10718,"49":1.811342,"50":0.112539,"51":0.155411,"52":0.766337,"53":0.219719,"54":14.019144,"55":11.425388,"56":0.080385,"57":0.016077,"58":null},"firefox":{"2":null,"3":0.026795,"3.5":0.016077,"3.6":0.037513,"4":0.010718,"5":null,"6":0.010718,"7":null,"8":0.010718,"9":null,"10":0.016077,"11":0.021436,"12":0.064308,"13":0.010718,"14":0.016077,"15":0.032154,"16":0.026795,"17":0.016077,"18":0.005359,"19":0.010718,"20":0.010718,"21":0.032154,"22":0.016077,"23":0.032154,"24":null,"25":0.016077,"26":0.010718,"27":0.026795,"28":0.010718,"29":0.064308,"30":0.085744,"31":0.026795,"32":0.016077,"33":0.010718,"34":0.021436,"35":0.096462,"36":0.058949,"37":0.037513,"38":0.251873,"39":0.091103,"40":0.042872,"41":0.05359,"42":0.058949,"43":0.369771,"44":0.123257,"45":0.123257,"46":0.150052,"47":0.85744,"48":0.32154,"49":0.460874,"50":10.085638,"51":0.144693,"52":0.010718,"53":null},"opera":{"9":null,"9.5-9.6":null,"10.0-10.1":0,"10.5":null,"10.6":null,"11":null,"11.1":null,"11.5":null,"11.6":null,"12":null,"12.1":0.010718,"15":null,"16":null,"17":null,"18":null,"19":null,"20":null,"21":null,"22":null,"23":null,"24":null,"25":null,"26":null,"27":null,"28":null,"29":0.005359,"30":null,"31":null,"32":null,"33":0.010718,"34":null,"35":0.005359,"36":0.080385,"37":0.032154,"38":0.016077,"39":0.016077,"40":0.037513,"41":0.557336,"42":0.273309,"43":null,"44":null},"safari":{"3.1":null,"3.2":null,"4":0.021436,"5":0.037513,"5.1":0.048231,"6":0.010718,"6.1":0.026795,"7":0.005359,"7.1":0.005359,"8":0.123257,"9":0.080385,"9.1":0.246514,"10":0.509105,"0":null},"ios_saf":{"3.2":0,"4.0-4.1":0,"4.2-4.3":0,"5.0-5.1":0,"6.0-6.1":0,"7.0-7.1":0.0710642039046,"8":0,"8.1-8.4":0.107880598698,"9.0-9.2":0.0723484967462,"9.3":0.458492544469,"10.0-10.2":3.43462715618},"android":{"2.1":0,"2.2":0,"2.3":0,"3":0,"4":0.128301699324,"4.1":0.421562726351,"4.2-4.3":1.20708333446,"4.4":2.78336135473,"4.4.3-4.4.4":1.66006688514,"53":null},"op_mob":{"10":0,"11":0,"11.1":0,"11.5":0,"12":0,"12.1":0,"0":0.347367050847},"ie":{"5.5":null,"6":0.010718,"7":0.010718,"8":0.219719,"9":0.096462,"10":0.278668,"11":2.674141},"edge":{"12":0.144693,"13":0.246514,"14":0.712747,"15":null},"bb":{"7":0.03828825,"10":null},"ie_mob":{"10":0.4195464,"11":1.6781856},"and_ff":{"0":0.529074},"samsung":{"0":4.232592},"and_uc":{"0":0.775047},"op_mini":{"0":4.55352894915},"and_chr":{"0":24.605832}},"total":98.65446925}