{"id":"SO","name":"Somalia","month":"2016-12","access_date":"2017-01-17","data":{"chrome":{"4":null,"5":null,"6":null,"7":null,"8":0.002062,"9":0.018558,"10":0.001031,"11":0.016496,"12":0.001031,"13":0.002062,"14":null,"15":null,"16":0.002062,"17":0.002062,"18":null,"19":null,"20":0.029899,"21":0.032992,"22":0.004124,"23":0.024744,"24":null,"25":0.002062,"26":0.015465,"27":0.004124,"28":0.009279,"29":0.005155,"30":0.011341,"31":0.031961,"32":0.023713,"33":0.156712,"34":0.005155,"35":0.004124,"36":0.006186,"37":0.005155,"38":0.004124,"39":0.017527,"40":0.009279,"41":0.01031,"42":0.002062,"43":1.304215,"44":0.011341,"45":0.02062,"46":0.008248,"47":0.014434,"48":0.007217,"49":0.108255,"50":0.08248,"51":0.079387,"52":0.097945,"53":0.053612,"54":2.21665,"55":2.521826,"56":0.03093,"57":0.014434,"58":null},"firefox":{"2":null,"3":0.034023,"3.5":null,"3.6":0.002062,"4":0.002062,"5":0.004124,"6":null,"7":null,"8":null,"9":null,"10":0.004124,"11":0.005155,"12":0.003093,"13":0.001031,"14":null,"15":0.002062,"16":0.001031,"17":null,"18":0.001031,"19":0.005155,"20":0.001031,"21":0.003093,"22":0.004124,"23":0.007217,"24":0.002062,"25":0.003093,"26":0.002062,"27":0.005155,"28":0.005155,"29":0.018558,"30":0.008248,"31":0.006186,"32":0.002062,"33":0.003093,"34":0.015465,"35":0.007217,"36":0.014434,"37":0.053612,"38":0.008248,"39":0.004124,"40":0.003093,"41":0.012372,"42":0.008248,"43":0.068046,"44":0.078356,"45":0.018558,"46":0.03093,"47":0.111348,"48":0.023713,"49":0.08248,"50":0.973264,"51":0.111348,"52":null,"53":null},"opera":{"9":null,"9.5-9.6":null,"10.0-10.1":0,"10.5":null,"10.6":0.005155,"11":0.001031,"11.1":null,"11.5":0.001031,"11.6":null,"12":0.001031,"12.1":0.001031,"15":null,"16":null,"17":null,"18":null,"19":0.001031,"20":null,"21":0.002062,"22":null,"23":null,"24":null,"25":null,"26":null,"27":null,"28":0.001031,"29":null,"30":null,"31":null,"32":null,"33":null,"34":null,"35":null,"36":0.004124,"37":0.056705,"38":0.009279,"39":0.001031,"40":0.004124,"41":0.12372,"42":0.055674,"43":null,"44":null},"safari":{"3.1":null,"3.2":null,"4":0.04124,"5":null,"5.1":0.002062,"6":null,"6.1":null,"7":0.003093,"7.1":null,"8":0.005155,"9":0.006186,"9.1":0.056705,"10":0.112379,"0":null},"ios_saf":{"3.2":0,"4.0-4.1":0,"4.2-4.3":0,"5.0-5.1":0,"6.0-6.1":0,"7.0-7.1":0.0139934519161,"8":0,"8.1-8.4":0.0212430715835,"9.0-9.2":0.0142463456255,"9.3":0.0902830542299,"10.0-10.2":0.676322076645},"android":{"2.1":0,"2.2":0,"2.3":0,"3":0,"4":0.104105300676,"4.1":0.342060273649,"4.2-4.3":0.979439665541,"4.4":2.25844764527,"4.4.3-4.4.4":1.34699511486,"53":null},"op_mob":{"10":0,"11":0,"11.1":0,"11.5":0,"12":0,"12.1":0,"0":2.67030836364},"ie":{"5.5":null,"6":0.00103848910412,"7":null,"8":0.0467320096852,"9":0.0062309346247,"10":0.0321931622276,"11":0.338547447942},"edge":{"12":0.048457,"13":0.042271,"14":0.085573,"15":null},"bb":{"7":0.006726,"10":null},"ie_mob":{"10":0.0484272,"11":0.1937088},"and_ff":{"0":null},"samsung":{"0":1.425912},"and_uc":{"0":26.114816},"op_mini":{"0":35.0042596364},"and_chr":{"0":17.937998}},"total":99.1386140436}