{"id":"SR","name":"Suriname","month":"2016-12","access_date":"2017-01-17","data":{"chrome":{"4":null,"5":null,"6":null,"7":null,"8":null,"9":null,"10":null,"11":0.02519,"12":null,"13":null,"14":null,"15":null,"16":null,"17":null,"18":0.005038,"19":null,"20":null,"21":null,"22":0.120912,"23":null,"24":0.020152,"25":null,"26":0.02519,"27":0.040304,"28":0.12595,"29":0.010076,"30":null,"31":0.221672,"32":0.12595,"33":null,"34":0.020152,"35":0.010076,"36":0.392964,"37":0.010076,"38":0.015114,"39":0.010076,"40":0.010076,"41":null,"42":0.010076,"43":0.045342,"44":0.015114,"45":0.080608,"46":0.02519,"47":0.015114,"48":0.02519,"49":1.18393,"50":0.055418,"51":0.10076,"52":0.307318,"53":0.211596,"54":14.529592,"55":13.280168,"56":0.080608,"57":0.055418,"58":null},"firefox":{"2":null,"3":null,"3.5":null,"3.6":0.010076,"4":null,"5":null,"6":null,"7":null,"8":null,"9":null,"10":null,"11":null,"12":null,"13":null,"14":null,"15":0.055418,"16":null,"17":0.010076,"18":null,"19":0.005038,"20":null,"21":null,"22":null,"23":null,"24":null,"25":null,"26":null,"27":null,"28":0.005038,"29":null,"30":null,"31":null,"32":null,"33":0.015114,"34":null,"35":0.005038,"36":0.02519,"37":0.010076,"38":0.010076,"39":0.020152,"40":0.040304,"41":null,"42":null,"43":0.02519,"44":0.02519,"45":0.060456,"46":0.010076,"47":0.10076,"48":0.110836,"49":0.130988,"50":4.670226,"51":0.65494,"52":null,"53":null},"opera":{"9":null,"9.5-9.6":null,"10.0-10.1":0,"10.5":null,"10.6":null,"11":null,"11.1":null,"11.5":null,"11.6":null,"12":null,"12.1":0.02519,"15":null,"16":null,"17":null,"18":null,"19":null,"20":null,"21":null,"22":null,"23":null,"24":null,"25":null,"26":null,"27":null,"28":null,"29":0.030228,"30":0.015114,"31":0.015114,"32":null,"33":0.065494,"34":0.010076,"35":null,"36":0.030228,"37":0.120912,"38":0.010076,"39":null,"40":0.005038,"41":0.45342,"42":0.20152,"43":null,"44":null},"safari":{"3.1":null,"3.2":null,"4":0,"5":null,"5.1":0.015114,"6":0.010076,"6.1":0.065494,"7":0.010076,"7.1":0.010076,"8":0.065494,"9":0.035266,"9.1":0.186406,"10":0.740586,"0":null},"ios_saf":{"3.2":0,"4.0-4.1":0,"4.2-4.3":0,"5.0-5.1":0,"6.0-6.1":0,"7.0-7.1":0.0879761933685,"8":0,"8.1-8.4":0.133554221258,"9.0-9.2":0.0895661245739,"9.3":0.567605440347,"10.0-10.2":4.25200602045},"android":{"2.1":0,"2.2":0,"2.3":0,"3":0,"4":0.140050773649,"4.1":0.460166827703,"4.2-4.3":1.31762054392,"4.4":3.03824433446,"4.4.3-4.4.4":1.81208552027,"53":null},"op_mob":{"10":0,"11":0,"11.1":0,"11.5":0,"12":0,"12.1":0,"0":0.160374286595},"ie":{"5.5":null,"6":null,"7":0.010076,"8":0.297242,"9":0.22671,"10":0.211596,"11":3.47622},"edge":{"12":0.196482,"13":0.448382,"14":1.949706,"15":null},"bb":{"7":0.265467,"10":null},"ie_mob":{"10":0.0962628,"11":0.3850512},"and_ff":{"0":0.044658},"samsung":{"0":9.169776},"and_uc":{"0":1.101564},"op_mini":{"0":2.10229771341},"and_chr":{"0":26.567088}},"total":97.939495}