{"id":"ST","name":"Sao Tome and Principe","month":"2016-12","access_date":"2017-01-17","data":{"chrome":{"4":null,"5":null,"6":null,"7":null,"8":null,"9":null,"10":null,"11":0.019344,"12":null,"13":null,"14":0.025792,"15":null,"16":0.070928,"17":null,"18":0.122512,"19":null,"20":null,"21":null,"22":0.006448,"23":null,"24":null,"25":0.019344,"26":0.03224,"27":0.006448,"28":null,"29":null,"30":null,"31":null,"32":0.006448,"33":0.116064,"34":null,"35":0.199888,"36":4.165408,"37":0.03224,"38":0.019344,"39":0.025792,"40":0.025792,"41":0.045136,"42":0.019344,"43":7.70536,"44":0.025792,"45":0.03224,"46":null,"47":0.025792,"48":0.148304,"49":1.985984,"50":0.148304,"51":0.141856,"52":0.438464,"53":0.303056,"54":15.6364,"55":14.662752,"56":0.038688,"57":null,"58":null},"firefox":{"2":null,"3":0.038688,"3.5":null,"3.6":0.03224,"4":null,"5":null,"6":null,"7":null,"8":null,"9":null,"10":null,"11":null,"12":null,"13":null,"14":null,"15":null,"16":null,"17":null,"18":0.012896,"19":null,"20":null,"21":null,"22":null,"23":null,"24":null,"25":null,"26":null,"27":null,"28":0.025792,"29":null,"30":null,"31":0.012896,"32":null,"33":null,"34":0.006448,"35":0.012896,"36":null,"37":null,"38":0.006448,"39":null,"40":0.051584,"41":0.006448,"42":0.019344,"43":0.077376,"44":0.012896,"45":0.038688,"46":0.025792,"47":0.174096,"48":0.045136,"49":0.373984,"50":3.559296,"51":0.019344,"52":null,"53":null},"opera":{"9":null,"9.5-9.6":null,"10.0-10.1":0,"10.5":null,"10.6":null,"11":null,"11.1":null,"11.5":null,"11.6":null,"12":null,"12.1":0.051584,"15":null,"16":null,"17":null,"18":null,"19":null,"20":null,"21":null,"22":null,"23":null,"24":null,"25":null,"26":null,"27":null,"28":null,"29":null,"30":null,"31":null,"32":null,"33":null,"34":null,"35":null,"36":null,"37":0.006448,"38":null,"39":0.006448,"40":null,"41":0.38688,"42":0.490048,"43":null,"44":null},"safari":{"3.1":null,"3.2":null,"4":0,"5":null,"5.1":0.006448,"6":null,"6.1":0.077376,"7":0.006448,"7.1":null,"8":null,"9":0.006448,"9.1":0.245024,"10":2.366416,"0":null},"ios_saf":{"3.2":0,"4.0-4.1":0,"4.2-4.3":0,"5.0-5.1":0,"6.0-6.1":0,"7.0-7.1":0.0346555735978,"8":0,"8.1-8.4":0.0526096659436,"9.0-9.2":0.0352818791447,"9.3":0.22359108026,"10.0-10.2":1.67494980105},"android":{"2.1":0,"2.2":0,"2.3":0,"3":0,"4":0.133623,"4.1":0.439047,"4.2-4.3":1.257147,"4.4":2.898801,"4.4.3-4.4.4":1.728918,"53":null},"op_mob":{"10":0,"11":0,"11.1":0,"11.5":0,"12":0,"12.1":0,"0":0.147279383667},"ie":{"5.5":null,"6":null,"7":null,"8":0.232128,"9":0.019344,"10":0.083824,"11":5.887024},"edge":{"12":0.122512,"13":0.090272,"14":0.786656,"15":null},"bb":{"7":0.003552,"10":null},"ie_mob":{"10":0.1342656,"11":0.5370624},"and_ff":{"0":0.042624},"samsung":{"0":0.991008},"and_uc":{"0":4.152288},"op_mini":{"0":1.93064061633},"and_chr":{"0":19.891856}},"total":97.98432}