{"id":"SV","name":"El Salvador","month":"2016-12","access_date":"2017-01-17","data":{"chrome":{"4":null,"5":null,"6":null,"7":null,"8":null,"9":null,"10":null,"11":0.015999,"12":null,"13":null,"14":null,"15":null,"16":null,"17":null,"18":0.005333,"19":null,"20":null,"21":0.026665,"22":0.047997,"23":null,"24":null,"25":null,"26":0.010666,"27":null,"28":0.005333,"29":null,"30":0.010666,"31":0.021332,"32":0.015999,"33":0.015999,"34":0.031998,"35":0.015999,"36":0.122659,"37":0.026665,"38":0.05333,"39":0.05333,"40":0.042664,"41":0.015999,"42":0.037331,"43":0.095994,"44":0.037331,"45":0.026665,"46":0.047997,"47":0.042664,"48":0.05333,"49":1.882549,"50":0.10666,"51":0.277316,"52":0.239985,"53":0.506635,"54":18.750828,"55":15.593692,"56":0.058663,"57":0.026665,"58":null},"firefox":{"2":null,"3":0.05333,"3.5":null,"3.6":0.026665,"4":0.005333,"5":null,"6":null,"7":null,"8":null,"9":null,"10":0.005333,"11":0.010666,"12":null,"13":null,"14":null,"15":null,"16":0.005333,"17":null,"18":null,"19":null,"20":null,"21":null,"22":null,"23":null,"24":null,"25":null,"26":0.005333,"27":null,"28":null,"29":null,"30":0.005333,"31":0.010666,"32":null,"33":0.010666,"34":null,"35":0.010666,"36":0.015999,"37":0.015999,"38":0.026665,"39":0.026665,"40":0.05333,"41":0.026665,"42":0.015999,"43":0.101327,"44":0.021332,"45":0.181322,"46":0.058663,"47":0.229319,"48":0.26665,"49":0.298648,"50":4.847697,"51":0.047997,"52":0.010666,"53":null},"opera":{"9":null,"9.5-9.6":null,"10.0-10.1":0,"10.5":null,"10.6":null,"11":null,"11.1":null,"11.5":null,"11.6":null,"12":null,"12.1":0.010666,"15":null,"16":null,"17":null,"18":null,"19":null,"20":null,"21":null,"22":null,"23":null,"24":null,"25":null,"26":null,"27":null,"28":null,"29":0.005333,"30":null,"31":null,"32":null,"33":null,"34":null,"35":null,"36":0.021332,"37":0.026665,"38":0.015999,"39":null,"40":0.015999,"41":0.490636,"42":0.229319,"43":null,"44":null},"safari":{"3.1":null,"3.2":null,"4":0.010666,"5":0.021332,"5.1":0.026665,"6":null,"6.1":0.015999,"7":0.026665,"7.1":null,"8":0.165323,"9":0.170656,"9.1":0.538633,"10":1.061267,"0":null},"ios_saf":{"3.2":0,"4.0-4.1":0,"4.2-4.3":0,"5.0-5.1":0,"6.0-6.1":0,"7.0-7.1":0.0460045139965,"8":0,"8.1-8.4":0.0698381778742,"9.0-9.2":0.0468359208759,"9.3":0.296812255965,"10.0-10.2":2.22345913129},"android":{"2.1":0,"2.2":0,"2.3":0,"3":0,"4":0.119820436655,"4.1":0.393695720439,"4.2-4.3":1.12729023057,"4.4":2.59936988091,"4.4.3-4.4.4":1.55032973142,"53":null},"op_mob":{"10":0,"11":0,"11.1":0,"11.5":0,"12":0,"12.1":0,"0":0.176934144838},"ie":{"5.5":null,"6":null,"7":null,"8":0.282649,"9":0.074662,"10":0.117326,"11":0.991938},"edge":{"12":0.063996,"13":0.149324,"14":0.570631,"15":null},"bb":{"7":0.0361615,"10":null},"ie_mob":{"10":0.1035852,"11":0.4143408},"and_ff":{"0":0.013998},"samsung":{"0":2.202352},"and_uc":{"0":2.645622},"op_mini":{"0":2.31937585516},"and_chr":{"0":32.815545}},"total":99.0222565}