{"id":"SY","name":"Syrian Arab Republic","month":"2016-12","access_date":"2017-01-17","data":{"chrome":{"4":null,"5":0.006256,"6":0.012512,"7":null,"8":0.006256,"9":null,"10":0.003128,"11":0.040664,"12":0.009384,"13":0.009384,"14":0.006256,"15":0.025024,"16":null,"17":0.003128,"18":0.003128,"19":0.003128,"20":0.009384,"21":null,"22":0.009384,"23":0.012512,"24":0.009384,"25":0.006256,"26":0.009384,"27":0.018768,"28":0.01564,"29":0.025024,"30":0.012512,"31":0.071944,"32":0.090712,"33":0.065688,"34":0.056304,"35":0.009384,"36":0.278392,"37":0.009384,"38":0.068816,"39":0.037536,"40":0.040664,"41":0.01564,"42":0.01564,"43":0.866456,"44":0.050048,"45":0.034408,"46":0.028152,"47":0.071944,"48":0.065688,"49":0.622472,"50":0.112608,"51":0.3128,"52":0.431664,"53":0.481712,"54":6.518752,"55":6.872216,"56":0.112608,"57":0.037536,"58":null},"firefox":{"2":null,"3":0.04692,"3.5":0.012512,"3.6":0.01564,"4":0.009384,"5":0.021896,"6":0.006256,"7":null,"8":0.01564,"9":null,"10":0.01564,"11":0.034408,"12":0.037536,"13":0.006256,"14":0.006256,"15":0.018768,"16":0.009384,"17":0.150144,"18":0.003128,"19":0.012512,"20":0.003128,"21":0.006256,"22":0.006256,"23":0.006256,"24":0.006256,"25":0.009384,"26":0.025024,"27":0.012512,"28":0.006256,"29":0.01564,"30":0.034408,"31":0.025024,"32":0.040664,"33":0.034408,"34":0.018768,"35":0.075072,"36":0.071944,"37":0.037536,"38":0.068816,"39":0.071944,"40":0.043792,"41":0.053176,"42":0.037536,"43":0.356592,"44":0.197064,"45":0.193936,"46":0.100096,"47":0.778872,"48":0.356592,"49":0.572424,"50":5.955712,"51":0.294032,"52":0.034408,"53":null},"opera":{"9":null,"9.5-9.6":null,"10.0-10.1":0,"10.5":null,"10.6":null,"11":0.003128,"11.1":null,"11.5":null,"11.6":0.009384,"12":0.003128,"12.1":0.01564,"15":null,"16":null,"17":null,"18":null,"19":null,"20":0.021896,"21":null,"22":null,"23":null,"24":null,"25":null,"26":null,"27":null,"28":null,"29":null,"30":null,"31":null,"32":null,"33":null,"34":null,"35":0.003128,"36":0.040664,"37":0.012512,"38":0.018768,"39":null,"40":0.006256,"41":0.294032,"42":0.137632,"43":null,"44":null},"safari":{"3.1":null,"3.2":null,"4":0,"5":0.006256,"5.1":0.009384,"6":0.012512,"6.1":0.009384,"7":0.009384,"7.1":null,"8":0.009384,"9":0.006256,"9.1":0.056304,"10":0.118864,"0":null},"ios_saf":{"3.2":0,"4.0-4.1":0,"4.2-4.3":0,"5.0-5.1":0,"6.0-6.1":0,"7.0-7.1":0.0460731362463,"8":0,"8.1-8.4":0.06994235141,"9.0-9.2":0.0469057832869,"9.3":0.297254993492,"10.0-10.2":2.22677573556},"android":{"2.1":0,"2.2":0,"2.3":0,"3":0,"4":0.277573081081,"4.1":0.912025837838,"4.2-4.3":2.61145286486,"4.4":6.02163643243,"4.4.3-4.4.4":3.59145578378,"53":null},"op_mob":{"10":0,"11":0,"11.1":0,"11.5":0,"12":0,"12.1":0,"0":0.564520505393},"ie":{"5.5":null,"6":0.0192504678663,"7":0.00320841131105,"8":0.340091598972,"9":0.12191962982,"10":0.0834186940874,"11":0.680183197943},"edge":{"12":0.096968,"13":0.106352,"14":0.20332,"15":null},"bb":{"7":0.006872,"10":null},"ie_mob":{"10":0.020616,"11":0.082464},"and_ff":{"0":0.041232},"samsung":{"0":6.720816},"and_uc":{"0":5.08528},"op_mini":{"0":7.40012749461},"and_chr":{"0":31.777176}},"total":97.866536}