{"id":"SZ","name":"Swaziland","month":"2016-12","access_date":"2017-01-17","data":{"chrome":{"4":null,"5":null,"6":null,"7":null,"8":null,"9":0.001352,"10":null,"11":0.006084,"12":null,"13":null,"14":null,"15":null,"16":0.002704,"17":null,"18":0.002028,"19":null,"20":null,"21":null,"22":null,"23":null,"24":null,"25":0.004056,"26":0.004056,"27":null,"28":null,"29":null,"30":0.002704,"31":0.004056,"32":0.010816,"33":0.007436,"34":null,"35":0.002028,"36":0.041236,"37":null,"38":0.002704,"39":0.001352,"40":0.015548,"41":null,"42":0.002028,"43":0.015548,"44":null,"45":0.002704,"46":0.004732,"47":0.002028,"48":0.00338,"49":0.065572,"50":0.02366,"51":0.035152,"52":0.025688,"53":0.085176,"54":1.430416,"55":1.145144,"56":0.002028,"57":0.000676,"58":null},"firefox":{"2":null,"3":0.00338,"3.5":null,"3.6":0.002028,"4":null,"5":null,"6":null,"7":null,"8":null,"9":null,"10":0.000676,"11":0.000676,"12":0.004056,"13":null,"14":null,"15":null,"16":0.008112,"17":null,"18":0.002704,"19":null,"20":null,"21":0.02028,"22":null,"23":null,"24":null,"25":0.002028,"26":0.005408,"27":null,"28":null,"29":null,"30":0.001352,"31":0.008788,"32":null,"33":0.002704,"34":null,"35":0.00676,"36":null,"37":0.031096,"38":0.01352,"39":0.000676,"40":0.000676,"41":0.002028,"42":null,"43":0.014872,"44":0.035828,"45":0.107484,"46":0.025012,"47":0.070304,"48":0.039208,"49":0.051376,"50":0.820664,"51":0.070304,"52":null,"53":null},"opera":{"9":null,"9.5-9.6":null,"10.0-10.1":0,"10.5":null,"10.6":null,"11":null,"11.1":null,"11.5":null,"11.6":0.002028,"12":null,"12.1":0.001352,"15":0.001352,"16":null,"17":null,"18":0.002028,"19":null,"20":null,"21":null,"22":null,"23":null,"24":null,"25":null,"26":null,"27":null,"28":null,"29":0.002028,"30":null,"31":null,"32":0.001352,"33":0.006084,"34":0.005408,"35":0.01014,"36":0.00676,"37":0.022984,"38":0.02028,"39":null,"40":0.022308,"41":0.129116,"42":0.0507,"43":null,"44":null},"safari":{"3.1":null,"3.2":null,"4":0,"5":null,"5.1":0.00338,"6":0.004732,"6.1":null,"7":null,"7.1":0.001352,"8":0.028392,"9":0.00676,"9.1":0.010816,"10":0.068952,"0":null},"ios_saf":{"3.2":0,"4.0-4.1":0,"4.2-4.3":0,"5.0-5.1":0,"6.0-6.1":0,"7.0-7.1":0.0132699175705,"8":0,"8.1-8.4":0.0201446941432,"9.0-9.2":0.0135097353579,"9.3":0.0856149501085,"10.0-10.2":0.64135270282},"android":{"2.1":0,"2.2":0,"2.3":0,"3":0,"4":0.0291335625,"4.1":0.0957245625,"4.2-4.3":0.2740933125,"4.4":0.6320199375,"4.4.3-4.4.4":0.376952625,"53":null},"op_mob":{"10":0,"11":0,"11.1":0,"11.5":0,"12":0,"12.1":0,"0":5.92667345455},"ie":{"5.5":null,"6":0.00068862813777,"7":0.00068862813777,"8":0.163893496789,"9":0.0819467483946,"10":0.107425989492,"11":0.824976509048},"edge":{"12":0.083148,"13":0.087204,"14":0.095992,"15":null},"bb":{"7":0.083916,"10":null},"ie_mob":{"10":0.205128,"11":0.820512},"and_ff":{"0":null},"samsung":{"0":0.988344},"and_uc":{"0":0.876456},"op_mini":{"0":77.6909585455},"and_chr":{"0":4.174688}},"total":99.106852}