{"id":"TC","name":"Turks and Caicos Islands","month":"2016-12","access_date":"2017-01-17","data":{"chrome":{"4":null,"5":null,"6":null,"7":null,"8":null,"9":null,"10":null,"11":0.010716,"12":null,"13":null,"14":null,"15":null,"16":null,"17":null,"18":null,"19":0.010716,"20":null,"21":null,"22":null,"23":null,"24":null,"25":null,"26":null,"27":null,"28":null,"29":null,"30":null,"31":null,"32":null,"33":null,"34":0.021432,"35":0.069654,"36":1.811004,"37":null,"38":0.016074,"39":null,"40":0.010716,"41":0.005358,"42":null,"43":0.075012,"44":0.016074,"45":0.192888,"46":0.085728,"47":0.016074,"48":0.005358,"49":1.173402,"50":0.40185,"51":0.225036,"52":0.139308,"53":0.117876,"54":11.65365,"55":12.419844,"56":0.166098,"57":0.032148,"58":null},"firefox":{"2":null,"3":null,"3.5":null,"3.6":null,"4":null,"5":0.010716,"6":null,"7":null,"8":null,"9":null,"10":null,"11":0.037506,"12":null,"13":null,"14":null,"15":0.128592,"16":null,"17":null,"18":null,"19":null,"20":null,"21":null,"22":null,"23":null,"24":null,"25":null,"26":null,"27":null,"28":null,"29":null,"30":null,"31":0.032148,"32":null,"33":null,"34":null,"35":null,"36":null,"37":null,"38":0.005358,"39":0.005358,"40":0.016074,"41":0.016074,"42":0.058938,"43":null,"44":null,"45":null,"46":null,"47":0.021432,"48":0.13395,"49":0.10716,"50":3.798822,"51":0.069654,"52":null,"53":null},"opera":{"9":null,"9.5-9.6":null,"10.0-10.1":0,"10.5":null,"10.6":null,"11":null,"11.1":null,"11.5":null,"11.6":null,"12":null,"12.1":null,"15":null,"16":null,"17":null,"18":null,"19":null,"20":null,"21":null,"22":null,"23":null,"24":null,"25":null,"26":null,"27":null,"28":null,"29":0.016074,"30":null,"31":null,"32":null,"33":null,"34":null,"35":null,"36":null,"37":0.032148,"38":null,"39":null,"40":null,"41":0.155382,"42":0.112518,"43":null,"44":null},"safari":{"3.1":null,"3.2":null,"4":0,"5":0.010716,"5.1":0.198246,"6":0.005358,"6.1":0.02679,"7":0.037506,"7.1":null,"8":0.096444,"9":0.219678,"9.1":1.961028,"10":2.684358,"0":null},"ios_saf":{"3.2":0,"4.0-4.1":0,"4.2-4.3":0,"5.0-5.1":0,"6.0-6.1":0,"7.0-7.1":0.357544092346,"8":0,"8.1-8.4":0.542777778742,"9.0-9.2":0.364005732569,"9.3":2.30680555965,"10.0-10.2":17.2805798367},"android":{"2.1":0,"2.2":0,"2.3":0,"3":0,"4":0.0362204978885,"4.1":0.119010207348,"4.2-4.3":0.340768357686,"4.4":0.78576304603,"4.4.3-4.4.4":0.468648891047,"53":null},"op_mob":{"10":0,"11":0,"11.1":0,"11.5":0,"12":0,"12.1":0,"0":0.029288816641},"ie":{"5.5":null,"6":0.0216632805755,"7":0.0108316402878,"8":0.0595740215827,"9":0.092068942446,"10":0.297870107914,"11":5.54038400719},"edge":{"12":0.203604,"13":0.691182,"14":4.104228,"15":null},"bb":{"7":0.30992025,"10":null},"ie_mob":{"10":0.023215,"11":0.09286},"and_ff":{"0":0.069645},"samsung":{"0":3.830475},"and_uc":{"0":0.348225},"op_mini":{"0":0.383938183359},"and_chr":{"0":19.779803}},"total":97.16494425}