{"id":"TH","name":"Thailand","month":"2016-12","access_date":"2017-01-17","data":{"chrome":{"4":null,"5":null,"6":null,"7":null,"8":null,"9":null,"10":0.008643,"11":0.054739,"12":0.017286,"13":0.005762,"14":null,"15":0.002881,"16":0.011524,"17":0.002881,"18":0.002881,"19":null,"20":0.002881,"21":0.011524,"22":0.02881,"23":0.005762,"24":0.002881,"25":0.014405,"26":0.017286,"27":0.005762,"28":0.005762,"29":0.005762,"30":0.008643,"31":0.037453,"32":0.020167,"33":0.031691,"34":0.034572,"35":0.017286,"36":0.031691,"37":0.011524,"38":0.037453,"39":0.02881,"40":0.031691,"41":0.011524,"42":0.023048,"43":1.215782,"44":0.02881,"45":0.02881,"46":0.054739,"47":0.046096,"48":0.043215,"49":0.936325,"50":0.060501,"51":0.218956,"52":0.195908,"53":0.236242,"54":7.95156,"55":10.164168,"56":0.109478,"57":0.051858,"58":null},"firefox":{"2":null,"3":null,"3.5":null,"3.6":0.005762,"4":0.005762,"5":0.002881,"6":0.005762,"7":0.005762,"8":0.002881,"9":null,"10":null,"11":null,"12":0.008643,"13":null,"14":null,"15":null,"16":null,"17":null,"18":null,"19":null,"20":null,"21":null,"22":null,"23":null,"24":null,"25":null,"26":0.008643,"27":null,"28":null,"29":0.005762,"30":0.011524,"31":0.005762,"32":null,"33":0.008643,"34":0.005762,"35":0.005762,"36":0.005762,"37":0.005762,"38":0.011524,"39":0.011524,"40":0.008643,"41":0.008643,"42":0.008643,"43":0.043215,"44":0.017286,"45":0.023048,"46":0.025929,"47":0.092192,"48":0.074906,"49":0.077787,"50":1.702671,"51":0.054739,"52":0.002881,"53":null},"opera":{"9":null,"9.5-9.6":null,"10.0-10.1":0,"10.5":null,"10.6":null,"11":null,"11.1":null,"11.5":null,"11.6":null,"12":null,"12.1":0.002881,"15":null,"16":null,"17":null,"18":null,"19":null,"20":null,"21":null,"22":null,"23":null,"24":null,"25":null,"26":null,"27":null,"28":null,"29":null,"30":null,"31":null,"32":null,"33":null,"34":null,"35":null,"36":0.025929,"37":0.014405,"38":0.008643,"39":null,"40":null,"41":0.072025,"42":0.236242,"43":null,"44":null},"safari":{"3.1":null,"3.2":null,"4":0,"5":0.005762,"5.1":0.017286,"6":0.002881,"6.1":0.008643,"7":0.014405,"7.1":null,"8":0.040334,"9":0.051858,"9.1":0.126764,"10":0.365887,"0":null},"ios_saf":{"3.2":0,"4.0-4.1":0,"4.2-4.3":0,"5.0-5.1":0,"6.0-6.1":0,"7.0-7.1":0.22652900816,"8":0,"8.1-8.4":0.343887409978,"9.0-9.2":0.230622905898,"9.3":1.46152149241,"10.0-10.2":10.9484471836},"android":{"2.1":0,"2.2":0,"2.3":0,"3":0,"4":0.0860171824324,"4.1":0.282627885135,"4.2-4.3":0.809263695946,"4.4":1.86604622297,"4.4.3-4.4.4":1.11295701351,"53":null},"op_mob":{"10":0,"11":0,"11.1":0,"11.5":0,"12":0,"12.1":0,"0":0.0438925053929},"ie":{"5.5":null,"6":null,"7":0.00875503888889,"8":0.224712664815,"9":0.227631011111,"10":0.140080622222,"11":0.974727662963},"edge":{"12":0.020167,"13":0.05762,"14":0.244885,"15":null},"bb":{"7":0,"10":null},"ie_mob":{"10":0.0811452,"11":0.3245808},"and_ff":{"0":0.021354},"samsung":{"0":6.185542},"and_uc":{"0":0.797216},"op_mini":{"0":0.575373494607},"and_chr":{"0":46.895714}},"total":99.325161}