{"id":"TJ","name":"Tajikistan","month":"2016-12","access_date":"2017-01-17","data":{"chrome":{"4":null,"5":0.012705,"6":0.007623,"7":0.015246,"8":0.017787,"9":0.005082,"10":0.022869,"11":0.020328,"12":0.07623,"13":0.017787,"14":0.022869,"15":0.012705,"16":0.081312,"17":0.038115,"18":0.012705,"19":0.068607,"20":0.012705,"21":0.017787,"22":0.035574,"23":0.040656,"24":0.030492,"25":0.005082,"26":0.022869,"27":0.015246,"28":0.007623,"29":0.005082,"30":null,"31":0.030492,"32":0.010164,"33":null,"34":0.020328,"35":0.027951,"36":0.040656,"37":0.005082,"38":0.02541,"39":0.053361,"40":0.035574,"41":0.195657,"42":0.012705,"43":0.035574,"44":0.226149,"45":0.094017,"46":0.027951,"47":0.035574,"48":0.132132,"49":1.671978,"50":0.055902,"51":0.155001,"52":0.137214,"53":0.221067,"54":5.506347,"55":5.912907,"56":0.015246,"57":0.017787,"58":null},"firefox":{"2":0.012705,"3":0.040656,"3.5":0.040656,"3.6":0.114345,"4":0.010164,"5":0.411642,"6":0.007623,"7":null,"8":null,"9":0.002541,"10":null,"11":null,"12":0.2541,"13":0.010164,"14":0.010164,"15":0.012705,"16":0.007623,"17":0.005082,"18":null,"19":null,"20":0.005082,"21":0.02541,"22":0.027951,"23":0.012705,"24":null,"25":0.010164,"26":0.007623,"27":null,"28":0.002541,"29":0.007623,"30":0.040656,"31":null,"32":0.005082,"33":0.007623,"34":0.007623,"35":0.005082,"36":0.005082,"37":0.012705,"38":0.017787,"39":0.010164,"40":0.007623,"41":0.002541,"42":0.005082,"43":0.073689,"44":0.017787,"45":0.015246,"46":0.010164,"47":0.302379,"48":0.040656,"49":0.144837,"50":1.229844,"51":0.005082,"52":null,"53":null},"opera":{"9":null,"9.5-9.6":0.002541,"10.0-10.1":0.005082,"10.5":0.010164,"10.6":0.02541,"11":0.010164,"11.1":0.017787,"11.5":0.005082,"11.6":0.030492,"12":0.030492,"12.1":0.391314,"15":0.005082,"16":0.010164,"17":null,"18":0.299838,"19":0.005082,"20":0.002541,"21":0.010164,"22":null,"23":null,"24":null,"25":0.017787,"26":0.096558,"27":0.010164,"28":0.005082,"29":0.010164,"30":0.017787,"31":null,"32":0.017787,"33":0.017787,"34":0.010164,"35":0.015246,"36":0.114345,"37":0.02541,"38":0.012705,"39":0.017787,"40":0.015246,"41":0.96558,"42":0.35574,"43":0.002541,"44":null},"safari":{"3.1":null,"3.2":0.005082,"4":0.05082,"5":0.022869,"5.1":0.010164,"6":null,"6.1":null,"7":0.005082,"7.1":null,"8":0.012705,"9":0.012705,"9.1":0.02541,"10":0.104181,"0":null},"ios_saf":{"3.2":0,"4.0-4.1":0,"4.2-4.3":0,"5.0-5.1":0,"6.0-6.1":0,"7.0-7.1":0.0525666495197,"8":0,"8.1-8.4":0.0797999739696,"9.0-9.2":0.0535166492098,"9.3":0.339149889371,"10.0-10.2":2.54061583793},"android":{"2.1":0,"2.2":0,"2.3":0,"3":0,"4":0.0932249003378,"4.1":0.306310386824,"4.2-4.3":0.87707508277,"4.4":2.02240957264,"4.4.3-4.4.4":1.20621605743,"53":null},"op_mob":{"10":0,"11":0,"11.1":0,"11.5":0,"12":0,"12.1":0,"0":2.3309547396},"ie":{"5.5":null,"6":0.00773215990453,"7":0.0154643198091,"8":0.296399463007,"9":0.067012052506,"10":0.123714558473,"11":0.569602446301},"edge":{"12":0.020328,"13":0.068607,"14":0.266805,"15":null},"bb":{"7":0.00186475,"10":null},"ie_mob":{"10":0.186475,"11":0.7459},"and_ff":{"0":0.014918},"samsung":{"0":3.572861},"and_uc":{"0":12.807103},"op_mini":{"0":30.5557762604},"and_chr":{"0":16.138577}},"total":96.53259175}