{"id":"TK","name":"Tokelau","month":"2016-12","access_date":"2017-01-17","data":{"chrome":{"4":null,"5":null,"6":null,"7":null,"8":null,"9":null,"10":null,"11":null,"12":null,"13":null,"14":null,"15":null,"16":null,"17":null,"18":0.86049,"19":null,"20":null,"21":null,"22":null,"23":null,"24":0.09561,"25":null,"26":null,"27":null,"28":null,"29":0.28683,"30":null,"31":null,"32":null,"33":null,"34":null,"35":null,"36":null,"37":0.19122,"38":null,"39":null,"40":0.09561,"41":null,"42":null,"43":0.28683,"44":0.19122,"45":0.19122,"46":null,"47":null,"48":null,"49":null,"50":0.66927,"51":null,"52":0.47805,"53":2.10342,"54":9.073389,"55":59.220834,"56":null,"57":null,"58":null},"firefox":{"2":null,"3":null,"3.5":null,"3.6":null,"4":null,"5":null,"6":null,"7":null,"8":null,"9":null,"10":null,"11":null,"12":null,"13":null,"14":null,"15":null,"16":null,"17":null,"18":null,"19":null,"20":null,"21":null,"22":null,"23":null,"24":null,"25":null,"26":null,"27":null,"28":null,"29":null,"30":null,"31":null,"32":null,"33":null,"34":null,"35":null,"36":null,"37":null,"38":null,"39":0.38244,"40":null,"41":null,"42":null,"43":null,"44":null,"45":null,"46":0.38244,"47":0.47805,"48":0.9561,"49":2.19903,"50":8.499729,"51":null,"52":null,"53":null},"opera":{"9":null,"9.5-9.6":null,"10.0-10.1":0,"10.5":null,"10.6":null,"11":null,"11.1":null,"11.5":null,"11.6":null,"12":null,"12.1":null,"15":null,"16":null,"17":null,"18":null,"19":null,"20":null,"21":null,"22":null,"23":null,"24":null,"25":null,"26":null,"27":null,"28":null,"29":null,"30":null,"31":null,"32":null,"33":null,"34":null,"35":null,"36":null,"37":null,"38":null,"39":null,"40":0.47805,"41":null,"42":null,"43":null,"44":null},"safari":{"3.1":null,"3.2":null,"4":0,"5":null,"5.1":0.09561,"6":null,"6.1":null,"7":null,"7.1":null,"8":null,"9":null,"9.1":0.09561,"10":1.33854,"0":null},"ios_saf":{"3.2":0,"4.0-4.1":0,"4.2-4.3":0,"5.0-5.1":0,"6.0-6.1":0,"7.0-7.1":0.00752752814792,"8":0,"8.1-8.4":0.0114273318872,"9.0-9.2":0.00766356781324,"9.3":0.0485661605206,"10.0-10.2":0.363815411631},"android":{"2.1":0,"2.2":0,"2.3":0,"3":0,"4":0,"4.1":0,"4.2-4.3":0,"4.4":0,"4.4.3-4.4.4":0,"53":null},"op_mob":{"10":0,"11":0,"11.1":0,"11.5":0,"12":0,"12.1":0,"0":0},"ie":{"5.5":null,"6":null,"7":null,"8":0.19122,"9":null,"10":0.09561,"11":4.58928},"edge":{"12":null,"13":null,"14":null,"15":null},"bb":{"7":0,"10":null},"ie_mob":{"10":0,"11":0},"and_ff":{"0":0.10975},"samsung":{"0":0.878},"and_uc":{"0":null},"op_mini":{"0":0},"and_chr":{"0":4.77984}},"total":99.732292}