{"id":"TL","name":"Timor-Leste","month":"2016-12","access_date":"2017-01-17","data":{"chrome":{"4":0.005076,"5":0.007614,"6":0.005076,"7":null,"8":null,"9":null,"10":0.005076,"11":0.32994,"12":null,"13":0.01269,"14":0.002538,"15":null,"16":null,"17":0.005076,"18":null,"19":0.002538,"20":0.007614,"21":null,"22":null,"23":null,"24":null,"25":0.002538,"26":0.010152,"27":0.020304,"28":0.11421,"29":0.005076,"30":0.030456,"31":0.032994,"32":0.035532,"33":0.017766,"34":0.007614,"35":0.002538,"36":null,"37":null,"38":0.015228,"39":0.002538,"40":0.065988,"41":0.005076,"42":0.005076,"43":0.560898,"44":0.007614,"45":0.058374,"46":0.010152,"47":0.159894,"48":0.030456,"49":0.200502,"50":0.01269,"51":0.093906,"52":0.068526,"53":0.119286,"54":4.13694,"55":3.136968,"56":0.065988,"57":0.005076,"58":null},"firefox":{"2":null,"3":0.083754,"3.5":0.035532,"3.6":0.078678,"4":0.276642,"5":0.091368,"6":0.043146,"7":0.06345,"8":0.045684,"9":0.035532,"10":0.116748,"11":0.16497,"12":0.172584,"13":0.053298,"14":0.043146,"15":0.121824,"16":0.055836,"17":0.081216,"18":0.071064,"19":0.035532,"20":0.06345,"21":0.043146,"22":0.015228,"23":0.020304,"24":0.02538,"25":0.01269,"26":0.005076,"27":0.02538,"28":0.007614,"29":0.083754,"30":0.05076,"31":0.020304,"32":0.01269,"33":0.060912,"34":0.068526,"35":0.08883,"36":0.055836,"37":0.015228,"38":0.03807,"39":0.08883,"40":0.111672,"41":0.142128,"42":0.055836,"43":0.337554,"44":0.390852,"45":0.060912,"46":0.157356,"47":0.781704,"48":0.31725,"49":0.446688,"50":4.109022,"51":0.543132,"52":0.007614,"53":null},"opera":{"9":null,"9.5-9.6":null,"10.0-10.1":0,"10.5":null,"10.6":0.002538,"11":null,"11.1":null,"11.5":null,"11.6":null,"12":null,"12.1":0.02538,"15":null,"16":null,"17":null,"18":0.005076,"19":0.020304,"20":0.005076,"21":null,"22":null,"23":null,"24":null,"25":null,"26":null,"27":null,"28":null,"29":null,"30":0.065988,"31":null,"32":null,"33":0.007614,"34":0.002538,"35":null,"36":0.007614,"37":0.048222,"38":0.002538,"39":0.005076,"40":0.020304,"41":0.408618,"42":0.104058,"43":null,"44":null},"safari":{"3.1":null,"3.2":null,"4":0,"5":0.010152,"5.1":0.07614,"6":0.07614,"6.1":0.053298,"7":0.015228,"7.1":null,"8":0.073602,"9":0.129438,"9.1":0.220806,"10":0.390852,"0":null},"ios_saf":{"3.2":0,"4.0-4.1":0,"4.2-4.3":0,"5.0-5.1":0,"6.0-6.1":0,"7.0-7.1":0.052331890094,"8":0,"8.1-8.4":0.0794435921909,"9.0-9.2":0.0532776471439,"9.3":0.337635266811,"10.0-10.2":2.52926960376},"android":{"2.1":0,"2.2":0,"2.3":0,"3":0,"4":0.155643202703,"4.1":0.511399094595,"4.2-4.3":1.46431666216,"4.4":3.37650458108,"4.4.3-4.4.4":2.01383245946,"53":null},"op_mob":{"10":0,"11":0,"11.1":0,"11.5":0,"12":0,"12.1":0,"0":1.44811090293},"ie":{"5.5":null,"6":0.00509376377953,"7":0.0127344094488,"8":0.667283055118,"9":0.338735291339,"10":0.142625385827,"11":1.74461409449},"edge":{"12":0.205578,"13":0.167508,"14":0.137052,"15":null},"bb":{"7":0.0205205,"10":null},"ie_mob":{"10":0.0984984,"11":0.3939936},"and_ff":{"0":0.022386},"samsung":{"0":3.939936},"and_uc":{"0":12.692862},"op_mini":{"0":18.9828450971},"and_chr":{"0":26.31232}},"total":99.0402765}