{"id":"TM","name":"Turkmenistan","month":"2016-12","access_date":"2017-01-17","data":{"chrome":{"4":0.017315,"5":0.020778,"6":0.006926,"7":null,"8":0.058871,"9":0.017315,"10":0.006926,"11":0.096964,"12":0.166224,"13":0.020778,"14":null,"15":0.013852,"16":0.020778,"17":0.010389,"18":0.020778,"19":0.013852,"20":0.117742,"21":0.006926,"22":0.013852,"23":0.187002,"24":0.006926,"25":0.003463,"26":0.003463,"27":0.010389,"28":0.017315,"29":0.093501,"30":0.114279,"31":0.048482,"32":0.006926,"33":0.013852,"34":0.006926,"35":0.017315,"36":null,"37":0.017315,"38":0.031167,"39":0.031167,"40":0.010389,"41":0.027704,"42":0.006926,"43":0.045019,"44":0.013852,"45":0.283966,"46":0.013852,"47":0.124668,"48":0.045019,"49":0.595636,"50":0.117742,"51":0.117742,"52":1.586054,"53":1.55835,"54":5.488855,"55":8.307737,"56":0.020778,"57":0.06926,"58":null},"firefox":{"2":0.041556,"3":0.027704,"3.5":null,"3.6":0.06926,"4":0.006926,"5":null,"6":0.003463,"7":0.003463,"8":null,"9":0.003463,"10":null,"11":null,"12":0.010389,"13":0.010389,"14":0.006926,"15":null,"16":0.003463,"17":0.017315,"18":null,"19":0.006926,"20":null,"21":0.024241,"22":null,"23":null,"24":0.013852,"25":0.003463,"26":0.038093,"27":0.058871,"28":0.020778,"29":0.051945,"30":0.006926,"31":0.006926,"32":0.010389,"33":0.13852,"34":null,"35":0.006926,"36":0.003463,"37":0.128131,"38":0.114279,"39":0.006926,"40":0.041556,"41":0.010389,"42":0.013852,"43":0.086575,"44":0.03463,"45":0.065797,"46":0.017315,"47":0.294355,"48":0.457116,"49":0.152372,"50":1.374811,"51":0.013852,"52":null,"53":0.010389},"opera":{"9":null,"9.5-9.6":null,"10.0-10.1":0,"10.5":null,"10.6":0.003463,"11":0.006926,"11.1":0.027704,"11.5":0.228558,"11.6":0.010389,"12":0.010389,"12.1":0.110816,"15":0.006926,"16":0.038093,"17":null,"18":0.020778,"19":0.006926,"20":0.013852,"21":0.006926,"22":null,"23":0.003463,"24":0.006926,"25":null,"26":null,"27":null,"28":0.010389,"29":0.020778,"30":0.013852,"31":0.287429,"32":null,"33":0.010389,"34":0.038093,"35":0.090038,"36":0.006926,"37":0.010389,"38":0.031167,"39":0.024241,"40":0.017315,"41":0.141983,"42":0.013852,"43":null,"44":null},"safari":{"3.1":null,"3.2":null,"4":0.041556,"5":0.055408,"5.1":0.017315,"6":null,"6.1":null,"7":0.006926,"7.1":0.013852,"8":0.010389,"9":0.006926,"9.1":0.131594,"10":0.114279,"0":null},"ios_saf":{"3.2":0,"4.0-4.1":0,"4.2-4.3":0,"5.0-5.1":0,"6.0-6.1":0,"7.0-7.1":0.0979665435389,"8":0,"8.1-8.4":0.148720295011,"9.0-9.2":0.0997370232414,"9.3":0.632061253796,"10.0-10.2":4.73485288441},"android":{"2.1":0,"2.2":0,"2.3":0,"3":0,"4":0.318283990287,"4.1":1.0457902538,"4.2-4.3":2.99446774535,"4.4":6.90481391174,"4.4.3-4.4.4":4.11820509882,"53":null},"op_mob":{"10":0,"11":0,"11.1":0,"11.5":0,"12":0,"12.1":0,"0":0.0440164714946},"ie":{"5.5":null,"6":0.00862835016835,"7":0.0215708754209,"8":1.44956282828,"9":0.336505656566,"10":0.539271885522,"11":1.48407622896},"edge":{"12":0.024241,"13":0.027704,"14":0.169687,"15":null},"bb":{"7":0.02451375,"10":null},"ie_mob":{"10":0.0679848,"11":0.2719392},"and_ff":{"0":0.071907},"samsung":{"0":12.041154},"and_uc":{"0":0.751755},"op_mini":{"0":0.576998528505},"and_chr":{"0":28.279717}},"total":91.9946375749}