{"id":"TO","name":"Tonga","month":"2016-12","access_date":"2017-01-17","data":{"chrome":{"4":null,"5":null,"6":null,"7":null,"8":null,"9":null,"10":0.085215,"11":null,"12":null,"13":null,"14":null,"15":null,"16":null,"17":null,"18":null,"19":null,"20":null,"21":null,"22":null,"23":null,"24":null,"25":null,"26":null,"27":null,"28":null,"29":0.019665,"30":0.006555,"31":null,"32":0.02622,"33":0.019665,"34":null,"35":0.01311,"36":1.448655,"37":null,"38":0.019665,"39":null,"40":0.01311,"41":0.032775,"42":0.019665,"43":0.124545,"44":0.01311,"45":0.517845,"46":0.14421,"47":null,"48":0.02622,"49":0.439185,"50":0.308085,"51":0.058995,"52":0.176985,"53":0.17043,"54":9.49164,"55":6.705765,"56":0.02622,"57":null,"58":null},"firefox":{"2":null,"3":null,"3.5":null,"3.6":null,"4":null,"5":0.006555,"6":null,"7":null,"8":null,"9":null,"10":null,"11":null,"12":0.019665,"13":0.006555,"14":null,"15":null,"16":0.058995,"17":null,"18":0.058995,"19":null,"20":null,"21":null,"22":null,"23":null,"24":null,"25":null,"26":null,"27":null,"28":null,"29":null,"30":0.01311,"31":0.05244,"32":null,"33":null,"34":null,"35":0.045885,"36":null,"37":0.019665,"38":0.07866,"39":null,"40":0.019665,"41":0.124545,"42":0.045885,"43":0.30153,"44":0.190095,"45":0.06555,"46":0.01311,"47":0.229425,"48":0.294975,"49":0.57684,"50":32.322705,"51":2.366355,"52":null,"53":null},"opera":{"9":null,"9.5-9.6":null,"10.0-10.1":0,"10.5":null,"10.6":null,"11":null,"11.1":null,"11.5":null,"11.6":null,"12":null,"12.1":0.03933,"15":null,"16":null,"17":null,"18":null,"19":null,"20":null,"21":null,"22":null,"23":null,"24":null,"25":null,"26":null,"27":null,"28":null,"29":null,"30":null,"31":null,"32":null,"33":null,"34":null,"35":null,"36":null,"37":null,"38":null,"39":null,"40":null,"41":0.05244,"42":0.019665,"43":null,"44":null},"safari":{"3.1":null,"3.2":null,"4":0,"5":0.03933,"5.1":0.02622,"6":null,"6.1":0.045885,"7":0.216315,"7.1":null,"8":0.22287,"9":0.072105,"9.1":0.17043,"10":1.07502,"0":null},"ios_saf":{"3.2":0,"4.0-4.1":0,"4.2-4.3":0,"5.0-5.1":0,"6.0-6.1":0,"7.0-7.1":0.0870712095858,"8":0,"8.1-8.4":0.132180390456,"9.0-9.2":0.0886447856626,"9.3":0.561766659436,"10.0-10.2":4.20826695486},"android":{"2.1":0,"2.2":0,"2.3":0,"3":0,"4":0.0364983783784,"4.1":0.119923243243,"4.2-4.3":0.343382702703,"4.4":0.791791351351,"4.4.3-4.4.4":0.472244324324,"53":null},"op_mob":{"10":0,"11":0,"11.1":0,"11.5":0,"12":0,"12.1":0,"0":0.173608890601},"ie":{"5.5":null,"6":null,"7":null,"8":0.643988058691,"9":0.0479565575621,"10":0.23978278781,"11":2.10323759594},"edge":{"12":0.255645,"13":0.20976,"14":1.055355,"15":null},"bb":{"7":0,"10":null},"ie_mob":{"10":0.135044,"11":0.540176},"and_ff":{"0":0.01378},"samsung":{"0":1.953315},"and_uc":{"0":2.23925},"op_mini":{"0":2.2757861094},"and_chr":{"0":21.152765}},"total":98.67957}