{"id":"TR","name":"Turkey","month":"2016-12","access_date":"2017-01-17","data":{"chrome":{"4":null,"5":null,"6":null,"7":null,"8":null,"9":null,"10":null,"11":0.028808,"12":null,"13":null,"14":null,"15":0.007202,"16":0.007202,"17":null,"18":0.007202,"19":null,"20":null,"21":0.007202,"22":0.158444,"23":0.007202,"24":0.003601,"25":0.010803,"26":0.057616,"27":0.007202,"28":0.007202,"29":0.010803,"30":0.007202,"31":0.018005,"32":0.007202,"33":0.014404,"34":0.075621,"35":0.021606,"36":0.010803,"37":0.014404,"38":0.050414,"39":0.03601,"40":0.025207,"41":0.021606,"42":0.021606,"43":0.086424,"44":0.079222,"45":0.050414,"46":0.097227,"47":0.111631,"48":0.162045,"49":1.994954,"50":0.118833,"51":0.270075,"52":0.309686,"53":0.532948,"54":11.357554,"55":12.873575,"56":0.03601,"57":0.010803,"58":null},"firefox":{"2":null,"3":null,"3.5":null,"3.6":null,"4":null,"5":null,"6":null,"7":null,"8":null,"9":null,"10":null,"11":null,"12":null,"13":null,"14":null,"15":null,"16":null,"17":null,"18":null,"19":null,"20":null,"21":null,"22":null,"23":null,"24":null,"25":null,"26":null,"27":null,"28":null,"29":null,"30":null,"31":null,"32":null,"33":0.003601,"34":0.007202,"35":0.003601,"36":0.007202,"37":0.007202,"38":0.007202,"39":0.007202,"40":0.007202,"41":0.007202,"42":0.007202,"43":0.032409,"44":0.032409,"45":0.018005,"46":0.018005,"47":0.075621,"48":0.046813,"49":0.054015,"50":1.191931,"51":0.010803,"52":null,"53":null},"opera":{"9":null,"9.5-9.6":null,"10.0-10.1":0,"10.5":null,"10.6":null,"11":null,"11.1":null,"11.5":null,"11.6":null,"12":null,"12.1":0.007202,"15":null,"16":null,"17":null,"18":null,"19":null,"20":null,"21":null,"22":null,"23":null,"24":null,"25":0.003601,"26":null,"27":null,"28":null,"29":null,"30":null,"31":0.007202,"32":null,"33":null,"34":null,"35":null,"36":0.010803,"37":0.003601,"38":0.007202,"39":null,"40":null,"41":0.122434,"42":0.075621,"43":null,"44":null},"safari":{"3.1":null,"3.2":null,"4":0,"5":0.003601,"5.1":0.010803,"6":null,"6.1":0.007202,"7":0.010803,"7.1":null,"8":0.021606,"9":0.018005,"9.1":0.07202,"10":0.198055,"0":null},"ios_saf":{"3.2":0,"4.0-4.1":0,"4.2-4.3":0,"5.0-5.1":0,"6.0-6.1":0,"7.0-7.1":0.170620170437,"8":0,"8.1-8.4":0.259013752711,"9.0-9.2":0.173703667493,"9.3":1.10080844902,"10.0-10.2":8.24629896033},"android":{"2.1":0,"2.2":0,"2.3":0,"3":0,"4":0.106856274071,"4.1":0.351099186233,"4.2-4.3":1.00532127238,"4.4":2.31812692525,"4.4.3-4.4.4":1.38258934206,"53":null},"op_mob":{"10":0,"11":0,"11.1":0,"11.5":0,"12":0,"12.1":0,"0":0.0507976086287},"ie":{"5.5":null,"6":null,"7":0.0072608719346,"8":0.225087029973,"9":0.170630490463,"10":0.177891362398,"11":2.08023980926},"edge":{"12":0.039611,"13":0.118833,"14":0.565357,"15":null},"bb":{"7":0.00479925,"10":null},"ie_mob":{"10":0.089586,"11":0.358344},"and_ff":{"0":0.012798},"samsung":{"0":7.0389},"and_uc":{"0":0.19197},"op_mini":{"0":0.665890391371},"and_chr":{"0":40.123022}},"total":97.896025814}