{"id":"TV","name":"Tuvalu","month":"2016-12","access_date":"2017-01-17","data":{"chrome":{"4":null,"5":null,"6":null,"7":null,"8":null,"9":null,"10":null,"11":null,"12":null,"13":null,"14":null,"15":null,"16":0.161557,"17":null,"18":0.161557,"19":null,"20":0.646228,"21":null,"22":null,"23":null,"24":null,"25":null,"26":null,"27":null,"28":null,"29":null,"30":null,"31":null,"32":null,"33":0.08503,"34":null,"35":null,"36":0.246587,"37":null,"38":null,"39":null,"40":null,"41":0.646228,"42":null,"43":null,"44":null,"45":null,"46":null,"47":null,"48":0.408144,"49":0.646228,"50":0.484671,"51":0.408144,"52":1.777127,"53":2.346828,"54":11.411026,"55":18.851151,"56":0.569701,"57":null,"58":null},"firefox":{"2":null,"3":null,"3.5":null,"3.6":null,"4":0.323114,"5":0.408144,"6":0.161557,"7":null,"8":null,"9":null,"10":null,"11":null,"12":null,"13":null,"14":null,"15":null,"16":null,"17":null,"18":null,"19":0.569701,"20":null,"21":null,"22":null,"23":null,"24":null,"25":null,"26":null,"27":null,"28":null,"29":null,"30":null,"31":null,"32":null,"33":null,"34":null,"35":null,"36":null,"37":null,"38":0.323114,"39":null,"40":null,"41":null,"42":null,"43":null,"44":null,"45":0.731258,"46":1.7006,"47":17.881809,"48":0.646228,"49":2.423355,"50":8.494497,"51":0.161557,"52":null,"53":null},"opera":{"9":null,"9.5-9.6":null,"10.0-10.1":0,"10.5":null,"10.6":null,"11":null,"11.1":null,"11.5":null,"11.6":null,"12":null,"12.1":null,"15":null,"16":null,"17":null,"18":null,"19":null,"20":null,"21":null,"22":null,"23":null,"24":null,"25":null,"26":null,"27":null,"28":null,"29":null,"30":null,"31":null,"32":null,"33":null,"34":null,"35":null,"36":null,"37":null,"38":null,"39":null,"40":null,"41":null,"42":null,"43":null,"44":null},"safari":{"3.1":null,"3.2":null,"4":0,"5":null,"5.1":0.161557,"6":null,"6.1":null,"7":null,"7.1":null,"8":0.08503,"9":null,"9.1":0.161557,"10":2.916529,"0":null},"ios_saf":{"3.2":0,"4.0-4.1":0,"4.2-4.3":0,"5.0-5.1":0,"6.0-6.1":0,"7.0-7.1":0.114483929346,"8":0,"8.1-8.4":0.173794880694,"9.0-9.2":0.116552916021,"9.3":0.73862824295,"10.0-10.2":5.53316003099},"android":{"2.1":0,"2.2":0,"2.3":0,"3":0,"4":0.0200419725507,"4.1":0.0658521955236,"4.2-4.3":0.188558149916,"4.4":0.434788098395,"4.4.3-4.4.4":0.259318583615,"53":null},"op_mob":{"10":0,"11":0,"11.1":0,"11.5":0,"12":0,"12.1":0,"0":0.0152790878274},"ie":{"5.5":null,"6":null,"7":0.0868934025375,"8":0.165097464821,"9":0.251990867359,"10":0.825487324106,"11":6.20418894118},"edge":{"12":null,"13":null,"14":0.323114,"15":null},"bb":{"7":0,"10":null},"ie_mob":{"10":0.0431136,"11":0.1724544},"and_ff":{"0":0.107784},"samsung":{"0":0.215568},"and_uc":{"0":null},"op_mini":{"0":0.200288912173},"and_chr":{"0":6.653866}},"total":98.910119}