{"id":"UA","name":"Ukraine","month":"2016-12","access_date":"2017-01-17","data":{"chrome":{"4":0.016818,"5":0.008409,"6":0.008409,"7":null,"8":0.008409,"9":0.008409,"10":0.008409,"11":0.058863,"12":0.025227,"13":0.033636,"14":0.025227,"15":0.016818,"16":0.025227,"17":0.033636,"18":0.058863,"19":0.016818,"20":0.025227,"21":0.033636,"22":0.058863,"23":0.033636,"24":0.033636,"25":0.033636,"26":0.033636,"27":0.033636,"28":0.025227,"29":0.016818,"30":0.008409,"31":0.050454,"32":0.016818,"33":0.016818,"34":0.025227,"35":0.025227,"36":0.025227,"37":0.025227,"38":0.033636,"39":0.08409,"40":0.050454,"41":0.075681,"42":0.042045,"43":0.33636,"44":0.033636,"45":0.100908,"46":0.058863,"47":0.109317,"48":0.218634,"49":3.212238,"50":0.218634,"51":1.084761,"52":0.454086,"53":0.563403,"54":20.837502,"55":20.660913,"56":0.25227,"57":0.134544,"58":null},"firefox":{"2":0.016818,"3":0.050454,"3.5":0.067272,"3.6":0.235452,"4":0.016818,"5":0.008409,"6":null,"7":null,"8":null,"9":0.008409,"10":0.008409,"11":0.008409,"12":0.033636,"13":0.008409,"14":0.008409,"15":0.016818,"16":0.050454,"17":0.008409,"18":0.008409,"19":0.016818,"20":0.016818,"21":0.016818,"22":0.008409,"23":0.008409,"24":0.025227,"25":0.016818,"26":0.008409,"27":null,"28":0.025227,"29":null,"30":0.016818,"31":0.025227,"32":0.016818,"33":0.033636,"34":0.025227,"35":0.033636,"36":0.050454,"37":0.016818,"38":0.109317,"39":0.025227,"40":0.025227,"41":0.033636,"42":0.042045,"43":0.201816,"44":0.042045,"45":0.25227,"46":0.16818,"47":0.630675,"48":0.395223,"49":0.285906,"50":8.383773,"51":0.075681,"52":0.025227,"53":null},"opera":{"9":null,"9.5-9.6":0.008409,"10.0-10.1":0,"10.5":0.008409,"10.6":0.033636,"11":0.016818,"11.1":0.016818,"11.5":0.025227,"11.6":0.193407,"12":0.109317,"12.1":2.489064,"15":0.016818,"16":0.008409,"17":0.008409,"18":0.016818,"19":null,"20":0.025227,"21":0.008409,"22":0.008409,"23":null,"24":null,"25":0.025227,"26":0.016818,"27":0.042045,"28":0.016818,"29":0.016818,"30":0.033636,"31":0.025227,"32":0.016818,"33":0.025227,"34":0.033636,"35":0.042045,"36":0.765219,"37":0.126135,"38":0.201816,"39":0.075681,"40":0.100908,"41":4.179273,"42":2.10225,"43":0.016818,"44":null},"safari":{"3.1":null,"3.2":null,"4":0.033636,"5":0.058863,"5.1":0.042045,"6":0.016818,"6.1":0.016818,"7":0.016818,"7.1":null,"8":0.050454,"9":0.067272,"9.1":0.327951,"10":1.252941,"0":null},"ios_saf":{"3.2":0,"4.0-4.1":0,"4.2-4.3":0,"5.0-5.1":0,"6.0-6.1":0,"7.0-7.1":0.0463501801467,"8":0,"8.1-8.4":0.0703629240781,"9.0-9.2":0.0471878340048,"9.3":0.299042427332,"10.0-10.2":2.24016563444},"android":{"2.1":0,"2.2":0,"2.3":0,"3":0,"4":0.0264691875,"4.1":0.0869701875,"4.2-4.3":0.2490264375,"4.4":0.5742193125,"4.4.3-4.4.4":0.342478875,"53":null},"op_mob":{"10":0,"11":0,"11.1":0,"11.5":0,"12":0,"12.1":0,"0":0.131825013867},"ie":{"5.5":null,"6":0.017562159292,"7":0.0263432389381,"8":0.412710743363,"9":0.140497274336,"10":0.237089150442,"11":1.15032143363},"edge":{"12":0.025227,"13":0.151362,"14":0.630675,"15":null},"bb":{"7":0.00676175,"10":null},"ie_mob":{"10":0.0480482,"11":0.1921928},"and_ff":{"0":0.009546},"samsung":{"0":0.677766},"and_uc":{"0":0.615717},"op_mini":{"0":1.72805398613},"and_chr":{"0":8.554084}},"total":92.52703075}