{"id":"US","name":"United States of America","month":"2016-12","access_date":"2017-01-17","data":{"chrome":{"4":null,"5":null,"6":null,"7":null,"8":null,"9":null,"10":0.005401,"11":0.016203,"12":null,"13":null,"14":null,"15":null,"16":null,"17":null,"18":0.016203,"19":null,"20":null,"21":0.010802,"22":0.005401,"23":0.010802,"24":null,"25":0.010802,"26":null,"27":0.027005,"28":null,"29":0.016203,"30":null,"31":0.016203,"32":0.016203,"33":0.016203,"34":0.027005,"35":0.016203,"36":0.043208,"37":0.037807,"38":0.043208,"39":0.037807,"40":0.048609,"41":0.151228,"42":0.086416,"43":0.27005,"44":0.124223,"45":0.086416,"46":0.059411,"47":0.064812,"48":0.194436,"49":1.036992,"50":0.189035,"51":0.783145,"52":0.399674,"53":0.599511,"54":13.345871,"55":10.558955,"56":0.064812,"57":0.05401,"58":null},"firefox":{"2":null,"3":0.021604,"3.5":null,"3.6":0.016203,"4":null,"5":null,"6":null,"7":null,"8":null,"9":null,"10":null,"11":0.010802,"12":0.005401,"13":null,"14":null,"15":null,"16":0.010802,"17":null,"18":null,"19":null,"20":null,"21":0.016203,"22":null,"23":null,"24":0.010802,"25":0.005401,"26":null,"27":0.005401,"28":0.010802,"29":0.010802,"30":0.005401,"31":0.032406,"32":null,"33":0.016203,"34":0.005401,"35":0.016203,"36":0.027005,"37":0.021604,"38":0.081015,"39":0.021604,"40":0.021604,"41":0.043208,"42":0.021604,"43":0.097218,"44":0.027005,"45":0.243045,"46":0.124223,"47":0.383471,"48":0.356466,"49":0.334862,"50":4.990524,"51":0.037807,"52":null,"53":null},"opera":{"9":null,"9.5-9.6":null,"10.0-10.1":0,"10.5":null,"10.6":null,"11":null,"11.1":null,"11.5":null,"11.6":null,"12":null,"12.1":0.032406,"15":null,"16":null,"17":null,"18":null,"19":null,"20":null,"21":null,"22":null,"23":null,"24":null,"25":null,"26":null,"27":null,"28":0.010802,"29":null,"30":null,"31":null,"32":null,"33":null,"34":null,"35":null,"36":0.010802,"37":0.005401,"38":0.091817,"39":0.005401,"40":null,"41":0.118822,"42":0.043208,"43":null,"44":null},"safari":{"3.1":null,"3.2":null,"4":0.027005,"5":0.048609,"5.1":0.129624,"6":0.010802,"6.1":0.081015,"7":0.048609,"7.1":0.016203,"8":0.210639,"9":0.232243,"9.1":1.204423,"10":3.056966,"0":null},"ios_saf":{"3.2":0,"4.0-4.1":0,"4.2-4.3":0,"5.0-5.1":0,"6.0-6.1":0,"7.0-7.1":0.407227887202,"8":0,"8.1-8.4":0.618201370933,"9.0-9.2":0.414587427332,"9.3":2.62735582646,"10.0-10.2":19.6818634881},"android":{"2.1":0,"2.2":0,"2.3":0,"3":0,"4":0.0148457584459,"4.1":0.0487789206081,"4.2-4.3":0.139671319257,"4.4":0.322062065878,"4.4.3-4.4.4":0.192085935811,"53":null},"op_mob":{"10":0,"11":0,"11.1":0,"11.5":0,"12":0,"12.1":0,"0":0.00880116795069},"ie":{"5.5":null,"6":0.0438353888889,"7":0.0438353888889,"8":0.416436194444,"9":0.356162534722,"10":0.273971180556,"11":7.52872804167},"edge":{"12":0.064812,"13":0.318659,"14":2.765312,"15":null},"bb":{"7":0.013797,"10":null},"ie_mob":{"10":0.0395514,"11":0.1582056},"and_ff":{"0":0.059787},"samsung":{"0":2.98935},"and_uc":{"0":0.344925},"op_mini":{"0":0.115371832049},"and_chr":{"0":17.866037}},"total":98.7814317292}