{"id":"UY","name":"Uruguay","month":"2016-12","access_date":"2017-01-17","data":{"chrome":{"4":null,"5":0.006582,"6":null,"7":null,"8":null,"9":null,"10":null,"11":0.019746,"12":null,"13":null,"14":null,"15":null,"16":null,"17":null,"18":0.039492,"19":null,"20":null,"21":null,"22":0.019746,"23":null,"24":null,"25":null,"26":0.019746,"27":0.019746,"28":null,"29":null,"30":0.006582,"31":0.013164,"32":0.072402,"33":null,"34":0.03291,"35":0.039492,"36":0.29619,"37":0.026328,"38":0.039492,"39":0.118476,"40":0.026328,"41":0.013164,"42":0.046074,"43":0.144804,"44":0.052656,"45":0.026328,"46":0.842496,"47":0.138222,"48":4.943082,"49":2.69862,"50":0.315936,"51":0.487068,"52":0.269862,"53":0.36201,"54":19.041726,"55":19.410318,"56":0.072402,"57":0.039492,"58":null},"firefox":{"2":null,"3":0.039492,"3.5":null,"3.6":0.06582,"4":null,"5":null,"6":null,"7":null,"8":null,"9":null,"10":null,"11":null,"12":0.013164,"13":null,"14":null,"15":null,"16":0.026328,"17":0.111894,"18":null,"19":null,"20":0.046074,"21":null,"22":null,"23":null,"24":null,"25":0.513396,"26":null,"27":0.190878,"28":0.013164,"29":0.013164,"30":0.013164,"31":null,"32":0.013164,"33":0.579216,"34":0.006582,"35":0.085566,"36":null,"37":0.019746,"38":0.16455,"39":0.026328,"40":0.105312,"41":0.019746,"42":0.019746,"43":0.276444,"44":0.026328,"45":0.250116,"46":0.06582,"47":0.36201,"48":0.217206,"49":0.23037,"50":4.949664,"51":0.026328,"52":0.013164,"53":null},"opera":{"9":null,"9.5-9.6":null,"10.0-10.1":0,"10.5":null,"10.6":null,"11":null,"11.1":null,"11.5":null,"11.6":null,"12":null,"12.1":0.013164,"15":null,"16":null,"17":null,"18":null,"19":null,"20":null,"21":null,"22":null,"23":null,"24":null,"25":null,"26":null,"27":null,"28":null,"29":null,"30":null,"31":null,"32":null,"33":null,"34":null,"35":null,"36":0.03291,"37":0.03291,"38":0.072402,"39":null,"40":null,"41":0.276444,"42":0.151386,"43":null,"44":null},"safari":{"3.1":null,"3.2":null,"4":0,"5":null,"5.1":0.019746,"6":null,"6.1":0.026328,"7":null,"7.1":null,"8":0.092148,"9":0.06582,"9.1":0.276444,"10":0.82275,"0":null},"ios_saf":{"3.2":0,"4.0-4.1":0,"4.2-4.3":0,"5.0-5.1":0,"6.0-6.1":0,"7.0-7.1":0.0633742251833,"8":0,"8.1-8.4":0.0962066550976,"9.0-9.2":0.0645195425059,"9.3":0.408878284165,"10.0-10.2":3.06296029305},"android":{"2.1":0,"2.2":0,"2.3":0,"3":0,"4":0.0391943302365,"4.1":0.128781370777,"4.2-4.3":0.368746657939,"4.4":0.850277000845,"4.4.3-4.4.4":0.507126640203,"53":null},"op_mob":{"10":0,"11":0,"11.1":0,"11.5":0,"12":0,"12.1":0,"0":0.0644605300462},"ie":{"5.5":null,"6":null,"7":null,"8":0.299710604651,"9":0.149855302326,"10":0.102174069767,"11":1.20565402326},"edge":{"12":0.059238,"13":0.138222,"14":0.612126,"15":null},"bb":{"7":0.023933,"10":null},"ie_mob":{"10":0.420537,"11":1.682148},"and_ff":{"0":0.099151},"samsung":{"0":1.767623},"and_uc":{"0":0.153855},"op_mini":{"0":0.844993469954},"and_chr":{"0":24.389422}},"total":97.690246}