{"id":"UZ","name":"Uzbekistan","month":"2016-12","access_date":"2017-01-17","data":{"chrome":{"4":0.037568,"5":0.065744,"6":0.014088,"7":0.02348,"8":0.028176,"9":0.018784,"10":0.018784,"11":0.065744,"12":0.145576,"13":0.07044,"14":0.032872,"15":0.037568,"16":0.319328,"17":0.089224,"18":0.108008,"19":0.042264,"20":0.089224,"21":0.089224,"22":0.051656,"23":0.084528,"24":0.04696,"25":0.07044,"26":0.037568,"27":0.079832,"28":0.032872,"29":0.018784,"30":0.028176,"31":0.108008,"32":0.02348,"33":0.014088,"34":0.018784,"35":0.07044,"36":0.02348,"37":0.037568,"38":0.04696,"39":0.178448,"40":0.14088,"41":0.065744,"42":0.051656,"43":0.122096,"44":0.028176,"45":0.098616,"46":0.04696,"47":0.075136,"48":0.079832,"49":2.446616,"50":0.09392,"51":0.262976,"52":0.225408,"53":0.309936,"54":11.359624,"55":12.331696,"56":0.04696,"57":0.056352,"58":null},"firefox":{"2":0.02348,"3":0.079832,"3.5":0.206624,"3.6":0.464904,"4":0.037568,"5":0.018784,"6":null,"7":0.004696,"8":0.004696,"9":0.014088,"10":0.018784,"11":0.014088,"12":0.028176,"13":0.014088,"14":0.018784,"15":0.014088,"16":0.02348,"17":0.037568,"18":0.018784,"19":0.018784,"20":0.009392,"21":0.051656,"22":0.014088,"23":0.009392,"24":0.02348,"25":0.018784,"26":0.018784,"27":0.004696,"28":0.014088,"29":0.014088,"30":0.061048,"31":0.014088,"32":0.032872,"33":0.028176,"34":0.037568,"35":0.02348,"36":0.032872,"37":0.02348,"38":0.037568,"39":0.042264,"40":0.122096,"41":0.028176,"42":0.079832,"43":0.286456,"44":0.028176,"45":0.056352,"46":0.065744,"47":0.319328,"48":0.169056,"49":0.206624,"50":2.855168,"51":0.014088,"52":null,"53":0.004696},"opera":{"9":null,"9.5-9.6":0.028176,"10.0-10.1":0.014088,"10.5":0.032872,"10.6":0.089224,"11":0.02348,"11.1":0.075136,"11.5":0.061048,"11.6":0.112704,"12":0.201928,"12.1":0.990856,"15":0.014088,"16":null,"17":0.009392,"18":0.014088,"19":0.014088,"20":0.014088,"21":0.014088,"22":0.009392,"23":0.009392,"24":0.014088,"25":0.014088,"26":0.02348,"27":0.131488,"28":0.009392,"29":0.009392,"30":0.018784,"31":0.009392,"32":0.009392,"33":0.009392,"34":0.02348,"35":0.032872,"36":0.25828,"37":0.018784,"38":0.042264,"39":0.032872,"40":0.037568,"41":1.483936,"42":0.732576,"43":0.02348,"44":null},"safari":{"3.1":0.004696,"3.2":null,"4":0.04696,"5":0.065744,"5.1":0.04696,"6":0.014088,"6.1":null,"7":null,"7.1":null,"8":0.028176,"9":0.014088,"9.1":0.122096,"10":0.21132,"0":null},"ios_saf":{"3.2":0,"4.0-4.1":0,"4.2-4.3":0,"5.0-5.1":0,"6.0-6.1":0,"7.0-7.1":0.0762906747237,"8":0,"8.1-8.4":0.115814759219,"9.0-9.2":0.0776694218572,"9.3":0.492212726681,"10.0-10.2":3.68722941752},"android":{"2.1":0,"2.2":0,"2.3":0,"3":0,"4":0.108415893581,"4.1":0.356223650338,"4.2-4.3":1.01999442736,"4.4":2.35196111993,"4.4.3-4.4.4":1.40276890878,"53":null},"op_mob":{"10":0,"11":0,"11.1":0,"11.5":0,"12":0,"12.1":0,"0":0.448409913713},"ie":{"5.5":null,"6":0.0196348432056,"7":0.0147261324042,"8":0.427057839721,"9":0.137443902439,"10":0.14235261324,"11":0.66758466899},"edge":{"12":0.056352,"13":0.150272,"14":0.154968,"15":null},"bb":{"7":0.00397725,"10":null},"ie_mob":{"10":0.0498482,"11":0.1993928},"and_ff":{"0":0.026515},"samsung":{"0":3.314375},"and_uc":{"0":19.005952},"op_mini":{"0":5.87806908629},"and_chr":{"0":12.711319}},"total":94.23379125}