{"id":"VA","name":"Holy See (Vatican City State)","month":"2016-12","access_date":"2017-01-17","data":{"chrome":{"4":null,"5":null,"6":null,"7":null,"8":null,"9":null,"10":null,"11":null,"12":null,"13":null,"14":null,"15":null,"16":0.017876,"17":null,"18":0.026814,"19":null,"20":null,"21":null,"22":0.125132,"23":null,"24":null,"25":null,"26":null,"27":null,"28":null,"29":null,"30":null,"31":0.053628,"32":null,"33":null,"34":null,"35":null,"36":null,"37":0.017876,"38":null,"39":null,"40":null,"41":0.008938,"42":null,"43":0.071504,"44":null,"45":null,"46":null,"47":null,"48":null,"49":2.50264,"50":0.04469,"51":null,"52":0.13407,"53":0.71504,"54":21.8981,"55":13.523194,"56":0.241326,"57":null,"58":null},"firefox":{"2":null,"3":null,"3.5":null,"3.6":0.053628,"4":0.008938,"5":null,"6":null,"7":null,"8":null,"9":null,"10":null,"11":null,"12":null,"13":null,"14":null,"15":0.080442,"16":null,"17":null,"18":null,"19":null,"20":null,"21":0.017876,"22":null,"23":null,"24":null,"25":null,"26":null,"27":null,"28":null,"29":null,"30":1.179816,"31":null,"32":0.035752,"33":0.017876,"34":null,"35":0.035752,"36":0.187698,"37":null,"38":0.026814,"39":0.026814,"40":null,"41":null,"42":0.062566,"43":0.008938,"44":null,"45":null,"46":0.22345,"47":0.008938,"48":0.420086,"49":0.169822,"50":17.11627,"51":null,"52":null,"53":null},"opera":{"9":null,"9.5-9.6":null,"10.0-10.1":0,"10.5":null,"10.6":null,"11":null,"11.1":null,"11.5":null,"11.6":null,"12":null,"12.1":null,"15":null,"16":null,"17":null,"18":null,"19":null,"20":null,"21":null,"22":null,"23":null,"24":null,"25":null,"26":null,"27":null,"28":null,"29":null,"30":null,"31":null,"32":null,"33":null,"34":null,"35":null,"36":null,"37":null,"38":null,"39":null,"40":null,"41":0.160884,"42":null,"43":null,"44":null},"safari":{"3.1":null,"3.2":null,"4":0,"5":0.053628,"5.1":0.125132,"6":0.008938,"6.1":null,"7":null,"7.1":0.017876,"8":0.071504,"9":0.062566,"9.1":0.679288,"10":1.841228,"0":null},"ios_saf":{"3.2":0,"4.0-4.1":0,"4.2-4.3":0,"5.0-5.1":0,"6.0-6.1":0,"7.0-7.1":0.0474008961884,"8":0,"8.1-8.4":0.0719579869848,"9.0-9.2":0.0482575388906,"9.3":0.305821444685,"10.0-10.2":2.29094813325},"android":{"2.1":0,"2.2":0,"2.3":0,"3":0,"4":0.0066585785473,"4.1":0.0218781866554,"4.2-4.3":0.0626449940878,"4.4":0.144450387669,"4.4.3-4.4.4":0.0861538530405,"53":null},"op_mob":{"10":0,"11":0,"11.1":0,"11.5":0,"12":0,"12.1":0,"0":0.00624763636364},"ie":{"5.5":null,"6":null,"7":null,"8":0.277078,"9":0.545218,"10":0.518404,"11":22.908094},"edge":{"12":0.151946,"13":0.125132,"14":2.341756,"15":null},"bb":{"7":0.001593,"10":null},"ie_mob":{"10":0.0186912,"11":0.0747648},"and_ff":{"0":null},"samsung":{"0":0.68499},"and_uc":{"0":0.0531},"op_mini":{"0":0.0818983636364},"and_chr":{"0":6.47979}},"total":99.438223}