{"id":"VI","name":"Virgin Islands (US)","month":"2016-12","access_date":"2017-01-17","data":{"chrome":{"4":null,"5":null,"6":null,"7":null,"8":null,"9":null,"10":null,"11":0.010386,"12":null,"13":null,"14":null,"15":null,"16":null,"17":null,"18":0.025965,"19":null,"20":null,"21":null,"22":0.005193,"23":null,"24":null,"25":null,"26":null,"27":null,"28":0.005193,"29":null,"30":null,"31":null,"32":0.005193,"33":null,"34":0.005193,"35":0.010386,"36":0.072702,"37":0.010386,"38":0.015579,"39":0.015579,"40":0.005193,"41":0.025965,"42":0.020772,"43":0.10386,"44":0.109053,"45":0.010386,"46":0.015579,"47":0.025965,"48":0.233685,"49":1.0386,"50":0.041544,"51":0.249264,"52":0.456984,"53":0.57123,"54":11.689443,"55":11.653092,"56":0.218106,"57":0.036351,"58":null},"firefox":{"2":0.005193,"3":null,"3.5":null,"3.6":0.005193,"4":null,"5":null,"6":null,"7":null,"8":null,"9":null,"10":0.015579,"11":null,"12":0.005193,"13":null,"14":null,"15":0.020772,"16":null,"17":null,"18":null,"19":null,"20":null,"21":0.010386,"22":null,"23":null,"24":null,"25":null,"26":null,"27":null,"28":null,"29":null,"30":0.010386,"31":null,"32":0.010386,"33":null,"34":null,"35":null,"36":null,"37":0.005193,"38":0.015579,"39":null,"40":0.010386,"41":0.010386,"42":0.005193,"43":0.057123,"44":null,"45":0.041544,"46":0.010386,"47":0.249264,"48":0.129825,"49":0.181755,"50":5.494194,"51":0.041544,"52":null,"53":null},"opera":{"9":null,"9.5-9.6":null,"10.0-10.1":0,"10.5":null,"10.6":null,"11":null,"11.1":null,"11.5":null,"11.6":null,"12":null,"12.1":null,"15":null,"16":null,"17":null,"18":null,"19":null,"20":null,"21":null,"22":null,"23":null,"24":null,"25":null,"26":null,"27":null,"28":0.010386,"29":null,"30":null,"31":null,"32":null,"33":null,"34":null,"35":null,"36":null,"37":null,"38":0.015579,"39":null,"40":null,"41":0.05193,"42":0.020772,"43":null,"44":null},"safari":{"3.1":null,"3.2":null,"4":0.010386,"5":0.015579,"5.1":0.140211,"6":null,"6.1":0.057123,"7":0.025965,"7.1":0.015579,"8":0.249264,"9":1.023021,"9.1":0.955512,"10":2.290113,"0":null},"ios_saf":{"3.2":0,"4.0-4.1":0,"4.2-4.3":0,"5.0-5.1":0,"6.0-6.1":0,"7.0-7.1":0.429931803739,"8":0,"8.1-8.4":0.652667557484,"9.0-9.2":0.437701655614,"9.3":2.77383711931,"10.0-10.2":20.7791738639},"android":{"2.1":0,"2.2":0,"2.3":0,"3":0,"4":0.0231763171453,"4.1":0.0761507563345,"4.2-4.3":0.218046575591,"4.4":0.502784186233,"4.4.3-4.4.4":0.299873164696,"53":null},"op_mob":{"10":0,"11":0,"11.1":0,"11.5":0,"12":0,"12.1":0,"0":0.00204427118644},"ie":{"5.5":null,"6":null,"7":0.005193,"8":0.114246,"9":0.368703,"10":0.140211,"11":6.621075},"edge":{"12":0.181755,"13":0.669897,"14":4.595805,"15":null},"bb":{"7":0.009614,"10":null},"ie_mob":{"10":0.067298,"11":0.269192},"and_ff":{"0":0.033649},"samsung":{"0":4.821421},"and_uc":{"0":0.067298},"op_mini":{"0":0.0267977288136},"and_chr":{"0":16.638818}},"total":98.730067}