{"id":"VN","name":"Viet Nam","month":"2016-12","access_date":"2017-01-17","data":{"chrome":{"4":null,"5":null,"6":null,"7":null,"8":null,"9":null,"10":null,"11":0.017955,"12":null,"13":null,"14":null,"15":null,"16":null,"17":0.01197,"18":0.005985,"19":0.005985,"20":0.005985,"21":0.005985,"22":0.02394,"23":0.01197,"24":null,"25":null,"26":0.01197,"27":null,"28":0.01197,"29":0.02394,"30":0.005985,"31":0.03591,"32":0.02394,"33":0.01197,"34":0.02394,"35":0.005985,"36":0.029925,"37":0.01197,"38":0.03591,"39":0.04788,"40":0.01197,"41":0.077805,"42":0.03591,"43":0.293265,"44":0.07182,"45":0.065835,"46":0.26334,"47":0.125685,"48":0.161595,"49":2.38203,"50":0.377055,"51":2.29824,"52":0.377055,"53":0.436905,"54":10.79694,"55":14.561505,"56":0.1197,"57":0.03591,"58":null},"firefox":{"2":null,"3":0.03591,"3.5":0.005985,"3.6":0.017955,"4":null,"5":0.005985,"6":0.005985,"7":null,"8":null,"9":null,"10":null,"11":null,"12":0.01197,"13":null,"14":null,"15":0.005985,"16":null,"17":null,"18":null,"19":0.005985,"20":0.005985,"21":null,"22":0.01197,"23":0.005985,"24":null,"25":null,"26":null,"27":null,"28":null,"29":0.01197,"30":0.005985,"31":null,"32":null,"33":0.017955,"34":null,"35":0.017955,"36":0.029925,"37":0.01197,"38":0.113715,"39":0.05985,"40":0.02394,"41":0.017955,"42":0.029925,"43":0.233415,"44":0.03591,"45":0.15561,"46":0.19152,"47":0.87381,"48":0.436905,"49":0.161595,"50":3.249855,"51":0.05985,"52":0.005985,"53":null},"opera":{"9":null,"9.5-9.6":null,"10.0-10.1":0,"10.5":null,"10.6":null,"11":null,"11.1":null,"11.5":null,"11.6":null,"12":null,"12.1":0.01197,"15":null,"16":null,"17":null,"18":null,"19":null,"20":null,"21":null,"22":null,"23":null,"24":null,"25":null,"26":null,"27":null,"28":null,"29":null,"30":null,"31":null,"32":null,"33":null,"34":null,"35":null,"36":0.005985,"37":0.017955,"38":0.3591,"39":null,"40":0.005985,"41":0.10773,"42":0.07182,"43":null,"44":null},"safari":{"3.1":null,"3.2":null,"4":0.017955,"5":0.01197,"5.1":0.017955,"6":null,"6.1":0.005985,"7":0.041895,"7.1":0.005985,"8":0.08379,"9":0.101745,"9.1":0.281295,"10":0.676305,"0":null},"ios_saf":{"3.2":0,"4.0-4.1":0,"4.2-4.3":0,"5.0-5.1":0,"6.0-6.1":0,"7.0-7.1":0.251209698172,"8":0,"8.1-8.4":0.381354481562,"9.0-9.2":0.255749632476,"9.3":1.62075654664,"10.0-10.2":12.1412976412},"android":{"2.1":0,"2.2":0,"2.3":0,"3":0,"4":0.0395562432432,"4.1":0.129970513514,"4.2-4.3":0.372151594595,"4.4":0.858128297297,"4.4.3-4.4.4":0.511809351351,"53":null},"op_mob":{"10":0,"11":0,"11.1":0,"11.5":0,"12":0,"12.1":0,"0":0.0367194822804},"ie":{"5.5":null,"6":0.0133511538462,"7":0.0133511538462,"8":0.480641538462,"9":0.126835961538,"10":0.267023076923,"11":0.834447115385},"edge":{"12":0.041895,"13":0.161595,"14":0.305235,"15":null},"bb":{"7":0.073292,"10":null},"ie_mob":{"10":0.2401568,"11":0.9606272},"and_ff":{"0":0.024096},"samsung":{"0":1.44576},"and_uc":{"0":1.329296},"op_mini":{"0":0.48134451772},"and_chr":{"0":18.93965}},"total":82.891661}