{"id":"VU","name":"Vanuatu","month":"2016-12","access_date":"2017-01-17","data":{"chrome":{"4":null,"5":null,"6":null,"7":null,"8":null,"9":null,"10":null,"11":0.0052,"12":null,"13":null,"14":null,"15":null,"16":null,"17":null,"18":0.0104,"19":null,"20":null,"21":null,"22":null,"23":null,"24":0.0468,"25":0.0052,"26":null,"27":0.0104,"28":0.0104,"29":null,"30":null,"31":0.0104,"32":null,"33":0.0052,"34":0.0208,"35":null,"36":0.1508,"37":null,"38":0.0312,"39":null,"40":0.0104,"41":0.0208,"42":0.0104,"43":0.1456,"44":0.026,"45":0.1508,"46":0.0208,"47":0.052,"48":0.0156,"49":0.6708,"50":0.0416,"51":0.2704,"52":0.2184,"53":0.3172,"54":10.9564,"55":9.8852,"56":0.0572,"57":0.0104,"58":null},"firefox":{"2":null,"3":null,"3.5":0.0312,"3.6":0.0728,"4":null,"5":null,"6":0.0676,"7":null,"8":null,"9":null,"10":0.0104,"11":null,"12":0.0156,"13":null,"14":0.0208,"15":0.0104,"16":0.0416,"17":null,"18":0.1352,"19":null,"20":0.0364,"21":0.0208,"22":null,"23":null,"24":0.0208,"25":0.0052,"26":null,"27":null,"28":null,"29":0.0572,"30":null,"31":null,"32":0.0988,"33":null,"34":0.0676,"35":0.052,"36":null,"37":0.0104,"38":0.0832,"39":0.0156,"40":0.0832,"41":null,"42":0.0104,"43":0.286,"44":0.1872,"45":0.0624,"46":0.0312,"47":1.2012,"48":0.5148,"49":0.3484,"50":9.5524,"51":1.3156,"52":null,"53":null},"opera":{"9":null,"9.5-9.6":null,"10.0-10.1":0,"10.5":null,"10.6":null,"11":null,"11.1":null,"11.5":null,"11.6":null,"12":null,"12.1":null,"15":null,"16":null,"17":null,"18":null,"19":null,"20":null,"21":null,"22":null,"23":null,"24":null,"25":null,"26":null,"27":null,"28":null,"29":null,"30":null,"31":0.0156,"32":null,"33":null,"34":null,"35":null,"36":0.0156,"37":null,"38":null,"39":null,"40":0.0416,"41":0.1716,"42":0.026,"43":null,"44":null},"safari":{"3.1":null,"3.2":null,"4":0,"5":0.0104,"5.1":0.1248,"6":null,"6.1":0.0312,"7":0.0364,"7.1":null,"8":0.0104,"9":0.234,"9.1":0.6084,"10":1.1336,"0":null},"ios_saf":{"3.2":0,"4.0-4.1":0,"4.2-4.3":0,"5.0-5.1":0,"6.0-6.1":0,"7.0-7.1":0.0759521931619,"8":0,"8.1-8.4":0.11530091974,"9.0-9.2":0.0773248231588,"9.3":0.490028908894,"10.0-10.2":3.67087015505},"android":{"2.1":0,"2.2":0,"2.3":0,"3":0,"4":0.146274249578,"4.1":0.48061539147,"4.2-4.3":1.37617202154,"4.4":3.17325565921,"4.4.3-4.4.4":1.89260967821,"53":null},"op_mob":{"10":0,"11":0,"11.1":0,"11.5":0,"12":0,"12.1":0,"0":0.0153065177196},"ie":{"5.5":null,"6":null,"7":0.00526474708171,"8":1.77948451362,"9":0.273766848249,"10":0.315884824903,"11":4.39079906615},"edge":{"12":0.2704,"13":0.4784,"14":1.6692,"15":null},"bb":{"7":0.00119975,"10":null},"ie_mob":{"10":0.0652664,"11":0.2610656},"and_ff":{"0":1.790027},"samsung":{"0":2.433093},"and_uc":{"0":0.67186},"op_mini":{"0":0.20064848228},"and_chr":{"0":32.950027}},"total":99.18289775}