{"id":"WF","name":"Wallis and Futuna","month":"2016-12","access_date":"2017-01-17","data":{"chrome":{"4":null,"5":null,"6":null,"7":null,"8":null,"9":null,"10":null,"11":null,"12":null,"13":null,"14":null,"15":null,"16":null,"17":null,"18":null,"19":null,"20":null,"21":null,"22":null,"23":0.044512,"24":null,"25":null,"26":null,"27":0.065056,"28":null,"29":null,"30":null,"31":0.109568,"32":null,"33":null,"34":0.044512,"35":null,"36":null,"37":null,"38":null,"39":null,"40":null,"41":null,"42":null,"43":0.020544,"44":null,"45":null,"46":null,"47":null,"48":null,"49":1.992768,"50":null,"51":0.089024,"52":0.773824,"53":0.065056,"54":8.104608,"55":5.560576,"56":null,"57":null,"58":null},"firefox":{"2":null,"3":0.044512,"3.5":null,"3.6":null,"4":null,"5":null,"6":null,"7":null,"8":null,"9":null,"10":null,"11":null,"12":null,"13":null,"14":null,"15":null,"16":null,"17":0.020544,"18":null,"19":null,"20":null,"21":null,"22":null,"23":null,"24":null,"25":null,"26":null,"27":null,"28":null,"29":null,"30":null,"31":null,"32":null,"33":null,"34":null,"35":null,"36":null,"37":0.065056,"38":0.575232,"39":0.020544,"40":null,"41":null,"42":null,"43":0.089024,"44":null,"45":1.328512,"46":null,"47":0.020544,"48":0.065056,"49":0.267072,"50":9.368064,"51":null,"52":null,"53":null},"opera":{"9":null,"9.5-9.6":null,"10.0-10.1":0,"10.5":null,"10.6":null,"11":null,"11.1":null,"11.5":null,"11.6":null,"12":null,"12.1":null,"15":null,"16":null,"17":null,"18":null,"19":null,"20":null,"21":null,"22":null,"23":null,"24":null,"25":null,"26":null,"27":null,"28":null,"29":null,"30":null,"31":null,"32":null,"33":null,"34":null,"35":null,"36":null,"37":null,"38":null,"39":null,"40":null,"41":0.15408,"42":0.37664,"43":null,"44":null},"safari":{"3.1":null,"3.2":null,"4":0.020544,"5":0.020544,"5.1":0.089024,"6":null,"6.1":0.020544,"7":null,"7.1":null,"8":null,"9":0.75328,"9.1":0.688224,"10":0.243104,"0":null},"ios_saf":{"3.2":0,"4.0-4.1":0,"4.2-4.3":0,"5.0-5.1":0,"6.0-6.1":0,"7.0-7.1":0.0363082689805,"8":0,"8.1-8.4":0.0551185770065,"9.0-9.2":0.0369644425163,"9.3":0.234253952278,"10.0-10.2":1.75482675922},"android":{"2.1":0,"2.2":0,"2.3":0,"3":0,"4":0.0263984189189,"4.1":0.0867376621622,"4.2-4.3":0.248360635135,"4.4":0.572684067568,"4.4.3-4.4.4":0.341563216216,"53":null},"op_mob":{"10":0,"11":0,"11.1":0,"11.5":0,"12":0,"12.1":0,"0":0.00186438212635},"ie":{"5.5":null,"6":null,"7":null,"8":0.044512,"9":0.044512,"10":null,"11":2.146848},"edge":{"12":null,"13":0.109568,"14":0.089024,"15":null},"bb":{"7":0,"10":null},"ie_mob":{"10":0.6891648,"11":2.7566592},"and_ff":{"0":0.026304},"samsung":{"0":29.447328},"and_uc":{"0":0.026304},"op_mini":{"0":0.0244396178737},"and_chr":{"0":26.876896}},"total":96.776832}