{"id":"WS","name":"Samoa","month":"2016-12","access_date":"2017-01-17","data":{"chrome":{"4":null,"5":null,"6":null,"7":null,"8":null,"9":null,"10":null,"11":null,"12":null,"13":null,"14":0.0136,"15":null,"16":0.00544,"17":null,"18":0.04624,"19":null,"20":null,"21":0.01904,"22":null,"23":null,"24":0.0544,"25":0.00816,"26":null,"27":0.01904,"28":null,"29":0.00544,"30":0.01904,"31":null,"32":null,"33":0.0136,"34":0.03264,"35":null,"36":null,"37":null,"38":null,"39":null,"40":0.00816,"41":null,"42":null,"43":null,"44":0.04896,"45":0.02992,"46":null,"47":0.07072,"48":0.01904,"49":1.0064,"50":0.04896,"51":0.03536,"52":0.1224,"53":0.19312,"54":6.50352,"55":5.13264,"56":0.0136,"57":null,"58":null},"firefox":{"2":null,"3":0.05168,"3.5":null,"3.6":null,"4":0.12512,"5":0.01904,"6":0.02992,"7":null,"8":null,"9":0.00544,"10":null,"11":0.01904,"12":0.0136,"13":null,"14":null,"15":null,"16":0.00544,"17":null,"18":0.00544,"19":0.02176,"20":null,"21":0.02176,"22":null,"23":null,"24":0.00544,"25":null,"26":0.0136,"27":null,"28":null,"29":null,"30":0.01632,"31":null,"32":null,"33":0.02448,"34":null,"35":0.07344,"36":null,"37":1.04176,"38":0.02992,"39":0.02992,"40":0.00816,"41":0.0544,"42":0.71808,"43":0.13328,"44":0.1904,"45":0.0952,"46":0.00816,"47":0.35904,"48":0.0544,"49":0.2312,"50":3.4544,"51":0.0544,"52":null,"53":null},"opera":{"9":null,"9.5-9.6":null,"10.0-10.1":0,"10.5":null,"10.6":null,"11":null,"11.1":null,"11.5":null,"11.6":null,"12":null,"12.1":null,"15":null,"16":null,"17":null,"18":null,"19":null,"20":null,"21":null,"22":null,"23":null,"24":null,"25":null,"26":null,"27":null,"28":null,"29":null,"30":null,"31":null,"32":null,"33":0.03536,"34":null,"35":null,"36":null,"37":0.00816,"38":null,"39":null,"40":null,"41":0.0136,"42":null,"43":null,"44":null},"safari":{"3.1":null,"3.2":null,"4":0,"5":null,"5.1":0.00816,"6":null,"6.1":0.01632,"7":0.00544,"7.1":null,"8":0.05168,"9":0.14144,"9.1":0.21216,"10":1.9856,"0":null},"ios_saf":{"3.2":0,"4.0-4.1":0,"4.2-4.3":0,"5.0-5.1":0,"6.0-6.1":0,"7.0-7.1":0.0253405061461,"8":0,"8.1-8.4":0.0384687201735,"9.0-9.2":0.0257984671005,"9.3":0.163492060738,"10.0-10.2":1.22474024584},"android":{"2.1":0,"2.2":0,"2.3":0,"3":0,"4":0.00557375,"4.1":0.01831375,"4.2-4.3":0.05243875,"4.4":0.12091625,"4.4.3-4.4.4":0.0721175,"53":null},"op_mob":{"10":0,"11":0,"11.1":0,"11.5":0,"12":0,"12.1":0,"0":2.59235303544},"ie":{"5.5":null,"6":null,"7":0.00544,"8":0.24752,"9":0.3128,"10":0.22032,"11":2.28752},"edge":{"12":0.08976,"13":0.2312,"14":0.20944,"15":null},"bb":{"7":0,"10":null},"ie_mob":{"10":0.001456,"11":0.005824},"and_ff":{"0":null},"samsung":{"0":0.52416},"and_uc":{"0":29.9208},"op_mini":{"0":33.9823669646},"and_chr":{"0":4.1072}},"total":99.34696}