{"id":"YE","name":"Yemen","month":"2016-12","access_date":"2017-01-17","data":{"chrome":{"4":null,"5":0.006086,"6":0.003043,"7":null,"8":0.015215,"9":null,"10":0.006086,"11":0.085204,"12":0.009129,"13":0.018258,"14":0.012172,"15":0.027387,"16":0.003043,"17":0.042602,"18":0.036516,"19":0.033473,"20":0.021301,"21":0.006086,"22":0.100419,"23":0.042602,"24":0.085204,"25":0.033473,"26":0.015215,"27":0.03043,"28":0.066946,"29":0.024344,"30":0.112591,"31":0.322558,"32":0.246483,"33":0.222139,"34":0.045645,"35":0.069989,"36":0.051731,"37":0.073032,"38":0.073032,"39":0.21301,"40":0.158236,"41":0.109548,"42":0.027387,"43":0.237354,"44":0.127806,"45":0.188666,"46":0.130849,"47":0.255612,"48":0.158236,"49":1.104609,"50":0.115634,"51":0.337773,"52":0.298214,"53":0.556869,"54":5.866904,"55":5.483486,"56":0.021301,"57":0.006086,"58":null},"firefox":{"2":0.021301,"3":0.021301,"3.5":0.009129,"3.6":0.012172,"4":0.009129,"5":0.009129,"6":0.051731,"7":0.003043,"8":0.006086,"9":0.012172,"10":0.024344,"11":0.021301,"12":0.079118,"13":0.073032,"14":0.012172,"15":0.115634,"16":0.027387,"17":0.015215,"18":0.079118,"19":0.024344,"20":0.012172,"21":0.097376,"22":0.015215,"23":0.06086,"24":0.039559,"25":0.079118,"26":0.057817,"27":0.036516,"28":0.024344,"29":0.042602,"30":0.112591,"31":0.03043,"32":0.073032,"33":0.073032,"34":0.06086,"35":0.103462,"36":0.225182,"37":0.039559,"38":0.039559,"39":0.112591,"40":0.079118,"41":0.167365,"42":0.09129,"43":0.532525,"44":0.374289,"45":0.389504,"46":0.12172,"47":0.654245,"48":0.343859,"49":0.410805,"50":3.484235,"51":0.115634,"52":0.006086,"53":null},"opera":{"9":null,"9.5-9.6":null,"10.0-10.1":0.006086,"10.5":null,"10.6":null,"11":null,"11.1":null,"11.5":null,"11.6":null,"12":null,"12.1":null,"15":null,"16":null,"17":null,"18":0.015215,"19":0.003043,"20":0.009129,"21":null,"22":null,"23":null,"24":null,"25":0.006086,"26":null,"27":null,"28":0.009129,"29":0.039559,"30":0.009129,"31":0.006086,"32":0.006086,"33":0.024344,"34":0.027387,"35":0.021301,"36":0.006086,"37":0.069989,"38":0.021301,"39":0.024344,"40":0.027387,"41":0.130849,"42":0.009129,"43":null,"44":null},"safari":{"3.1":null,"3.2":null,"4":0.003043,"5":0.033473,"5.1":0.015215,"6":null,"6.1":null,"7":0.006086,"7.1":null,"8":0.042602,"9":0.027387,"9.1":0.024344,"10":0.06086,"0":null},"ios_saf":{"3.2":0,"4.0-4.1":0,"4.2-4.3":0,"5.0-5.1":0,"6.0-6.1":0,"7.0-7.1":0.0815837273009,"8":0,"8.1-8.4":0.123849995662,"9.0-9.2":0.0830581320112,"9.3":0.526362481562,"10.0-10.2":3.94304966346},"android":{"2.1":0,"2.2":0,"2.3":0,"3":0,"4":0.4074870625,"4.1":1.3388860625,"4.2-4.3":3.8337048125,"4.4":8.8399744375,"4.4.3-4.4.4":5.272383625,"53":null},"op_mob":{"10":0,"11":0,"11.1":0,"11.5":0,"12":0,"12.1":0,"0":0.348078668721},"ie":{"5.5":null,"6":null,"7":null,"8":0.295471956044,"9":0.106872835165,"10":0.138306021978,"11":0.603517186813},"edge":{"12":0.051731,"13":0.069989,"14":0.033473,"15":null},"bb":{"7":0.008695,"10":null},"ie_mob":{"10":0.020868,"11":0.083472},"and_ff":{"0":0.090428},"samsung":{"0":2.768488},"and_uc":{"0":6.879484},"op_mini":{"0":4.56285733128},"and_chr":{"0":31.543564}},"total":98.812735}