{"id":"YT","name":"Mayotte","month":"2016-12","access_date":"2017-01-17","data":{"chrome":{"4":null,"5":null,"6":null,"7":null,"8":null,"9":null,"10":0.027968,"11":0.06992,"12":null,"13":null,"14":null,"15":null,"16":null,"17":null,"18":0.027968,"19":null,"20":null,"21":null,"22":null,"23":null,"24":0.048944,"25":null,"26":null,"27":0.006992,"28":null,"29":null,"30":null,"31":null,"32":0.006992,"33":0.020976,"34":0.013984,"35":0.027968,"36":0.531392,"37":0.006992,"38":0.020976,"39":null,"40":0.27968,"41":null,"42":0.020976,"43":0.111872,"44":0.020976,"45":0.013984,"46":0.24472,"47":0.020976,"48":0.055936,"49":0.692208,"50":0.24472,"51":0.636272,"52":0.398544,"53":0.160816,"54":17.193328,"55":18.291072,"56":0.146832,"57":0.03496,"58":null},"firefox":{"2":null,"3":0.013984,"3.5":null,"3.6":null,"4":null,"5":null,"6":null,"7":0.020976,"8":null,"9":null,"10":null,"11":null,"12":0.006992,"13":null,"14":null,"15":null,"16":0.027968,"17":0.776112,"18":0.013984,"19":null,"20":null,"21":null,"22":null,"23":null,"24":0.013984,"25":null,"26":null,"27":null,"28":null,"29":null,"30":null,"31":0.013984,"32":null,"33":0.006992,"34":0.013984,"35":0.013984,"36":0.048944,"37":0.055936,"38":0.13984,"39":0.013984,"40":0.125856,"41":0.06992,"42":0.062928,"43":0.041952,"44":0.027968,"45":0.048944,"46":0.055936,"47":0.3496,"48":0.188784,"49":0.412528,"50":11.43192,"51":0.020976,"52":0.048944,"53":null},"opera":{"9":null,"9.5-9.6":null,"10.0-10.1":0,"10.5":null,"10.6":null,"11":null,"11.1":null,"11.5":null,"11.6":null,"12":null,"12.1":null,"15":null,"16":null,"17":null,"18":null,"19":null,"20":null,"21":null,"22":null,"23":null,"24":null,"25":null,"26":null,"27":null,"28":null,"29":null,"30":null,"31":null,"32":null,"33":null,"34":null,"35":null,"36":0.027968,"37":null,"38":null,"39":null,"40":0.328624,"41":0.412528,"42":0.307648,"43":null,"44":null},"safari":{"3.1":null,"3.2":null,"4":0,"5":null,"5.1":0.097888,"6":null,"6.1":0.006992,"7":null,"7.1":null,"8":0.027968,"9":0.055936,"9.1":0.293664,"10":2.300368,"0":null},"ios_saf":{"3.2":0,"4.0-4.1":0,"4.2-4.3":0,"5.0-5.1":0,"6.0-6.1":0,"7.0-7.1":0.0505465798988,"8":0,"8.1-8.4":0.076733362256,"9.0-9.2":0.0514600723066,"9.3":0.326116789588,"10.0-10.2":2.44298319595},"android":{"2.1":0,"2.2":0,"2.3":0,"3":0,"4":0.055520972973,"4.1":0.182426054054,"4.2-4.3":0.522350378378,"4.4":1.20446518919,"4.4.3-4.4.4":0.718373405405,"53":null},"op_mob":{"10":0,"11":0,"11.1":0,"11.5":0,"12":0,"12.1":0,"0":0.0857071432974},"ie":{"5.5":null,"6":0.020976,"7":0.006992,"8":0.146832,"9":0.118864,"10":0.160816,"11":3.090464},"edge":{"12":0.342608,"13":1.132704,"14":2.475168,"15":null},"bb":{"7":0.036848,"10":null},"ie_mob":{"10":0.1449856,"11":0.5799424},"and_ff":{"0":0.021056},"samsung":{"0":2.117632},"and_uc":{"0":0.306816},"op_mini":{"0":1.1235088567},"and_chr":{"0":23.271344}},"total":98.120672}