{"id":"ZA","name":"South Africa","month":"2016-12","access_date":"2017-01-17","data":{"chrome":{"4":null,"5":null,"6":null,"7":null,"8":null,"9":null,"10":null,"11":0.024514,"12":0.001751,"13":null,"14":null,"15":null,"16":null,"17":null,"18":0.005253,"19":null,"20":null,"21":0.012257,"22":0.005253,"23":null,"24":null,"25":0.003502,"26":0.028016,"27":null,"28":0.005253,"29":0.003502,"30":0.003502,"31":0.021012,"32":0.012257,"33":0.014008,"34":0.008755,"35":0.012257,"36":0.042024,"37":0.005253,"38":0.014008,"39":0.01751,"40":0.066538,"41":0.014008,"42":0.007004,"43":0.038522,"44":0.021012,"45":0.01751,"46":0.010506,"47":0.021012,"48":0.019261,"49":0.421991,"50":0.03502,"51":0.077044,"52":0.084048,"53":0.085799,"54":4.473805,"55":3.206081,"56":0.026265,"57":0.008755,"58":null},"firefox":{"2":null,"3":0.008755,"3.5":null,"3.6":0.007004,"4":null,"5":null,"6":null,"7":null,"8":null,"9":null,"10":0.001751,"11":0.001751,"12":0.005253,"13":null,"14":null,"15":0.001751,"16":0.001751,"17":null,"18":null,"19":0.021012,"20":0.005253,"21":0.001751,"22":0.001751,"23":null,"24":null,"25":0.003502,"26":null,"27":null,"28":0.001751,"29":0.005253,"30":0.005253,"31":0.003502,"32":null,"33":0.003502,"34":0.022763,"35":0.003502,"36":0.012257,"37":0.005253,"38":0.012257,"39":0.012257,"40":0.021012,"41":0.007004,"42":0.010506,"43":0.049028,"44":0.021012,"45":0.031518,"46":0.021012,"47":0.099807,"48":0.071791,"49":0.103309,"50":1.589908,"51":0.08755,"52":0.003502,"53":0.001751},"opera":{"9":null,"9.5-9.6":null,"10.0-10.1":0,"10.5":null,"10.6":null,"11":null,"11.1":null,"11.5":null,"11.6":0.010506,"12":null,"12.1":0.239887,"15":null,"16":null,"17":null,"18":null,"19":null,"20":null,"21":null,"22":null,"23":null,"24":null,"25":null,"26":null,"27":null,"28":0.001751,"29":null,"30":0.005253,"31":null,"32":0.001751,"33":0.001751,"34":0.003502,"35":0.005253,"36":0.010506,"37":0.05253,"38":0.005253,"39":0.003502,"40":0.005253,"41":0.12257,"42":0.043775,"43":null,"44":null},"safari":{"3.1":null,"3.2":null,"4":0,"5":0.005253,"5.1":0.015759,"6":0.005253,"6.1":0.010506,"7":0.012257,"7.1":0.040273,"8":0.040273,"9":0.043775,"9.1":0.147084,"10":0.360706,"0":null},"ios_saf":{"3.2":0,"4.0-4.1":0,"4.2-4.3":0,"5.0-5.1":0,"6.0-6.1":0,"7.0-7.1":0.0792094866233,"8":0,"8.1-8.4":0.120245726681,"9.0-9.2":0.0806409833695,"9.3":0.511044338395,"10.0-10.2":3.82829946493},"android":{"2.1":0,"2.2":0,"2.3":0,"3":0,"4":0.0614494763514,"4.1":0.201905422297,"4.2-4.3":0.578126706081,"4.4":1.33307741554,"4.4.3-4.4.4":0.79508097973,"53":null},"op_mob":{"10":0,"11":0,"11.1":0,"11.5":0,"12":0,"12.1":0,"0":2.94032999384},"ie":{"5.5":null,"6":0.00701652205006,"7":0.0210495661502,"8":0.222774575089,"9":0.180675442789,"10":0.203479139452,"11":2.30843575447},"edge":{"12":0.057783,"13":0.155839,"14":0.528802,"15":null},"bb":{"7":0.725912,"10":null},"ie_mob":{"10":0.2788162,"11":1.1152648},"and_ff":{"0":0.024747},"samsung":{"0":7.34161},"and_uc":{"0":2.30972},"op_mini":{"0":38.5438910062},"and_chr":{"0":20.062914}},"total":96.953935}