{"id":"ZM","name":"Zambia","month":"2016-12","access_date":"2017-01-17","data":{"chrome":{"4":null,"5":null,"6":null,"7":null,"8":null,"9":null,"10":null,"11":0.014115,"12":0.001882,"13":null,"14":null,"15":null,"16":null,"17":null,"18":null,"19":0.000941,"20":0.000941,"21":0.002823,"22":0.000941,"23":0.001882,"24":null,"25":0.005646,"26":0.012233,"27":null,"28":0.002823,"29":0.001882,"30":null,"31":0.017879,"32":0.008469,"33":0.020702,"34":0.001882,"35":0.001882,"36":0.027289,"37":0.000941,"38":0.007528,"39":0.008469,"40":0.013174,"41":0.000941,"42":0.004705,"43":0.04705,"44":0.006587,"45":0.035758,"46":0.006587,"47":0.007528,"48":0.012233,"49":0.135504,"50":0.057401,"51":0.048932,"52":0.090336,"53":0.045168,"54":1.805779,"55":1.465137,"56":0.015056,"57":0.004705,"58":null},"firefox":{"2":0.002823,"3":0.010351,"3.5":0.002823,"3.6":0.008469,"4":0.007528,"5":0.006587,"6":0.002823,"7":0.001882,"8":0.006587,"9":0.001882,"10":0.004705,"11":0.003764,"12":0.011292,"13":0.003764,"14":0.007528,"15":0.007528,"16":0.010351,"17":0.036699,"18":0.005646,"19":0.00941,"20":0.014115,"21":0.008469,"22":0.004705,"23":0.005646,"24":0.002823,"25":0.002823,"26":0.007528,"27":0.002823,"28":0.003764,"29":0.015997,"30":0.010351,"31":0.00941,"32":0.004705,"33":0.006587,"34":0.015997,"35":0.008469,"36":0.007528,"37":0.017879,"38":0.017879,"39":0.015056,"40":0.013174,"41":0.00941,"42":0.010351,"43":0.087513,"44":0.060224,"45":0.036699,"46":0.019761,"47":0.198551,"48":0.086572,"49":0.15056,"50":1.337161,"51":0.162793,"52":0.002823,"53":null},"opera":{"9":null,"9.5-9.6":0.002823,"10.0-10.1":0.000941,"10.5":null,"10.6":0.000941,"11":0.002823,"11.1":0.003764,"11.5":0.003764,"11.6":0.007528,"12":0.006587,"12.1":0.013174,"15":0.001882,"16":0.000941,"17":0.000941,"18":null,"19":null,"20":0.000941,"21":0.001882,"22":0.001882,"23":null,"24":null,"25":null,"26":null,"27":null,"28":0.002823,"29":0.003764,"30":0.002823,"31":null,"32":0.000941,"33":0.000941,"34":0.005646,"35":0.008469,"36":0.012233,"37":0.061165,"38":0.007528,"39":0.005646,"40":0.014115,"41":0.228663,"42":0.102569,"43":0.000941,"44":null},"safari":{"3.1":null,"3.2":null,"4":0,"5":0.003764,"5.1":0.006587,"6":0.001882,"6.1":0.006587,"7":0.004705,"7.1":0.012233,"8":0.030112,"9":0.013174,"9.1":0.057401,"10":0.148678,"0":null},"ios_saf":{"3.2":0,"4.0-4.1":0,"4.2-4.3":0,"5.0-5.1":0,"6.0-6.1":0,"7.0-7.1":0.0114934895155,"8":0,"8.1-8.4":0.0174479479393,"9.0-9.2":0.0117012031815,"9.3":0.0741537787419,"10.0-10.2":0.555495580622},"android":{"2.1":0,"2.2":0,"2.3":0,"3":0,"4":0.0537933505068,"4.1":0.176749580236,"4.2-4.3":0.506096624155,"4.4":1.16698635895,"4.4.3-4.4.4":0.696020086149,"53":null},"op_mob":{"10":0,"11":0,"11.1":0,"11.5":0,"12":0,"12.1":0,"0":4.68414441911},"ie":{"5.5":null,"6":0.000947238674033,"7":0.00189447734807,"8":0.155347142541,"9":0.0473619337017,"10":0.087145958011,"11":0.564554249724},"edge":{"12":0.08469,"13":0.08469,"14":0.190082,"15":null},"bb":{"7":0.1381345,"10":null},"ie_mob":{"10":0.2681168,"11":1.0724672},"and_ff":{"0":0.018116},"samsung":{"0":1.22283},"and_uc":{"0":12.101488},"op_mini":{"0":61.4030235809},"and_chr":{"0":5.679439}},"total":98.3229335}