{"id":"ZW","name":"Zimbabwe","month":"2016-12","access_date":"2017-01-17","data":{"chrome":{"4":null,"5":null,"6":null,"7":null,"8":null,"9":null,"10":null,"11":0.0099,"12":null,"13":null,"14":null,"15":null,"16":0.00198,"17":null,"18":null,"19":0.00198,"20":null,"21":0.00198,"22":null,"23":null,"24":null,"25":0.0099,"26":0.00594,"27":0.00198,"28":0.00396,"29":0.01584,"30":0.00198,"31":0.01782,"32":0.03366,"33":0.00792,"34":0.02772,"35":0.00396,"36":0.05148,"37":0.02376,"38":0.00396,"39":0.01584,"40":0.0198,"41":0.01188,"42":0.00792,"43":0.19404,"44":0.01188,"45":0.03366,"46":0.01584,"47":0.0198,"48":0.02772,"49":0.2475,"50":0.02574,"51":0.10494,"52":0.19008,"53":0.1287,"54":4.36788,"55":3.53232,"56":0.0297,"57":0.01188,"58":null},"firefox":{"2":null,"3":0.03168,"3.5":0.00594,"3.6":0.00792,"4":0.00198,"5":0.00198,"6":null,"7":0.00198,"8":0.00396,"9":0.00396,"10":0.0099,"11":0.01584,"12":0.0099,"13":0.00792,"14":0.0099,"15":0.00792,"16":0.00594,"17":0.00198,"18":0.00594,"19":0.01188,"20":0.00594,"21":0.00792,"22":0.01188,"23":0.00198,"24":0.01386,"25":0.00594,"26":0.00396,"27":0.00792,"28":0.00792,"29":0.01584,"30":0.0198,"31":0.02178,"32":0.0099,"33":0.0198,"34":0.0099,"35":0.01188,"36":0.01386,"37":0.02376,"38":0.03564,"39":0.01584,"40":0.04158,"41":0.02376,"42":0.01584,"43":0.14652,"44":0.14256,"45":0.05544,"46":0.05544,"47":0.3267,"48":0.12078,"49":0.30294,"50":3.08484,"51":0.40986,"52":0.0099,"53":0.00198},"opera":{"9":null,"9.5-9.6":null,"10.0-10.1":0,"10.5":null,"10.6":null,"11":null,"11.1":null,"11.5":0.00396,"11.6":0.0099,"12":0.01188,"12.1":0.03366,"15":null,"16":0.00198,"17":0.00396,"18":0.00198,"19":null,"20":0.00396,"21":0.00396,"22":0.00198,"23":0.00198,"24":null,"25":null,"26":null,"27":null,"28":0.00594,"29":0.00594,"30":null,"31":0.00792,"32":0.03564,"33":0.00396,"34":0.00792,"35":0.01386,"36":0.03564,"37":0.07722,"38":0.0099,"39":0.01584,"40":0.0297,"41":0.5445,"42":0.19998,"43":0.01188,"44":null},"safari":{"3.1":null,"3.2":null,"4":0,"5":0.00396,"5.1":0.0297,"6":null,"6.1":0.00594,"7":0.0099,"7.1":0.00594,"8":0.02178,"9":0.0297,"9.1":0.07326,"10":0.21582,"0":null},"ios_saf":{"3.2":0,"4.0-4.1":0,"4.2-4.3":0,"5.0-5.1":0,"6.0-6.1":0,"7.0-7.1":0.0171877130462,"8":0,"8.1-8.4":0.0260921908894,"9.0-9.2":0.0174983343663,"9.3":0.11089181128,"10.0-10.2":0.830704950418},"android":{"2.1":0,"2.2":0,"2.3":0,"3":0,"4":0.0637185405405,"4.1":0.209360918919,"4.2-4.3":0.599474432432,"4.4":1.38230221622,"4.4.3-4.4.4":0.824439891892,"53":null},"op_mob":{"10":0,"11":0,"11.1":0,"11.5":0,"12":0,"12.1":0,"0":4.44979128814},"ie":{"5.5":null,"6":0.00398404163053,"7":0.00398404163053,"8":0.372507892454,"9":0.14740954033,"10":0.203186123157,"11":1.56373633998},"edge":{"12":0.18612,"13":0.15246,"14":0.33264,"15":null},"bb":{"7":0.04610925,"10":null},"ie_mob":{"10":0.2662308,"11":1.0649232},"and_ff":{"0":0.016038},"samsung":{"0":1.114641},"and_uc":{"0":4.8114},"op_mini":{"0":58.3309597119},"and_chr":{"0":5.696064}},"total":98.6977162292}